txn_id,timestamp,sender_id,receiver_id,amount,is_suspicious,decision,sender_risk
TXN002826762,2024-01-01 00:00:00.000000,ACC004062,ACC001741,95907.21,1,BLOCK,1.0
TXN002915186,2024-01-01 00:00:00.000000,ACC004524,ACC001082,69381.01,1,BLOCK,1.0
TXN002898136,2024-01-01 00:00:00.000000,ACC002104,ACC004512,80923.38,1,BLOCK,1.0
TXN002910345,2024-01-01 00:00:00.000000,ACC004741,ACC000126,181716.17,1,BLOCK,1.0
TXN002981333,2024-01-01 00:00:00.000000,ACC005922,ACC001936,99312.84,1,BLOCK,1.0
TXN002972469,2024-01-01 00:00:00.000000,ACC005889,ACC004225,86948.6,1,BLOCK,1.0
TXN002961685,2024-01-01 00:00:00.000000,ACC003523,ACC003675,110714.21,1,BLOCK,1.0
TXN002953840,2024-01-01 00:00:00.000000,ACC005231,ACC005891,149354.3,1,BLOCK,1.0
TXN002813910,2024-01-01 00:00:00.000000,ACC004864,ACC001369,47627.68,1,BLOCK,1.0
TXN002954842,2024-01-01 00:00:00.000000,ACC003369,ACC004679,91956.64,1,BLOCK,1.0
TXN002866048,2024-01-01 00:00:00.000000,ACC002578,ACC004449,100000.0,1,BLOCK,1.0
TXN002820328,2024-01-01 00:00:00.000000,ACC003557,ACC013840,41660.35,1,BLOCK,1.0
TXN002831873,2024-01-01 00:00:00.000000,ACC001618,ACC092111,46856.29,1,BLOCK,1.0
TXN002886637,2024-01-01 00:00:00.000000,ACC004919,ACC003427,94843.35,1,BLOCK,1.0
TXN002923816,2024-01-01 00:00:00.000000,ACC000198,ACC005321,39609.16,1,BLOCK,1.0
TXN002897666,2024-01-01 00:00:00.000000,ACC002657,ACC005618,30597.64,1,BLOCK,1.0
TXN002906071,2024-01-01 00:00:00.000000,ACC005490,ACC001810,26205.2,1,BLOCK,1.0
TXN002931640,2024-01-01 00:00:00.000000,ACC002151,ACC005282,62305.99,1,BLOCK,1.0
TXN002884664,2024-01-01 00:00:00.000000,ACC005123,ACC001824,32747.97,1,BLOCK,1.0
TXN002961342,2024-01-01 00:00:00.000000,ACC002813,ACC001516,46735.61,1,BLOCK,1.0
TXN002962924,2024-01-01 00:00:00.000000,ACC004369,ACC006635,42615.79,1,BLOCK,1.0
TXN002854901,2024-01-01 00:00:00.000000,ACC002956,ACC005750,100000.0,1,BLOCK,1.0
TXN002875802,2024-01-01 00:00:00.000000,ACC001339,ACC002384,68897.73,1,BLOCK,1.0
TXN002854976,2024-01-01 00:00:00.000000,ACC004104,ACC002425,52610.83,1,BLOCK,1.0
TXN002837565,2024-01-01 00:00:00.000000,ACC001834,ACC002433,88462.29,1,BLOCK,1.0
TXN002989624,2024-01-01 00:00:00.000000,ACC004663,ACC114044,47041.27,1,BLOCK,1.0
TXN002990046,2024-01-01 00:00:00.000000,ACC001534,ACC082184,39426.8,1,BLOCK,1.0
TXN002967879,2024-01-01 00:00:00.000000,ACC004565,ACC166101,45795.16,1,BLOCK,1.0
TXN002981416,2024-01-01 00:00:00.000000,ACC005741,ACC061419,43739.12,1,BLOCK,1.0
TXN002931132,2024-01-01 00:00:00.000000,ACC005706,ACC000452,14816.91,1,BLOCK,1.0
TXN002943944,2024-01-01 00:00:00.000000,ACC004398,ACC003186,95031.53,1,BLOCK,1.0
TXN002868362,2024-01-01 00:00:00.000000,ACC004706,ACC002874,80042.22,1,BLOCK,1.0
TXN002943886,2024-01-01 00:00:00.000000,ACC001771,ACC005373,43434.44,1,BLOCK,1.0
TXN002833904,2024-01-01 00:00:00.000000,ACC002468,ACC002881,85959.26,1,BLOCK,1.0
TXN002817958,2024-01-01 00:00:00.000000,ACC002431,ACC001838,100000.0,1,BLOCK,1.0
TXN002917756,2024-01-01 00:00:00.000000,ACC000883,ACC103881,45527.63,1,BLOCK,1.0
TXN002848090,2024-01-01 00:00:00.000000,ACC004362,ACC009917,45257.98,1,BLOCK,1.0
TXN002893322,2024-01-01 00:04:35.470575,ACC182059,ACC000222,1756.29,1,BLOCK,0.0
TXN002855846,2024-01-01 00:04:45.969090,ACC172268,ACC000699,11251.44,1,BLOCK,0.0
TXN002873381,2024-01-01 00:31:34.000000,ACC005875,ACC167208,4471.36,0,BLOCK,1.0
TXN002989225,2024-01-01 00:32:31.000000,ACC000855,ACC016080,2212.25,0,BLOCK,1.0
TXN002924252,2024-01-01 00:32:52.175205,ACC103612,ACC004683,11398.63,1,BLOCK,0.0
TXN002854021,2024-01-01 00:34:32.887062,ACC188510,ACC002077,1911.11,1,BLOCK,0.0
TXN002996237,2024-01-01 00:39:15.542616,ACC117269,ACC003652,1941.05,1,BLOCK,0.0
TXN002940352,2024-01-01 00:43:37.774389,ACC125827,ACC001309,10186.21,1,BLOCK,0.0
TXN002876587,2024-01-01 00:45:55.568931,ACC033021,ACC002828,13690.22,1,BLOCK,0.0
TXN002928700,2024-01-01 00:46:42.000000,ACC000874,ACC127585,1750.76,0,BLOCK,1.0
TXN002892582,2024-01-01 00:53:29.000000,ACC002271,ACC198659,251.11,0,BLOCK,1.0
TXN002819709,2024-01-01 00:54:14.717589,ACC098667,ACC001784,14933.76,1,BLOCK,0.0
TXN002813121,2024-01-01 00:56:43.000000,ACC003180,ACC149969,4044.75,0,BLOCK,1.0
TXN002916598,2024-01-01 00:59:36.031603,ACC151362,ACC001181,1871.78,1,BLOCK,0.0
TXN002858413,2024-01-01 01:01:09.129675,ACC129563,ACC005845,14464.98,1,BLOCK,0.0
TXN002843671,2024-01-01 01:01:57.786426,ACC084227,ACC001589,10212.43,1,BLOCK,0.0
TXN002848091,2024-01-01 01:10:22.375036,ACC004362,ACC096541,45316.02,1,BLOCK,1.0
TXN002917757,2024-01-01 01:11:54.930979,ACC000883,ACC087489,45212.73,1,BLOCK,1.0
TXN002897312,2024-01-01 01:12:50.026854,ACC000847,ACC114515,60453.44,1,BLOCK,1.0
TXN002988100,2024-01-01 01:15:21.216491,ACC121101,ACC003554,1947.99,1,BLOCK,0.0
TXN002935982,2024-01-01 01:17:09.000000,ACC005143,ACC061012,95.93,0,BLOCK,1.0
TXN002944127,2024-01-01 01:18:55.162283,ACC022033,ACC002686,1086.38,1,BLOCK,0.0
TXN002876584,2024-01-01 01:24:35.000976,ACC099755,ACC002828,12003.18,1,BLOCK,0.0
TXN002962925,2024-01-01 01:24:48.015204,ACC004369,ACC137683,42646.48,1,BLOCK,1.0
TXN002870219,2024-01-01 01:25:44.124740,ACC011765,ACC003029,405.51,1,BLOCK,0.0
TXN002996266,2024-01-01 01:36:38.119954,ACC044508,ACC003652,341.49,1,BLOCK,0.0
TXN002915002,2024-01-01 01:38:17.000000,ACC003198,ACC142488,419.0,0,BLOCK,1.0
TXN002960296,2024-01-01 01:38:44.000000,ACC004983,ACC200794,398.84,0,BLOCK,1.0
TXN002981418,2024-01-01 01:42:40.593482,ACC005741,ACC091182,43893.36,1,BLOCK,1.0
TXN002858436,2024-01-01 01:43:46.320388,ACC005845,ACC017030,215236.41,1,BLOCK,1.0
TXN002858432,2024-01-01 01:50:16.569793,ACC128820,ACC005845,14958.24,1,BLOCK,0.0
TXN002990047,2024-01-01 01:57:43.818454,ACC001534,ACC125280,39351.96,1,BLOCK,1.0
TXN002925761,2024-01-01 01:58:10.121396,ACC049364,ACC003975,12389.8,1,BLOCK,0.0
TXN002988109,2024-01-01 01:58:44.044977,ACC138452,ACC003554,1015.19,1,BLOCK,0.0
TXN002912098,2024-01-01 01:59:29.157496,ACC164536,ACC004773,12335.36,1,BLOCK,0.0
TXN002904116,2024-01-01 02:03:44.403538,ACC106473,ACC006096,14607.44,1,BLOCK,0.0
TXN002898258,2024-01-01 02:09:15.112675,ACC093575,ACC004689,11612.93,1,BLOCK,0.0
TXN002854032,2024-01-01 02:10:01.289728,ACC177003,ACC002077,1836.51,1,BLOCK,0.0
TXN002831876,2024-01-01 02:16:32.877212,ACC001618,ACC060511,46951.0,1,BLOCK,1.0
TXN002988085,2024-01-01 02:16:58.496554,ACC176691,ACC003554,1500.2,1,BLOCK,0.0
TXN002896654,2024-01-01 02:20:19.000000,ACC001288,ACC080259,463.11,0,BLOCK,1.0
TXN002953841,2024-01-01 02:21:47.267589,ACC005891,ACC003142,100000.0,1,BLOCK,1.0
TXN002940364,2024-01-01 02:23:56.255660,ACC074087,ACC001309,11057.52,1,BLOCK,0.0
TXN002848093,2024-01-01 02:24:01.543464,ACC004362,ACC096541,45501.38,1,BLOCK,1.0
TXN002939268,2024-01-01 02:26:12.283260,ACC121579,ACC002000,587.96,1,BLOCK,0.0
TXN002833692,2024-01-01 02:34:07.013697,ACC126474,ACC003282,11474.57,1,BLOCK,0.0
TXN002833699,2024-01-01 02:34:21.816536,ACC136291,ACC003282,12050.08,1,BLOCK,0.0
TXN002868363,2024-01-01 02:34:53.389964,ACC002874,ACC002922,77640.96,1,BLOCK,1.0
TXN002897304,2024-01-01 02:35:45.122756,ACC035129,ACC000847,11260.16,1,BLOCK,0.0
TXN002833706,2024-01-01 02:36:47.104153,ACC071774,ACC003282,13316.77,1,BLOCK,0.0
TXN002858422,2024-01-01 02:37:11.182367,ACC133286,ACC005845,14895.51,1,BLOCK,0.0
TXN002858418,2024-01-01 02:39:15.873789,ACC179703,ACC005845,13680.53,1,BLOCK,0.0
TXN002847116,2024-01-01 02:41:04.000000,ACC001243,ACC118291,379.01,0,BLOCK,1.0
TXN002897667,2024-01-01 02:46:33.464917,ACC005618,ACC030790,28397.23,1,BLOCK,1.0
TXN002917758,2024-01-01 02:53:47.351898,ACC000883,ACC103881,45538.52,1,BLOCK,1.0
TXN002813911,2024-01-01 02:57:25.364757,ACC001369,ACC066610,44830.54,1,BLOCK,1.0
TXN002958972,2024-01-01 03:00:20.465290,ACC186078,ACC005418,13730.58,1,BLOCK,0.0
TXN002923817,2024-01-01 03:03:15.011058,ACC005321,ACC005227,38420.89,1,BLOCK,1.0
TXN002917761,2024-01-01 03:04:35.102094,ACC000883,ACC079911,45445.85,1,BLOCK,1.0
TXN002939288,2024-01-01 03:08:09.226540,ACC182155,ACC002000,693.86,1,BLOCK,0.0
TXN002943398,2024-01-01 03:10:19.000000,ACC002331,ACC059776,1548.48,0,BLOCK,1.0
TXN002854036,2024-01-01 03:13:00.033669,ACC108385,ACC002077,1324.25,1,BLOCK,0.0
TXN002897302,2024-01-01 03:13:20.590370,ACC133262,ACC000847,14426.19,1,BLOCK,0.0
TXN002989625,2024-01-01 03:15:21.014312,ACC004663,ACC144772,47091.43,1,BLOCK,1.0
TXN002916624,2024-01-01 03:16:45.601840,ACC024632,ACC001181,321.31,1,BLOCK,0.0
TXN002967880,2024-01-01 03:22:01.727793,ACC004565,ACC122158,45878.36,1,BLOCK,1.0
TXN002864897,2024-01-01 03:25:15.479968,ACC132149,ACC002954,10090.56,1,BLOCK,0.0
TXN002893327,2024-01-01 03:27:45.342277,ACC198282,ACC000222,1241.91,1,BLOCK,0.0
TXN002831874,2024-01-01 03:28:09.047630,ACC001618,ACC060511,47083.0,1,BLOCK,1.0
TXN002944096,2024-01-01 03:29:30.158886,ACC135166,ACC002686,924.57,1,BLOCK,0.0
TXN002870218,2024-01-01 03:32:09.475972,ACC184416,ACC003029,1368.11,1,BLOCK,0.0
TXN002891320,2024-01-01 03:32:40.000000,ACC002786,ACC174120,310.76,0,BLOCK,1.0
TXN002981417,2024-01-01 03:36:26.313190,ACC005741,ACC188466,43911.91,1,BLOCK,1.0
TXN002898270,2024-01-01 03:38:57.461177,ACC190150,ACC004689,11852.46,1,BLOCK,0.0
TXN002858421,2024-01-01 03:39:29.140269,ACC198330,ACC005845,11012.31,1,BLOCK,0.0
TXN002820329,2024-01-01 03:40:51.968424,ACC003557,ACC031447,41780.02,1,BLOCK,1.0
TXN002843691,2024-01-01 03:42:08.445088,ACC001589,ACC174765,85923.32,1,BLOCK,1.0
TXN002940355,2024-01-01 03:46:29.198284,ACC160858,ACC001309,12254.86,1,BLOCK,0.0
TXN002917759,2024-01-01 03:51:11.506602,ACC000883,ACC114665,45322.96,1,BLOCK,1.0
TXN002876583,2024-01-01 03:56:26.529023,ACC026471,ACC002828,10709.26,1,BLOCK,0.0
TXN002840101,2024-01-01 03:56:58.517456,ACC160495,ACC006109,597.0,1,BLOCK,0.0
TXN002820330,2024-01-01 03:58:47.095484,ACC003557,ACC053986,41764.02,1,BLOCK,1.0
TXN002989626,2024-01-01 04:02:06.412644,ACC004663,ACC019394,46976.2,1,BLOCK,1.0
TXN002967885,2024-01-01 04:02:30.411555,ACC004565,ACC185245,45811.69,1,BLOCK,1.0
TXN002958958,2024-01-01 04:08:43.120255,ACC123166,ACC005418,12290.88,1,BLOCK,0.0
TXN002916597,2024-01-01 04:11:03.245845,ACC018626,ACC001181,543.49,1,BLOCK,0.0
TXN002944118,2024-01-01 04:16:32.664436,ACC014550,ACC002686,1080.56,1,BLOCK,0.0
TXN002940357,2024-01-01 04:16:39.589374,ACC163995,ACC001309,10649.32,1,BLOCK,0.0
TXN002820297,2024-01-01 04:24:48.000000,ACC000888,ACC014419,336.22,0,BLOCK,1.0
TXN002954843,2024-01-01 04:26:52.747505,ACC004679,ACC003725,89197.95,1,BLOCK,1.0
TXN002897298,2024-01-01 04:29:36.536016,ACC081816,ACC000847,12203.37,1,BLOCK,0.0
TXN002943674,2024-01-01 04:34:16.259688,ACC078460,ACC000397,557.03,1,BLOCK,0.0
TXN002858433,2024-01-01 04:37:10.587739,ACC008928,ACC005845,14206.11,1,BLOCK,0.0
TXN002897311,2024-01-01 04:40:02.445506,ACC000847,ACC114515,117822.35,1,BLOCK,1.0
TXN002990048,2024-01-01 04:41:34.072451,ACC001534,ACC087171,39617.68,1,BLOCK,1.0
TXN002953842,2024-01-01 04:43:34.535178,ACC003142,ACC002655,140527.46,1,BLOCK,1.0
TXN002967882,2024-01-01 04:44:52.663072,ACC004565,ACC092647,45725.24,1,BLOCK,1.0
TXN002944130,2024-01-01 04:45:05.665445,ACC093176,ACC002686,577.08,1,BLOCK,0.0
TXN002940353,2024-01-01 04:46:21.158625,ACC188553,ACC001309,13428.83,1,BLOCK,0.0
TXN002989629,2024-01-01 04:47:09.523044,ACC004663,ACC075638,47096.78,1,BLOCK,1.0
TXN002940349,2024-01-01 04:50:33.217205,ACC072032,ACC001309,12739.56,1,BLOCK,0.0
TXN002925746,2024-01-01 04:52:02.382748,ACC146692,ACC003975,10406.5,1,BLOCK,0.0
TXN002876589,2024-01-01 04:57:58.826870,ACC127705,ACC002828,13613.94,1,BLOCK,0.0
TXN002858423,2024-01-01 05:07:19.724796,ACC013113,ACC005845,13283.19,1,BLOCK,0.0
TXN002868364,2024-01-01 05:09:46.779927,ACC002922,ACC002592,75311.73,1,BLOCK,1.0
TXN002904108,2024-01-01 05:13:25.247695,ACC143574,ACC006096,14912.6,1,BLOCK,0.0
TXN002870239,2024-01-01 05:16:10.352730,ACC052363,ACC003029,989.27,1,BLOCK,0.0
TXN002967881,2024-01-01 05:16:32.418445,ACC004565,ACC189928,45998.3,1,BLOCK,1.0
TXN002935980,2024-01-01 05:17:14.000000,ACC005143,ACC193990,991.22,0,BLOCK,1.0
TXN002858431,2024-01-01 05:19:04.596074,ACC162065,ACC005845,14760.87,1,BLOCK,0.0
TXN002833690,2024-01-01 05:20:15.667805,ACC125663,ACC003282,12315.83,1,BLOCK,0.0
TXN002843683,2024-01-01 05:29:48.956598,ACC191912,ACC001589,13541.45,1,BLOCK,0.0
TXN002880413,2024-01-01 05:30:01.000000,ACC001105,ACC197003,836.96,0,BLOCK,1.0
TXN002876582,2024-01-01 05:30:29.549299,ACC121998,ACC002828,10349.85,1,BLOCK,0.0
TXN002831875,2024-01-01 05:38:28.461514,ACC001618,ACC090607,46920.69,1,BLOCK,1.0
TXN002943945,2024-01-01 05:39:40.108339,ACC003186,ACC001482,92180.59,1,BLOCK,1.0
TXN002989634,2024-01-01 05:42:15.962600,ACC004663,ACC110305,46779.56,1,BLOCK,1.0
TXN002996258,2024-01-01 05:42:40.999932,ACC018063,ACC003652,1683.34,1,BLOCK,0.0
TXN002915187,2024-01-01 05:43:53.722924,ACC001082,ACC107422,67447.03,1,BLOCK,1.0
TXN002996368,2024-01-01 05:47:27.000000,ACC005639,ACC137425,6503.89,0,BLOCK,1.0
TXN002870226,2024-01-01 05:51:09.729341,ACC075435,ACC003029,765.0,1,BLOCK,0.0
TXN002876604,2024-01-01 05:52:02.581894,ACC115220,ACC002828,14722.22,1,BLOCK,0.0
TXN002923818,2024-01-01 06:06:30.022116,ACC005227,ACC000648,37268.26,1,BLOCK,1.0
TXN002906072,2024-01-01 06:07:52.551238,ACC001810,ACC082430,24569.52,1,BLOCK,1.0
TXN002843668,2024-01-01 06:10:50.450943,ACC076032,ACC001589,11632.65,1,BLOCK,0.0
TXN002886638,2024-01-01 06:19:30.114334,ACC003427,ACC145500,92704.5,1,BLOCK,1.0
TXN002958953,2024-01-01 06:20:32.924234,ACC059690,ACC005418,11786.6,1,BLOCK,0.0
TXN002831885,2024-01-01 06:27:19.869409,ACC001618,ACC012578,47008.54,1,BLOCK,1.0
TXN002893328,2024-01-01 06:30:21.552781,ACC015575,ACC000222,913.54,1,BLOCK,0.0
TXN002974116,2024-01-01 06:30:54.016892,ACC022949,ACC000623,13515.13,1,BLOCK,0.0
TXN002988092,2024-01-01 06:34:17.399212,ACC039371,ACC003554,924.58,1,BLOCK,0.0
TXN002858419,2024-01-01 06:42:55.415988,ACC179703,ACC005845,13172.36,1,BLOCK,0.0
TXN002866049,2024-01-01 06:44:14.483756,ACC004449,ACC000735,100000.0,1,BLOCK,1.0
TXN002840102,2024-01-01 06:46:16.943549,ACC121540,ACC006109,509.36,1,BLOCK,0.0
TXN002940361,2024-01-01 06:47:57.331546,ACC194519,ACC001309,11773.7,1,BLOCK,0.0
TXN002940358,2024-01-01 06:48:19.643705,ACC098977,ACC001309,14009.41,1,BLOCK,0.0
TXN002813879,2024-01-01 07:00:06.000000,ACC005237,ACC026956,5845.25,0,BLOCK,1.0
TXN002993950,2024-01-01 07:00:20.000000,ACC000671,ACC009945,261.1,0,BLOCK,1.0
TXN002914313,2024-01-01 07:00:29.000000,ACC001404,ACC175035,542.98,0,BLOCK,1.0
TXN002884678,2024-01-01 07:01:11.000000,ACC001533,ACC100192,540.94,0,BLOCK,1.0
TXN002843686,2024-01-01 07:01:27.943089,ACC012724,ACC001589,11943.71,1,BLOCK,0.0
TXN002978473,2024-01-01 07:03:26.000000,ACC002779,ACC175818,804.78,0,BLOCK,1.0
TXN002848048,2024-01-01 07:03:32.000000,ACC004363,ACC049779,8588.09,0,BLOCK,1.0
TXN002953843,2024-01-01 07:05:21.802767,ACC002655,ACC005231,136311.63,1,BLOCK,1.0
TXN002934909,2024-01-01 07:07:41.000000,ACC000136,ACC087156,4376.02,0,BLOCK,1.0
TXN002960551,2024-01-01 07:07:54.000000,ACC003148,ACC045736,657.66,0,BLOCK,1.0
TXN002938593,2024-01-01 07:09:45.537906,ACC118271,ACC002449,13374.52,1,BLOCK,0.0
TXN002933600,2024-01-01 07:10:17.000000,ACC004739,ACC074460,150.11,0,BLOCK,1.0
TXN002912290,2024-01-01 07:10:18.000000,ACC002352,ACC059151,241.63,0,BLOCK,1.0
TXN002973439,2024-01-01 07:10:39.000000,ACC004473,ACC093201,1451.1,0,BLOCK,1.0
TXN002876591,2024-01-01 07:10:42.940606,ACC101290,ACC002828,10872.28,1,BLOCK,0.0
TXN002974124,2024-01-01 07:12:27.614450,ACC026366,ACC000623,14855.24,1,BLOCK,0.0
TXN002848092,2024-01-01 07:18:45.778136,ACC004362,ACC058433,45432.39,1,BLOCK,1.0
TXN002972370,2024-01-01 07:20:54.000000,ACC005632,ACC049661,1129.89,0,BLOCK,1.0
TXN002922694,2024-01-01 07:22:46.000000,ACC004434,ACC088370,171.03,0,BLOCK,1.0
TXN002814026,2024-01-01 07:22:56.000000,ACC002346,ACC174469,3505.9,0,BLOCK,1.0
TXN002989627,2024-01-01 07:23:42.045689,ACC004663,ACC121854,46899.39,1,BLOCK,1.0
TXN002858077,2024-01-01 07:24:07.000000,ACC000865,ACC086488,244.88,0,BLOCK,1.0
TXN002843684,2024-01-01 07:25:21.345498,ACC006862,ACC001589,10240.48,1,BLOCK,0.0
TXN002903266,2024-01-01 07:26:31.000000,ACC000174,ACC074832,114.43,0,BLOCK,1.0
TXN002916566,2024-01-01 07:26:52.000000,ACC006120,ACC151075,1627.28,0,BLOCK,1.0
TXN002944330,2024-01-01 07:26:52.000000,ACC001653,ACC177868,256.31,0,BLOCK,1.0
TXN002863492,2024-01-01 07:27:05.000000,ACC004952,ACC135762,2844.0,0,BLOCK,1.0
TXN002817423,2024-01-01 07:29:15.000000,ACC000376,ACC080193,858.4,0,BLOCK,1.0
TXN002925758,2024-01-01 07:29:23.998440,ACC170724,ACC003975,11858.49,1,BLOCK,0.0
TXN002925756,2024-01-01 07:30:59.936616,ACC170724,ACC003975,14129.03,1,BLOCK,0.0
TXN002881981,2024-01-01 07:31:04.000000,ACC030358,ACC000137,16097.58,0,BLOCK,0.0
TXN002910346,2024-01-01 07:32:50.262907,ACC000126,ACC005336,100000.0,1,BLOCK,1.0
TXN002824905,2024-01-01 07:32:51.000000,ACC000091,ACC188494,804.33,0,BLOCK,1.0
TXN002845162,2024-01-01 07:33:21.000000,ACC004176,ACC058298,2117.02,0,BLOCK,1.0
TXN002820331,2024-01-01 07:35:54.084862,ACC003557,ACC129204,41699.78,1,BLOCK,1.0
TXN002829229,2024-01-01 07:36:35.000000,ACC005824,ACC204568,2557.94,0,BLOCK,1.0
TXN002900789,2024-01-01 07:38:30.000000,ACC005265,ACC038532,7168.01,0,BLOCK,1.0
TXN002939280,2024-01-01 07:39:18.790932,ACC182155,ACC002000,1943.9,1,BLOCK,0.0
TXN002935322,2024-01-01 07:39:51.000000,ACC003805,ACC023351,2520.22,0,BLOCK,1.0
TXN002883277,2024-01-01 07:41:09.000000,ACC002434,ACC067281,92.19,0,BLOCK,1.0
TXN002962926,2024-01-01 07:41:23.793608,ACC004369,ACC196758,42588.86,1,BLOCK,1.0
TXN002876590,2024-01-01 07:42:50.712182,ACC031180,ACC002828,13384.95,1,BLOCK,0.0
TXN002970551,2024-01-01 07:44:23.000000,ACC005344,ACC098958,579.15,0,BLOCK,1.0
TXN002868365,2024-01-01 07:44:40.169891,ACC002592,ACC004706,73052.37,1,BLOCK,1.0
TXN002886628,2024-01-01 07:45:50.000000,ACC003427,ACC143639,947.16,0,BLOCK,1.0
TXN002901772,2024-01-01 07:47:34.000000,ACC003910,ACC018651,168.8,0,BLOCK,1.0
TXN002981423,2024-01-01 07:47:42.695809,ACC005741,ACC164171,44029.71,1,BLOCK,1.0
TXN002827686,2024-01-01 07:49:06.000000,ACC003438,ACC151233,1447.86,0,BLOCK,1.0
TXN002835139,2024-01-01 07:49:19.000000,ACC000933,ACC115172,997.9,0,BLOCK,1.0
TXN002989630,2024-01-01 07:49:24.621557,ACC004663,ACC121854,47009.82,1,BLOCK,1.0
TXN002931641,2024-01-01 07:49:51.053229,ACC005282,ACC039687,60498.78,1,BLOCK,1.0
TXN002893320,2024-01-01 07:50:36.477627,ACC198282,ACC000222,1930.86,1,BLOCK,0.0
TXN002860963,2024-01-01 07:51:03.000000,ACC000702,ACC054957,210.79,0,BLOCK,1.0
TXN002832561,2024-01-01 07:51:44.000000,ACC004621,ACC150028,3819.06,0,BLOCK,1.0
TXN002996234,2024-01-01 07:51:58.229967,ACC018063,ACC003652,481.71,1,BLOCK,0.0
TXN002854063,2024-01-01 07:56:33.000000,ACC004694,ACC014574,202.78,0,BLOCK,1.0
TXN002839966,2024-01-01 08:00:00.000000,ACC158578,ACC005482,117035.65,0,BLOCK,0.0
TXN002916482,2024-01-01 08:00:00.000000,ACC193613,ACC003893,149669.16,0,BLOCK,0.0
TXN002814420,2024-01-01 08:00:00.000000,ACC091534,ACC003449,104463.48,0,BLOCK,0.0
TXN002976395,2024-01-01 08:00:00.000000,ACC108144,ACC002743,34271.01,0,BLOCK,0.0
TXN002838960,2024-01-01 08:00:00.000000,ACC098023,ACC004433,106937.72,0,BLOCK,0.0
TXN002932031,2024-01-01 08:00:00.000000,ACC151808,ACC004483,35465.97,0,BLOCK,0.0
TXN002824819,2024-01-01 08:00:00.000000,ACC033030,ACC004374,146674.14,0,BLOCK,0.0
TXN002900333,2024-01-01 08:00:00.000000,ACC184005,ACC002985,67201.1,0,BLOCK,0.0
TXN000053988,2024-01-01 08:00:00.000000,ACC041040,ACC056356,60407.57,0,STEP_UP,0.0
TXN000416533,2024-01-01 08:00:00.000000,ACC063629,ACC193366,76143.55,0,STEP_UP,0.0
TXN002937963,2024-01-01 08:00:00.000000,ACC199874,ACC003116,96130.2,0,BLOCK,0.0
TXN002843689,2024-01-01 08:01:04.668669,ACC021477,ACC001589,13457.08,1,BLOCK,0.0
TXN002984982,2024-01-01 08:01:38.000000,ACC003093,ACC102707,12248.45,0,BLOCK,1.0
TXN002976422,2024-01-01 08:02:07.000000,ACC004332,ACC077707,462.8,0,BLOCK,1.0
TXN002990049,2024-01-01 08:05:30.235642,ACC001534,ACC132732,39473.28,1,BLOCK,1.0
TXN002898268,2024-01-01 08:06:22.543011,ACC190150,ACC004689,13206.11,1,BLOCK,0.0
TXN002923259,2024-01-01 08:12:03.000000,ACC001202,ACC107960,387.1,0,BLOCK,1.0
TXN002823089,2024-01-01 08:12:08.000000,ACC005568,ACC098972,692.54,0,BLOCK,1.0
TXN002818042,2024-01-01 08:13:11.000000,ACC000241,ACC186618,1725.85,0,BLOCK,1.0
TXN002854024,2024-01-01 08:13:49.817196,ACC178515,ACC002077,1162.4,1,BLOCK,0.0
TXN002833905,2024-01-01 08:15:21.951980,ACC002881,ACC192214,84440.39,1,BLOCK,1.0
TXN002953694,2024-01-01 08:17:53.000000,ACC005893,ACC167218,731.83,0,BLOCK,1.0
TXN002857421,2024-01-01 08:24:30.000000,ACC001598,ACC142130,372.41,0,BLOCK,1.0
TXN002861443,2024-01-01 08:27:16.548959,ACC172224,ACC001889,14819.79,1,BLOCK,0.0
TXN002952045,2024-01-01 08:28:58.000000,ACC002128,ACC045784,141.14,0,BLOCK,1.0
TXN002832113,2024-01-01 08:30:01.000000,ACC003760,ACC190393,82.99,0,BLOCK,1.0
TXN002939282,2024-01-01 08:31:40.138790,ACC060786,ACC002000,735.23,1,BLOCK,0.0
TXN002872652,2024-01-01 08:35:24.000000,ACC002969,ACC037251,36.73,0,BLOCK,1.0
TXN002858296,2024-01-01 08:39:40.393246,ACC142953,ACC000089,1030.1,1,BLOCK,0.0
TXN002875711,2024-01-01 08:41:46.000000,ACC003316,ACC153520,1866.39,0,BLOCK,1.0
TXN002821605,2024-01-01 08:44:31.000000,ACC003610,ACC187697,1057.72,0,BLOCK,1.0
TXN002991374,2024-01-01 08:45:16.000000,ACC094888,ACC002318,12981.65,0,BLOCK,0.0
TXN002851628,2024-01-01 08:46:11.000000,ACC072094,ACC000182,73074.01,0,BLOCK,0.0
TXN002826735,2024-01-01 08:46:50.175694,ACC130342,ACC000965,10252.41,1,BLOCK,0.0
TXN002962779,2024-01-01 08:50:43.363669,ACC017612,ACC000552,13026.18,1,BLOCK,0.0
TXN002956823,2024-01-01 08:50:44.000000,ACC000412,ACC171265,3714.91,0,BLOCK,1.0
TXN002981420,2024-01-01 08:51:51.608552,ACC005741,ACC019537,43868.96,1,BLOCK,1.0
TXN002954844,2024-01-01 08:53:45.495011,ACC003725,ACC000963,86522.01,1,BLOCK,1.0
TXN002959750,2024-01-01 08:53:54.000000,ACC005876,ACC202156,2736.8,0,BLOCK,1.0
TXN002996245,2024-01-01 08:56:51.082550,ACC048261,ACC003652,1442.18,1,BLOCK,0.0
TXN002939513,2024-01-01 09:00:00.000000,ACC089627,ACC001432,84468.53,0,BLOCK,0.0
TXN001017073,2024-01-01 09:00:00.000000,ACC132068,ACC050712,28306.08,0,STEP_UP,0.0
TXN002995801,2024-01-01 09:00:00.000000,ACC050201,ACC003130,80403.0,0,BLOCK,0.0
TXN002812278,2024-01-01 09:00:00.000000,ACC067586,ACC132916,81472.69,0,STEP_UP,0.0
TXN001563716,2024-01-01 09:00:00.000000,ACC029727,ACC065514,61625.44,0,STEP_UP,0.0
TXN002554140,2024-01-01 09:00:00.000000,ACC014437,ACC046170,118897.86,0,STEP_UP,0.0
TXN001460682,2024-01-01 09:00:00.000000,ACC063092,ACC122847,134506.88,0,STEP_UP,0.0
TXN002905424,2024-01-01 09:00:00.000000,ACC204547,ACC004380,32605.08,0,BLOCK,0.0
TXN002909756,2024-01-01 09:00:00.000000,ACC019975,ACC000825,25696.06,0,BLOCK,0.0
TXN002763512,2024-01-01 09:00:00.000000,ACC043723,ACC116738,126533.74,0,STEP_UP,0.0
TXN002893697,2024-01-01 09:01:58.000000,ACC001421,ACC203190,1604.48,0,BLOCK,1.0
TXN002983642,2024-01-01 09:02:43.000000,ACC002307,ACC132744,5804.03,0,BLOCK,1.0
TXN002835072,2024-01-01 09:07:47.000000,ACC000369,ACC063782,616.24,0,BLOCK,1.0
TXN002941065,2024-01-01 09:08:18.000000,ACC001630,ACC075995,1118.53,0,BLOCK,1.0
TXN002923819,2024-01-01 09:09:45.033174,ACC000648,ACC000198,36150.21,1,BLOCK,1.0
TXN002998823,2024-01-01 09:10:25.000000,ACC004085,ACC180362,14585.61,0,BLOCK,1.0
TXN002937964,2024-01-01 09:20:38.292987,ACC003116,ACC134346,48398.44,0,BLOCK,1.0
TXN002917344,2024-01-01 09:21:59.061914,ACC031673,ACC001910,14113.69,1,BLOCK,0.0
TXN002916595,2024-01-01 09:24:11.935040,ACC024632,ACC001181,451.49,1,BLOCK,0.0
TXN002861437,2024-01-01 09:24:53.777452,ACC006786,ACC001889,11200.41,1,BLOCK,0.0
TXN002988413,2024-01-01 09:26:31.000000,ACC003409,ACC158279,508.07,0,BLOCK,1.0
TXN002936236,2024-01-01 09:27:37.000000,ACC005891,ACC137152,2056.53,0,BLOCK,1.0
TXN002868073,2024-01-01 09:28:45.000000,ACC002364,ACC037699,45.9,0,BLOCK,1.0
TXN002939449,2024-01-01 09:33:13.000000,ACC003126,ACC165853,510.35,0,BLOCK,1.0
TXN002854013,2024-01-01 09:35:01.180243,ACC117563,ACC002077,1992.26,1,BLOCK,0.0
TXN002876603,2024-01-01 09:35:54.980630,ACC099755,ACC002828,14830.29,1,BLOCK,0.0
TXN002922322,2024-01-01 09:36:14.931810,ACC009708,ACC002211,14019.76,1,BLOCK,0.0
TXN002946676,2024-01-01 09:38:41.000000,ACC001442,ACC074329,2000.93,0,BLOCK,1.0
TXN002911944,2024-01-01 09:39:41.000000,ACC001529,ACC177337,426.5,0,BLOCK,1.0
TXN002649341,2024-01-01 09:43:28.295289,ACC107912,ACC119258,34122.2,0,STEP_UP,0.0
TXN002947089,2024-01-01 09:45:21.000000,ACC004912,ACC110610,2074.82,0,BLOCK,1.0
TXN002943887,2024-01-01 09:46:10.973396,ACC005373,ACC184576,39796.95,1,BLOCK,1.0
TXN002875662,2024-01-01 09:46:12.755649,ACC100127,ACC001104,1377.78,1,BLOCK,0.0
TXN002947180,2024-01-01 09:46:35.000000,ACC002729,ACC061686,103.76,0,BLOCK,1.0
TXN002916612,2024-01-01 09:46:49.136252,ACC080338,ACC001181,1418.95,1,BLOCK,0.0
TXN002854022,2024-01-01 09:49:58.993010,ACC203738,ACC002077,1058.34,1,BLOCK,0.0
TXN002988091,2024-01-01 09:51:01.732213,ACC051370,ACC003554,1523.79,1,BLOCK,0.0
TXN002936085,2024-01-01 09:51:05.000000,ACC000104,ACC041358,2473.72,0,BLOCK,1.0
TXN002817959,2024-01-01 09:54:04.049259,ACC001838,ACC005448,100000.0,1,BLOCK,1.0
TXN002888038,2024-01-01 09:55:50.978074,ACC180332,ACC003611,13083.89,1,BLOCK,0.0
TXN002972439,2024-01-01 09:55:52.000000,ACC004225,ACC017362,306.27,0,BLOCK,1.0
TXN002866331,2024-01-01 09:56:48.000000,ACC003517,ACC116109,535.5,0,BLOCK,1.0
TXN002816893,2024-01-01 10:00:00.000000,ACC197471,ACC000342,39592.54,0,BLOCK,0.0
TXN002935141,2024-01-01 10:00:00.000000,ACC138056,ACC002436,28867.58,0,BLOCK,0.0
TXN001596099,2024-01-01 10:00:00.000000,ACC099589,ACC139652,54740.84,0,STEP_UP,0.0
TXN002999768,2024-01-01 10:00:00.000000,ACC128967,ACC000472,83773.49,0,BLOCK,0.0
TXN002860053,2024-01-01 10:00:00.000000,ACC047173,ACC002621,132857.66,0,BLOCK,0.0
TXN000698934,2024-01-01 10:00:00.000000,ACC199863,ACC024879,121273.46,0,STEP_UP,0.0
TXN002892694,2024-01-01 10:02:55.000000,ACC003854,ACC162381,487.51,0,BLOCK,1.0
TXN002953291,2024-01-01 10:03:48.000000,ACC000609,ACC187284,8830.61,0,BLOCK,1.0
TXN002871690,2024-01-01 10:06:41.000000,ACC000219,ACC079782,170.77,0,BLOCK,1.0
TXN002917350,2024-01-01 10:10:36.730414,ACC079931,ACC001910,10562.09,1,BLOCK,0.0
TXN002989632,2024-01-01 10:12:12.975924,ACC004663,ACC057794,47003.43,1,BLOCK,1.0
TXN002974114,2024-01-01 10:12:49.510176,ACC065225,ACC000623,13259.58,1,BLOCK,0.0
TXN002921087,2024-01-01 10:13:03.000000,ACC002261,ACC176703,534.32,0,BLOCK,1.0
TXN002854977,2024-01-01 10:15:52.501157,ACC002425,ACC002424,51032.5,1,BLOCK,1.0
TXN002975042,2024-01-01 10:16:24.000000,ACC002274,ACC074116,1311.82,0,BLOCK,1.0
TXN002861421,2024-01-01 10:17:31.000000,ACC001889,ACC051236,816.95,0,BLOCK,1.0
TXN002896200,2024-01-01 10:20:14.000000,ACC000047,ACC134155,34.63,0,BLOCK,1.0
TXN002846933,2024-01-01 10:20:35.000000,ACC001820,ACC108165,159.53,0,BLOCK,1.0
TXN002826763,2024-01-01 10:20:47.978060,ACC001741,ACC003137,93029.99,1,BLOCK,1.0
TXN002509591,2024-01-01 10:21:28.000000,ACC070114,ACC099454,79041.01,0,STEP_UP,0.0
TXN002843672,2024-01-01 10:21:54.166580,ACC164298,ACC001589,14966.76,1,BLOCK,0.0
TXN002981419,2024-01-01 10:24:19.888535,ACC005741,ACC087974,44078.15,1,BLOCK,1.0
TXN002910352,2024-01-01 10:26:12.000000,ACC003661,ACC169150,698.05,0,BLOCK,1.0
TXN002942572,2024-01-01 10:26:21.000000,ACC002724,ACC018375,3459.84,0,BLOCK,1.0
TXN002962938,2024-01-01 10:28:51.647672,ACC004369,ACC094865,42397.35,1,BLOCK,1.0
TXN002892808,2024-01-01 10:29:10.000000,ACC000840,ACC138724,1188.09,0,BLOCK,1.0
TXN002831884,2024-01-01 10:30:43.786557,ACC001618,ACC035755,46931.3,1,BLOCK,1.0
TXN002843184,2024-01-01 10:31:14.000000,ACC001892,ACC140536,2359.4,0,BLOCK,1.0
TXN002835854,2024-01-01 10:31:24.000000,ACC005193,ACC198056,239.67,0,BLOCK,1.0
TXN002961686,2024-01-01 10:32:26.293446,ACC003675,ACC001835,100000.0,1,BLOCK,1.0
TXN002951813,2024-01-01 10:33:34.000000,ACC000103,ACC068009,481.64,0,BLOCK,1.0
TXN001831345,2024-01-01 10:34:46.000000,ACC183398,ACC069769,77506.65,0,STEP_UP,0.0
TXN002870483,2024-01-01 10:37:05.000000,ACC000803,ACC123151,1585.43,0,BLOCK,1.0
TXN002966082,2024-01-01 10:41:18.000000,ACC002218,ACC080244,140.42,0,BLOCK,1.0
TXN002929668,2024-01-01 10:41:38.000000,ACC005362,ACC073525,3650.47,0,BLOCK,1.0
TXN002864230,2024-01-01 10:48:47.000000,ACC002153,ACC034653,2595.14,0,BLOCK,1.0
TXN002819698,2024-01-01 10:49:53.089046,ACC159587,ACC001784,10530.63,1,BLOCK,0.0
TXN002919426,2024-01-01 10:50:00.000000,ACC004177,ACC079078,471.51,0,BLOCK,1.0
TXN002898700,2024-01-01 10:53:34.000000,ACC003918,ACC013996,447.61,0,BLOCK,1.0
TXN002855985,2024-01-01 10:55:16.000000,ACC005024,ACC114820,1065.0,0,BLOCK,1.0
TXN002919627,2024-01-01 10:55:50.000000,ACC001917,ACC136745,771.0,0,BLOCK,1.0
TXN002933346,2024-01-01 10:56:43.000000,ACC005625,ACC019974,1859.19,0,BLOCK,1.0
TXN002962931,2024-01-01 10:57:10.590130,ACC004369,ACC196758,42400.77,1,BLOCK,1.0
TXN002854902,2024-01-01 10:57:42.120880,ACC005750,ACC003845,100000.0,1,BLOCK,1.0
TXN002833209,2024-01-01 10:57:58.000000,ACC004714,ACC103989,257.52,0,BLOCK,1.0
TXN002843690,2024-01-01 10:59:16.578759,ACC001589,ACC174765,172602.24,1,BLOCK,1.0
TXN001640015,2024-01-01 11:00:00.000000,ACC138241,ACC096444,55841.8,0,STEP_UP,0.0
TXN002952551,2024-01-01 11:00:00.000000,ACC031062,ACC000051,29083.57,0,BLOCK,0.0
TXN000726893,2024-01-01 11:00:00.000000,ACC088425,ACC070795,87814.49,0,STEP_UP,0.0
TXN002841192,2024-01-01 11:00:00.000000,ACC135197,ACC005085,34459.29,0,BLOCK,0.0
TXN002816469,2024-01-01 11:00:00.000000,ACC081864,ACC001540,102278.18,0,BLOCK,0.0
TXN002949648,2024-01-01 11:00:00.000000,ACC039389,ACC002320,59299.59,0,BLOCK,0.0
TXN002944507,2024-01-01 11:00:00.000000,ACC188862,ACC004848,96944.88,0,BLOCK,0.0
TXN002855066,2024-01-01 11:00:00.000000,ACC180610,ACC004428,94157.15,0,BLOCK,0.0
TXN002957573,2024-01-01 11:00:00.000000,ACC159335,ACC002700,139287.22,0,BLOCK,0.0
TXN001191085,2024-01-01 11:00:00.000000,ACC091831,ACC124576,40568.13,0,STEP_UP,0.0
TXN002890384,2024-01-01 11:00:00.000000,ACC127151,ACC000224,77398.58,0,BLOCK,0.0
TXN002897297,2024-01-01 11:00:27.471436,ACC152140,ACC000847,14907.15,1,BLOCK,0.0
TXN002849066,2024-01-01 11:00:29.000000,ACC006077,ACC154926,1691.52,0,BLOCK,1.0
TXN002960280,2024-01-01 11:01:17.000000,ACC004188,ACC013386,2525.63,0,BLOCK,1.0
TXN002916594,2024-01-01 11:03:56.011026,ACC154070,ACC001181,1789.9,1,BLOCK,0.0
TXN002962927,2024-01-01 11:05:06.945776,ACC004369,ACC010375,42326.61,1,BLOCK,1.0
TXN002899952,2024-01-01 11:05:50.000000,ACC003586,ACC060825,350.95,0,BLOCK,1.0
TXN002954526,2024-01-01 11:06:17.000000,ACC000505,ACC021098,262.99,0,BLOCK,1.0
TXN002908333,2024-01-01 11:08:18.000000,ACC003440,ACC153842,5946.65,0,BLOCK,1.0
TXN002958188,2024-01-01 11:12:24.000000,ACC002859,ACC161098,312.94,0,BLOCK,1.0
TXN002999771,2024-01-01 11:13:58.481639,ACC000472,ACC072033,35350.81,0,BLOCK,1.0
TXN002827455,2024-01-01 11:15:24.000000,ACC000674,ACC039913,346.92,0,BLOCK,1.0
TXN002949719,2024-01-01 11:15:30.000000,ACC003096,ACC149249,3617.68,0,BLOCK,1.0
TXN002888579,2024-01-01 11:16:26.000000,ACC003648,ACC146501,630.54,0,BLOCK,1.0
TXN002944630,2024-01-01 11:17:06.121413,ACC116414,ACC000537,241.71,1,BLOCK,0.0
TXN002816894,2024-01-01 11:17:40.502633,ACC000342,ACC131035,12836.88,0,BLOCK,1.0
TXN002903519,2024-01-01 11:17:49.000000,ACC005953,ACC140914,1895.29,0,BLOCK,1.0
TXN002848427,2024-01-01 11:17:51.000000,ACC000832,ACC057410,6632.57,0,BLOCK,1.0
TXN002988082,2024-01-01 11:18:52.010410,ACC073462,ACC003554,580.02,1,BLOCK,0.0
TXN002943946,2024-01-01 11:19:20.216678,ACC001482,ACC000269,89415.17,1,BLOCK,1.0
TXN002882992,2024-01-01 11:19:38.000000,ACC003804,ACC099832,820.62,0,BLOCK,1.0
TXN002959279,2024-01-01 11:19:41.000000,ACC001807,ACC083301,2553.92,0,BLOCK,1.0
TXN002870596,2024-01-01 11:19:51.000000,ACC003837,ACC022884,51.39,0,BLOCK,1.0
TXN002920546,2024-01-01 11:20:47.000000,ACC003547,ACC167757,426.27,0,BLOCK,1.0
TXN002990687,2024-01-01 11:22:40.903222,ACC174327,ACC001015,12387.43,1,BLOCK,0.0
TXN002845111,2024-01-01 11:23:06.000000,ACC000172,ACC102021,2932.44,0,BLOCK,1.0
TXN002816895,2024-01-01 11:23:11.235379,ACC000342,ACC043123,12576.6,0,BLOCK,1.0
TXN002836154,2024-01-01 11:25:23.000000,ACC005764,ACC029443,21020.94,0,BLOCK,1.0
TXN002846746,2024-01-01 11:28:12.000000,ACC000526,ACC179001,8262.21,0,BLOCK,1.0
TXN002909758,2024-01-01 11:28:16.991216,ACC000825,ACC154391,15592.01,0,BLOCK,1.0
TXN002845984,2024-01-01 11:28:24.000000,ACC003569,ACC162379,1032.96,0,BLOCK,1.0
TXN002840080,2024-01-01 11:33:13.146392,ACC140826,ACC006109,503.9,1,BLOCK,0.0
TXN002957440,2024-01-01 11:34:20.000000,ACC002098,ACC107706,697.74,0,BLOCK,1.0
TXN002822979,2024-01-01 11:35:33.000000,ACC004783,ACC029968,154.6,0,BLOCK,1.0
TXN002990108,2024-01-01 11:38:00.000000,ACC002147,ACC045934,545.19,0,BLOCK,1.0
TXN002957561,2024-01-01 11:38:53.000000,ACC002700,ACC070512,51.31,0,BLOCK,1.0
TXN002960816,2024-01-01 11:39:49.000000,ACC001665,ACC101477,3258.47,0,BLOCK,1.0
TXN002909531,2024-01-01 11:40:09.000000,ACC002312,ACC103321,1079.37,0,BLOCK,1.0
TXN002965522,2024-01-01 11:40:32.000000,ACC002795,ACC158513,517.74,0,BLOCK,1.0
TXN002921984,2024-01-01 11:40:50.000000,ACC004674,ACC157696,7617.56,0,BLOCK,1.0
TXN002831878,2024-01-01 11:41:44.708651,ACC001618,ACC018790,47111.09,1,BLOCK,1.0
TXN002880091,2024-01-01 11:42:15.000000,ACC002390,ACC130854,2388.14,0,BLOCK,1.0
TXN002881000,2024-01-01 11:42:34.000000,ACC001356,ACC014781,674.68,0,BLOCK,1.0
TXN002829299,2024-01-01 11:42:36.000000,ACC003924,ACC139666,4377.99,0,BLOCK,1.0
TXN002819699,2024-01-01 11:43:52.825218,ACC159587,ACC001784,11245.68,1,BLOCK,0.0
TXN002888169,2024-01-01 11:44:36.000000,ACC002750,ACC043078,942.73,0,BLOCK,1.0
TXN002824820,2024-01-01 11:46:31.979979,ACC004374,ACC111034,53719.0,0,BLOCK,1.0
TXN002893326,2024-01-01 11:47:59.604693,ACC012245,ACC000222,754.86,1,BLOCK,0.0
TXN002897313,2024-01-01 11:48:03.831586,ACC000847,ACC114515,43244.56,1,BLOCK,1.0
TXN002875667,2024-01-01 11:48:06.138940,ACC193567,ACC001104,1123.0,1,BLOCK,0.0
TXN002870123,2024-01-01 11:48:33.000000,ACC006024,ACC130402,755.29,0,BLOCK,1.0
TXN002895305,2024-01-01 11:53:22.000000,ACC004627,ACC011381,204.43,0,BLOCK,1.0
TXN001581184,2024-01-01 11:53:55.543807,ACC083332,ACC171994,41522.42,0,STEP_UP,0.0
TXN002977837,2024-01-01 11:55:57.000000,ACC003256,ACC125941,2857.38,0,BLOCK,1.0
TXN002843676,2024-01-01 11:55:57.908503,ACC171484,ACC001589,11501.89,1,BLOCK,0.0
TXN002957107,2024-01-01 11:56:35.000000,ACC004871,ACC187313,1382.76,0,BLOCK,1.0
TXN002923660,2024-01-01 11:57:10.000000,ACC002121,ACC095508,263.52,0,BLOCK,1.0
TXN003000400,2024-01-01 11:58:24.000000,ACC003605,ACC038100,705.77,0,BLOCK,1.0
TXN002913334,2024-01-01 11:58:35.000000,ACC000240,ACC050989,109.34,0,BLOCK,1.0
TXN002521466,2024-01-01 12:00:00.000000,ACC126421,ACC032232,105687.04,0,STEP_UP,0.0
TXN002951903,2024-01-01 12:00:00.000000,ACC105156,ACC002676,95918.83,0,BLOCK,0.0
TXN002819093,2024-01-01 12:00:00.000000,ACC041660,ACC003951,123918.82,0,BLOCK,0.0
TXN002898919,2024-01-01 12:00:00.000000,ACC046718,ACC001756,135456.92,0,BLOCK,0.0
TXN000225003,2024-01-01 12:00:00.000000,ACC008184,ACC100127,65267.55,0,STEP_UP,0.0
TXN000744869,2024-01-01 12:00:00.000000,ACC069011,ACC010158,100656.09,0,STEP_UP,0.0
TXN002445162,2024-01-01 12:00:00.000000,ACC103722,ACC016968,90903.05,0,STEP_UP,0.0
TXN002831877,2024-01-01 12:00:50.563982,ACC001618,ACC107225,47122.3,1,BLOCK,1.0
TXN001581183,2024-01-01 12:01:46.754158,ACC083332,ACC121321,27904.93,0,STEP_UP,0.0
TXN002978032,2024-01-01 12:02:47.000000,ACC002404,ACC094415,4215.22,0,BLOCK,1.0
TXN002898831,2024-01-01 12:03:02.000000,ACC004540,ACC201242,69.36,0,BLOCK,1.0
TXN002921948,2024-01-01 12:03:14.000000,ACC001664,ACC050055,558.53,0,BLOCK,1.0
TXN002479387,2024-01-01 12:04:51.000000,ACC166479,ACC141022,27890.04,0,STEP_UP,0.0
TXN002855452,2024-01-01 12:05:11.000000,ACC004804,ACC140786,1387.53,0,BLOCK,1.0
TXN002878640,2024-01-01 12:05:15.000000,ACC003904,ACC070101,215.77,0,BLOCK,1.0
TXN002970643,2024-01-01 12:05:20.000000,ACC005474,ACC174186,367.83,0,BLOCK,1.0
TXN002977319,2024-01-01 12:06:23.000000,ACC000267,ACC025522,124.03,0,BLOCK,1.0
TXN002861362,2024-01-01 12:08:59.275862,ACC063183,ACC005334,12988.92,1,BLOCK,0.0
TXN002968690,2024-01-01 12:10:01.000000,ACC118633,ACC004628,13521.06,0,BLOCK,0.0
TXN002958842,2024-01-01 12:12:03.000000,ACC001364,ACC014777,125.64,0,BLOCK,1.0
TXN002999639,2024-01-01 12:12:12.000000,ACC003217,ACC140306,950.89,0,BLOCK,1.0
TXN002962928,2024-01-01 12:12:15.619244,ACC004369,ACC010375,42603.6,1,BLOCK,1.0
TXN002968239,2024-01-01 12:12:55.000000,ACC005505,ACC037637,2545.2,0,BLOCK,1.0
TXN002938582,2024-01-01 12:13:26.351933,ACC145496,ACC002449,12405.03,1,BLOCK,0.0
TXN002828076,2024-01-01 12:15:20.000000,ACC000257,ACC134814,250.36,0,BLOCK,1.0
TXN002815688,2024-01-01 12:16:34.000000,ACC002272,ACC166994,304.13,0,BLOCK,1.0
TXN002847273,2024-01-01 12:17:07.000000,ACC000420,ACC088115,690.73,0,BLOCK,1.0
TXN002957575,2024-01-01 12:17:21.790806,ACC002700,ACC055358,57145.75,0,BLOCK,1.0
TXN002897305,2024-01-01 12:19:09.417060,ACC139708,ACC000847,10469.11,1,BLOCK,0.0
TXN002915762,2024-01-01 12:20:08.000000,ACC002793,ACC185966,731.96,0,BLOCK,1.0
TXN002855856,2024-01-01 12:20:11.525893,ACC092370,ACC000699,13316.56,1,BLOCK,0.0
TXN002850992,2024-01-01 12:20:36.000000,ACC001976,ACC112249,927.14,0,BLOCK,1.0
TXN002995802,2024-01-01 12:21:48.428348,ACC003130,ACC132806,23743.33,0,BLOCK,1.0
TXN000481786,2024-01-01 12:22:29.525126,ACC116979,ACC029443,40931.85,0,STEP_UP,0.0
TXN002949651,2024-01-01 12:23:36.867723,ACC002320,ACC039389,37321.75,0,BLOCK,1.0
TXN002883785,2024-01-01 12:23:40.000000,ACC002850,ACC101402,560.62,0,BLOCK,1.0
TXN002970120,2024-01-01 12:26:00.000000,ACC002794,ACC177043,866.33,0,BLOCK,1.0
TXN002989639,2024-01-01 12:26:55.833624,ACC004663,ACC094009,46845.78,1,BLOCK,1.0
TXN000686740,2024-01-01 12:27:36.465080,ACC086119,ACC197418,67640.86,0,STEP_UP,0.0
TXN002831880,2024-01-01 12:28:11.652867,ACC001618,ACC015465,46918.25,1,BLOCK,1.0
TXN002872694,2024-01-01 12:28:16.000000,ACC001212,ACC193881,744.24,0,BLOCK,1.0
TXN002884949,2024-01-01 12:29:54.000000,ACC000949,ACC089350,6656.22,0,BLOCK,1.0
TXN002820511,2024-01-01 12:31:08.000000,ACC005677,ACC198994,705.77,0,BLOCK,1.0
TXN002843051,2024-01-01 12:34:01.000000,ACC000399,ACC009998,809.98,0,BLOCK,1.0
TXN002873779,2024-01-01 12:35:01.000000,ACC003715,ACC127181,790.32,0,BLOCK,1.0
TXN002866055,2024-01-01 12:35:19.000000,ACC005601,ACC084053,1923.33,0,BLOCK,1.0
TXN002916610,2024-01-01 12:36:09.396460,ACC161924,ACC001181,510.54,1,BLOCK,0.0
TXN002988088,2024-01-01 12:36:31.477586,ACC100788,ACC003554,1336.44,1,BLOCK,0.0
TXN002830476,2024-01-01 12:36:33.000000,ACC003407,ACC083502,1696.55,0,BLOCK,1.0
TXN002967884,2024-01-01 12:39:58.556016,ACC004565,ACC180805,45737.85,1,BLOCK,1.0
TXN002999770,2024-01-01 12:40:02.972227,ACC000472,ACC052968,23190.81,0,BLOCK,1.0
TXN002922328,2024-01-01 12:40:39.437600,ACC104838,ACC002211,12023.1,1,BLOCK,0.0
TXN002903285,2024-01-01 12:41:41.000000,ACC001264,ACC015734,5808.44,0,BLOCK,1.0
TXN002814421,2024-01-01 12:42:11.904083,ACC003449,ACC034953,45906.84,0,BLOCK,1.0
TXN002989930,2024-01-01 12:42:20.000000,ACC002657,ACC136767,72.18,0,BLOCK,1.0
TXN002860268,2024-01-01 12:45:32.000000,ACC004915,ACC146812,1125.64,0,BLOCK,1.0
TXN002844516,2024-01-01 12:46:43.000000,ACC001289,ACC095705,365.27,0,BLOCK,1.0
TXN002932112,2024-01-01 12:47:49.000000,ACC005110,ACC132317,2578.88,0,BLOCK,1.0
TXN002861988,2024-01-01 12:53:01.000000,ACC005737,ACC103135,95.71,0,BLOCK,1.0
TXN002858297,2024-01-01 12:53:36.923108,ACC149023,ACC000089,1614.37,1,BLOCK,0.0
TXN002831879,2024-01-01 12:54:09.366860,ACC001618,ACC154072,47090.58,1,BLOCK,1.0
TXN002982862,2024-01-01 12:57:10.000000,ACC000502,ACC112839,407.46,0,BLOCK,1.0
TXN002968091,2024-01-01 12:57:11.000000,ACC003887,ACC124673,187.98,0,BLOCK,1.0
TXN002999287,2024-01-01 12:58:01.000000,ACC002974,ACC075383,351.21,0,BLOCK,1.0
TXN002968721,2024-01-01 12:59:22.000000,ACC002183,ACC177051,323.53,0,BLOCK,1.0
TXN000579747,2024-01-01 13:00:00.000000,ACC136266,ACC096668,43903.59,0,STEP_UP,0.0
TXN002978534,2024-01-01 13:00:00.000000,ACC156219,ACC004033,31764.65,0,BLOCK,0.0
TXN002995092,2024-01-01 13:00:00.000000,ACC122968,ACC001240,73900.63,0,BLOCK,0.0
TXN002025344,2024-01-01 13:00:00.000000,ACC110557,ACC159208,77661.69,0,STEP_UP,0.0
TXN001842451,2024-01-01 13:00:00.000000,ACC152960,ACC063125,44573.0,0,STEP_UP,0.0
TXN002889127,2024-01-01 13:00:00.000000,ACC128386,ACC005810,89870.15,0,BLOCK,0.0
TXN001084216,2024-01-01 13:00:00.000000,ACC051427,ACC093772,107837.65,0,STEP_UP,0.0
TXN002859503,2024-01-01 13:00:00.000000,ACC027432,ACC002895,73362.94,0,BLOCK,0.0
TXN002925757,2024-01-01 13:00:01.243085,ACC170724,ACC003975,10875.4,1,BLOCK,0.0
TXN002989000,2024-01-01 13:01:26.000000,ACC002296,ACC031656,6525.22,0,BLOCK,1.0
TXN002947583,2024-01-01 13:02:26.000000,ACC005775,ACC152878,851.67,0,BLOCK,1.0
TXN002949956,2024-01-01 13:02:31.000000,ACC005094,ACC182574,335.67,0,BLOCK,1.0
TXN002870224,2024-01-01 13:02:33.529225,ACC184416,ACC003029,501.77,1,BLOCK,0.0
TXN002941112,2024-01-01 13:03:46.000000,ACC000278,ACC147363,3566.69,0,BLOCK,1.0
TXN002917765,2024-01-01 13:05:07.179557,ACC000883,ACC074182,45381.75,1,BLOCK,1.0
TXN002868163,2024-01-01 13:05:16.000000,ACC005841,ACC019466,5133.21,0,BLOCK,1.0
TXN002860055,2024-01-01 13:05:22.183070,ACC002621,ACC079273,46508.88,0,BLOCK,1.0
TXN000969730,2024-01-01 13:08:05.597025,ACC077370,ACC109005,29331.2,0,STEP_UP,0.0
TXN002897079,2024-01-01 13:09:57.000000,ACC003140,ACC104847,10547.52,0,BLOCK,1.0
TXN002864894,2024-01-01 13:11:24.207261,ACC152965,ACC002954,14528.0,1,BLOCK,0.0
TXN002944094,2024-01-01 13:12:22.505775,ACC049687,ACC002686,700.43,1,BLOCK,0.0
TXN002962057,2024-01-01 13:13:17.000000,ACC002916,ACC103110,241.63,0,BLOCK,1.0
TXN002851748,2024-01-01 13:14:29.000000,ACC003816,ACC056713,2429.0,0,BLOCK,1.0
TXN002838962,2024-01-01 13:14:49.354892,ACC004433,ACC191444,51867.03,0,BLOCK,1.0
TXN002854086,2024-01-01 13:14:56.000000,ACC001554,ACC067746,13165.06,0,BLOCK,1.0
TXN002939294,2024-01-01 13:14:59.303802,ACC128069,ACC002000,850.25,1,BLOCK,0.0
TXN002835800,2024-01-01 13:16:00.000000,ACC002396,ACC122639,2978.44,0,BLOCK,1.0
TXN002990899,2024-01-01 13:16:50.000000,ACC003463,ACC196771,574.14,0,BLOCK,1.0
TXN002876579,2024-01-01 13:17:59.498295,ACC196828,ACC002828,14974.45,1,BLOCK,0.0
TXN002988101,2024-01-01 13:18:51.173033,ACC073462,ACC003554,1890.68,1,BLOCK,0.0
TXN002864889,2024-01-01 13:19:31.663816,ACC144831,ACC002954,11837.19,1,BLOCK,0.0
TXN002882995,2024-01-01 13:20:00.000000,ACC003804,ACC120755,2699.69,0,BLOCK,1.0
TXN002954845,2024-01-01 13:20:38.242516,ACC000963,ACC003369,83926.35,1,BLOCK,1.0
TXN002866050,2024-01-01 13:28:28.967511,ACC000735,ACC004154,184054.09,1,BLOCK,1.0
TXN002867701,2024-01-01 13:31:43.000000,ACC001718,ACC070241,1237.08,0,BLOCK,1.0
TXN002948287,2024-01-01 13:32:12.000000,ACC002031,ACC089311,2344.37,0,BLOCK,1.0
TXN002905369,2024-01-01 13:34:19.000000,ACC004444,ACC088913,106.54,0,BLOCK,1.0
TXN002981076,2024-01-01 13:36:49.000000,ACC002941,ACC072848,3746.08,0,BLOCK,1.0
TXN002861794,2024-01-01 13:38:43.000000,ACC001597,ACC071891,227.01,0,BLOCK,1.0
TXN002989611,2024-01-01 13:39:10.000000,ACC004663,ACC130698,4297.77,0,BLOCK,1.0
TXN002965482,2024-01-01 13:40:06.000000,ACC000972,ACC193822,1786.82,0,BLOCK,1.0
TXN002874495,2024-01-01 13:44:07.000000,ACC000579,ACC142971,513.81,0,BLOCK,1.0
TXN002831881,2024-01-01 13:44:14.592894,ACC001618,ACC107225,47162.1,1,BLOCK,1.0
TXN002908045,2024-01-01 13:45:06.000000,ACC000852,ACC132691,72.0,0,BLOCK,1.0
TXN002864887,2024-01-01 13:45:57.101743,ACC077787,ACC002954,11091.83,1,BLOCK,0.0
TXN002843685,2024-01-01 13:49:09.502295,ACC189613,ACC001589,11219.09,1,BLOCK,0.0
TXN002986532,2024-01-01 13:49:19.000000,ACC180995,ACC005561,16650.56,0,BLOCK,0.0
TXN002992680,2024-01-01 13:50:56.000000,ACC001845,ACC120745,92.2,0,BLOCK,1.0
TXN002996249,2024-01-01 13:50:58.647842,ACC146952,ACC003652,257.31,1,BLOCK,0.0
TXN002945656,2024-01-01 13:51:04.000000,ACC003643,ACC182994,825.61,0,BLOCK,1.0
TXN002917772,2024-01-01 13:51:04.268499,ACC000883,ACC103881,45506.36,1,BLOCK,1.0
TXN002837566,2024-01-01 13:51:10.167799,ACC002433,ACC098206,83357.37,1,BLOCK,1.0
TXN002991401,2024-01-01 13:51:24.000000,ACC002513,ACC037736,521.01,0,BLOCK,1.0
TXN002876599,2024-01-01 13:52:29.540569,ACC127705,ACC002828,14845.41,1,BLOCK,0.0
TXN002953781,2024-01-01 13:56:36.000000,ACC003809,ACC132937,1614.79,0,BLOCK,1.0
TXN002954525,2024-01-01 13:56:51.000000,ACC000505,ACC064482,170.41,0,BLOCK,1.0
TXN002876594,2024-01-01 13:57:10.435303,ACC066054,ACC002828,12925.62,1,BLOCK,0.0
TXN002868724,2024-01-01 13:57:50.000000,ACC001178,ACC078865,623.67,0,BLOCK,1.0
TXN002890328,2024-01-01 14:00:00.000000,ACC049406,ACC000164,137126.34,0,BLOCK,0.0
TXN002916489,2024-01-01 14:00:00.000000,ACC197571,ACC003893,46295.68,0,BLOCK,0.0
TXN002814765,2024-01-01 14:00:00.000000,ACC031505,ACC001792,30925.07,0,BLOCK,0.0
TXN000129307,2024-01-01 14:00:00.000000,ACC059751,ACC040821,79034.08,0,STEP_UP,0.0
TXN002427074,2024-01-01 14:00:00.000000,ACC148328,ACC114547,95057.86,0,STEP_UP,0.0
TXN001018811,2024-01-01 14:00:39.000000,ACC114425,ACC155049,28080.5,0,STEP_UP,0.0
TXN002981169,2024-01-01 14:00:45.000000,ACC005003,ACC156482,183.24,0,BLOCK,1.0
TXN002917760,2024-01-01 14:02:14.492718,ACC000883,ACC087489,45360.89,1,BLOCK,1.0
TXN002906696,2024-01-01 14:03:03.000000,ACC001342,ACC046971,267.62,0,BLOCK,1.0
TXN002911919,2024-01-01 14:03:15.000000,ACC001990,ACC118529,19979.25,0,BLOCK,1.0
TXN002979320,2024-01-01 14:03:22.000000,ACC005722,ACC051889,1473.51,0,BLOCK,1.0
TXN002939295,2024-01-01 14:03:40.207628,ACC089765,ACC002000,211.43,1,BLOCK,0.0
TXN002857872,2024-01-01 14:05:16.000000,ACC101473,ACC005707,10025.73,0,BLOCK,0.0
TXN002823712,2024-01-01 14:06:02.000000,ACC002611,ACC101844,339.06,0,BLOCK,1.0
TXN002962781,2024-01-01 14:09:14.609980,ACC017612,ACC000552,11520.56,1,BLOCK,0.0
TXN002955268,2024-01-01 14:12:03.000000,ACC005848,ACC176414,4104.58,0,BLOCK,1.0
TXN002913272,2024-01-01 14:14:45.000000,ACC003765,ACC026149,5326.37,0,BLOCK,1.0
TXN002945639,2024-01-01 14:15:59.000000,ACC000680,ACC197788,500.01,0,BLOCK,1.0
TXN002876598,2024-01-01 14:17:38.894210,ACC066054,ACC002828,10238.45,1,BLOCK,0.0
TXN002887952,2024-01-01 14:20:50.000000,ACC004417,ACC054963,538.08,0,BLOCK,1.0
TXN002995697,2024-01-01 14:21:08.000000,ACC003022,ACC142994,770.61,0,BLOCK,1.0
TXN002989628,2024-01-01 14:21:44.889812,ACC004663,ACC050454,46822.33,1,BLOCK,1.0
TXN002901733,2024-01-01 14:22:15.000000,ACC000770,ACC086073,2652.35,0,BLOCK,1.0
TXN002989522,2024-01-01 14:24:43.000000,ACC004529,ACC154329,111.78,0,BLOCK,1.0
TXN002939515,2024-01-01 14:24:52.861908,ACC001432,ACC177737,26886.42,0,BLOCK,1.0
TXN002967463,2024-01-01 14:25:51.000000,ACC004311,ACC038045,6268.68,0,BLOCK,1.0
TXN002916605,2024-01-01 14:28:28.715193,ACC091776,ACC001181,1768.6,1,BLOCK,0.0
TXN002888485,2024-01-01 14:29:06.000000,ACC000279,ACC131534,1293.64,0,BLOCK,1.0
TXN002854038,2024-01-01 14:30:11.728951,ACC178515,ACC002077,478.62,1,BLOCK,0.0
TXN002845178,2024-01-01 14:30:51.000000,ACC000966,ACC158179,2880.34,0,BLOCK,1.0
TXN000601217,2024-01-01 14:34:04.556725,ACC191388,ACC189387,30364.07,0,STEP_UP,0.0
TXN002949634,2024-01-01 14:35:21.000000,ACC002320,ACC018155,245.27,0,BLOCK,1.0
TXN003000072,2024-01-01 14:36:38.000000,ACC002923,ACC038776,75.02,0,BLOCK,1.0
TXN002933214,2024-01-01 14:37:26.000000,ACC001341,ACC099473,3100.5,0,BLOCK,1.0
TXN002859504,2024-01-01 14:42:15.107375,ACC002895,ACC108196,24561.13,0,BLOCK,1.0
TXN002838961,2024-01-01 14:44:51.642395,ACC004433,ACC201556,66699.45,0,BLOCK,1.0
TXN002891314,2024-01-01 14:46:19.000000,ACC002786,ACC132701,2432.04,0,BLOCK,1.0
TXN002922332,2024-01-01 14:47:42.476712,ACC063111,ACC002211,10274.92,1,BLOCK,0.0
TXN002967883,2024-01-01 14:47:47.481264,ACC004565,ACC053612,45852.88,1,BLOCK,1.0
TXN002835589,2024-01-01 14:48:04.000000,ACC014199,ACC002494,14856.57,0,BLOCK,0.0
TXN002962930,2024-01-01 14:48:53.176647,ACC004369,ACC028240,42566.27,1,BLOCK,1.0
TXN002939269,2024-01-01 14:49:10.745751,ACC059810,ACC002000,1653.4,1,BLOCK,0.0
TXN002975832,2024-01-01 14:49:16.000000,ACC005938,ACC023589,1724.35,0,BLOCK,1.0
TXN002830970,2024-01-01 14:51:41.000000,ACC001974,ACC042960,4956.14,0,BLOCK,1.0
TXN002843667,2024-01-01 14:51:54.878217,ACC022180,ACC001589,13622.87,1,BLOCK,0.0
TXN002984383,2024-01-01 14:53:39.000000,ACC145848,ACC005333,14729.19,0,BLOCK,0.0
TXN002853812,2024-01-01 14:54:33.000000,ACC005924,ACC078344,387.44,0,BLOCK,1.0
TXN002962960,2024-01-01 14:55:07.000000,ACC001003,ACC015849,1412.29,0,BLOCK,1.0
TXN002934003,2024-01-01 14:57:21.000000,ACC002751,ACC176539,2634.53,0,BLOCK,1.0
TXN002917770,2024-01-01 14:57:59.161475,ACC000883,ACC175484,45535.54,1,BLOCK,1.0
TXN002887025,2024-01-01 14:58:48.000000,ACC005529,ACC111591,5777.51,0,BLOCK,1.0
TXN000169349,2024-01-01 15:00:00.000000,ACC101361,ACC026234,28760.61,0,STEP_UP,0.0
TXN002903787,2024-01-01 15:00:00.000000,ACC052940,ACC004656,37751.56,0,BLOCK,0.0
TXN002967983,2024-01-01 15:00:00.000000,ACC130745,ACC001921,104704.94,0,BLOCK,0.0
TXN002981873,2024-01-01 15:00:00.000000,ACC036473,ACC002455,67936.42,0,BLOCK,0.0
TXN002972665,2024-01-01 15:00:00.000000,ACC101895,ACC000046,61599.26,0,BLOCK,0.0
TXN002889447,2024-01-01 15:00:00.000000,ACC106604,ACC004767,105092.07,0,BLOCK,0.0
TXN002858438,2024-01-01 15:00:33.749391,ACC005845,ACC017030,65187.82,1,BLOCK,1.0
TXN002919041,2024-01-01 15:02:11.000000,ACC002993,ACC072201,566.96,0,BLOCK,1.0
TXN002910347,2024-01-01 15:05:40.525815,ACC005336,ACC000425,100000.0,1,BLOCK,1.0
TXN002944121,2024-01-01 15:09:45.327596,ACC165748,ACC002686,523.27,1,BLOCK,0.0
TXN002916627,2024-01-01 15:10:16.083487,ACC007733,ACC001181,1571.36,1,BLOCK,0.0
TXN002860056,2024-01-01 15:11:29.959547,ACC002621,ACC014551,34692.61,0,BLOCK,1.0
TXN002858292,2024-01-01 15:15:14.876683,ACC114035,ACC000089,727.11,1,BLOCK,0.0
TXN002838780,2024-01-01 15:16:19.000000,ACC001248,ACC196651,3560.43,0,BLOCK,1.0
TXN002907419,2024-01-01 15:19:46.000000,ACC003419,ACC158806,2388.8,0,BLOCK,1.0
TXN002891206,2024-01-01 15:23:51.000000,ACC004544,ACC164281,1987.42,0,BLOCK,1.0
TXN002813805,2024-01-01 15:23:58.000000,ACC005554,ACC028415,3723.7,0,BLOCK,1.0
TXN002900953,2024-01-01 15:24:25.000000,ACC004505,ACC156529,1360.84,0,BLOCK,1.0
TXN002884665,2024-01-01 15:24:56.463510,ACC001824,ACC105384,30653.13,1,BLOCK,1.0
TXN002848094,2024-01-01 15:25:41.969334,ACC004362,ACC049901,45325.81,1,BLOCK,1.0
TXN002885644,2024-01-01 15:27:09.000000,ACC002460,ACC087813,374.45,0,BLOCK,1.0
TXN002858305,2024-01-01 15:27:41.891237,ACC096480,ACC000089,674.64,1,BLOCK,0.0
TXN002962934,2024-01-01 15:29:36.523191,ACC004369,ACC196758,42393.54,1,BLOCK,1.0
TXN002940366,2024-01-01 15:32:10.890912,ACC001309,ACC072122,131282.74,1,BLOCK,1.0
TXN002884666,2024-01-01 15:33:43.782581,ACC005123,ACC001824,55130.3,1,BLOCK,1.0
TXN002959116,2024-01-01 15:35:54.000000,ACC002309,ACC027865,421.23,0,BLOCK,1.0
TXN002856453,2024-01-01 15:37:58.000000,ACC006100,ACC049580,563.79,0,BLOCK,1.0
TXN002849064,2024-01-01 15:41:07.000000,ACC006077,ACC048001,5634.17,0,BLOCK,1.0
TXN002903788,2024-01-01 15:41:07.396375,ACC004656,ACC176022,23318.79,0,BLOCK,1.0
TXN002982505,2024-01-01 15:41:37.000000,ACC002325,ACC078415,163.15,0,BLOCK,1.0
TXN002843092,2024-01-01 15:43:43.000000,ACC003859,ACC104822,196.15,0,BLOCK,1.0
TXN001892153,2024-01-01 15:44:29.348438,ACC131910,ACC178058,47987.47,0,STEP_UP,0.0
TXN002988094,2024-01-01 15:46:03.827950,ACC072918,ACC003554,994.18,1,BLOCK,0.0
TXN002916592,2024-01-01 15:47:00.206600,ACC019289,ACC001181,1091.53,1,BLOCK,0.0
TXN002920346,2024-01-01 15:49:17.000000,ACC000598,ACC054639,329.38,0,BLOCK,1.0
TXN002851286,2024-01-01 15:53:48.000000,ACC004666,ACC017741,42.43,0,BLOCK,1.0
TXN002916602,2024-01-01 15:53:59.887879,ACC047578,ACC001181,1184.92,1,BLOCK,0.0
TXN002972547,2024-01-01 15:54:58.000000,ACC002082,ACC095456,160.4,0,BLOCK,1.0
TXN002989631,2024-01-01 15:55:24.608551,ACC004663,ACC115965,46874.77,1,BLOCK,1.0
TXN002931134,2024-01-01 15:56:08.585850,ACC005706,ACC000452,57337.68,1,BLOCK,1.0
TXN001730642,2024-01-01 15:56:46.913103,ACC163431,ACC125689,35441.96,0,STEP_UP,0.0
TXN002926799,2024-01-01 15:57:15.000000,ACC003434,ACC111109,100.6,0,BLOCK,1.0
TXN002975375,2024-01-01 15:58:21.000000,ACC004521,ACC132322,2206.67,0,BLOCK,1.0
TXN002996261,2024-01-01 15:59:09.613280,ACC126818,ACC003652,1721.75,1,BLOCK,0.0
TXN002848982,2024-01-01 15:59:20.000000,ACC004914,ACC184171,477.05,0,BLOCK,1.0
TXN000465783,2024-01-01 16:00:00.000000,ACC078488,ACC160422,107952.22,0,STEP_UP,0.0
TXN002935860,2024-01-01 16:00:00.000000,ACC103803,ACC003086,132504.45,0,BLOCK,0.0
TXN002912319,2024-01-01 16:00:00.000000,ACC017043,ACC002352,29841.88,0,BLOCK,0.0
TXN002723587,2024-01-01 16:00:00.000000,ACC190666,ACC127407,31403.23,0,STEP_UP,0.0272
TXN002974115,2024-01-01 16:00:20.127920,ACC119321,ACC000623,10807.05,1,BLOCK,0.0
TXN002934860,2024-01-01 16:03:24.000000,ACC005513,ACC099359,258.98,0,BLOCK,1.0
TXN002932032,2024-01-01 16:04:43.395514,ACC004483,ACC064883,10512.49,0,BLOCK,1.0
TXN002958951,2024-01-01 16:05:59.772112,ACC035177,ACC005418,10046.46,1,BLOCK,0.0
TXN002962929,2024-01-01 16:07:05.184543,ACC004369,ACC094865,42561.24,1,BLOCK,1.0
TXN002819715,2024-01-01 16:09:30.285462,ACC105732,ACC001784,10546.45,1,BLOCK,0.0
TXN002840083,2024-01-01 16:11:19.571950,ACC032503,ACC006109,533.6,1,BLOCK,0.0
TXN002959474,2024-01-01 16:12:57.000000,ACC005197,ACC057461,1290.85,0,BLOCK,1.0
TXN002916483,2024-01-01 16:16:25.081134,ACC003893,ACC069078,58550.98,0,BLOCK,1.0
TXN002824994,2024-01-01 16:17:37.000000,ACC000554,ACC178060,596.83,0,BLOCK,1.0
TXN002880828,2024-01-01 16:20:24.000000,ACC003894,ACC085831,242.21,0,BLOCK,1.0
TXN002939291,2024-01-01 16:21:31.211036,ACC129089,ACC002000,1689.87,1,BLOCK,0.0
TXN002973357,2024-01-01 16:22:22.000000,ACC005175,ACC016702,1600.52,0,BLOCK,1.0
TXN002982228,2024-01-01 16:24:25.000000,ACC005064,ACC168537,489.76,0,BLOCK,1.0
TXN003000607,2024-01-01 16:24:26.000000,ACC005271,ACC204115,1436.07,0,BLOCK,1.0
TXN002854020,2024-01-01 16:25:48.841998,ACC171373,ACC002077,622.81,1,BLOCK,0.0
TXN002898920,2024-01-01 16:26:20.062266,ACC001756,ACC009177,76226.49,0,BLOCK,1.0
TXN002898347,2024-01-01 16:26:36.000000,ACC002180,ACC069275,493.0,0,BLOCK,1.0
TXN002824949,2024-01-01 16:27:37.000000,ACC001438,ACC047474,6606.8,0,BLOCK,1.0
TXN002841193,2024-01-01 16:28:20.134199,ACC005085,ACC055591,13505.06,0,BLOCK,1.0
TXN002894896,2024-01-01 16:29:28.000000,ACC000538,ACC130851,668.18,0,BLOCK,1.0
TXN002873498,2024-01-01 16:30:01.000000,ACC005679,ACC196192,1156.62,0,STEP_UP,0.7726
TXN002953490,2024-01-01 16:30:35.000000,ACC002732,ACC200463,7006.12,0,BLOCK,1.0
TXN002864895,2024-01-01 16:34:43.876206,ACC114238,ACC002954,12453.5,1,BLOCK,0.0
TXN002981219,2024-01-01 16:38:09.000000,ACC002100,ACC180894,177.74,0,BLOCK,1.0
TXN002845002,2024-01-01 16:38:42.000000,ACC005965,ACC145087,763.22,0,BLOCK,1.0
TXN002894264,2024-01-01 16:40:57.000000,ACC001444,ACC164071,68.17,0,BLOCK,1.0
TXN002989637,2024-01-01 16:42:06.073193,ACC004663,ACC178011,47056.57,1,BLOCK,1.0
TXN000084737,2024-01-01 16:44:21.000000,ACC064510,ACC114155,40193.02,0,STEP_UP,0.0
TXN002988089,2024-01-01 16:48:09.980584,ACC126405,ACC003554,1786.7,1,BLOCK,0.0
TXN002975447,2024-01-01 16:49:52.000000,ACC000829,ACC009049,470.57,0,BLOCK,1.0
TXN002846510,2024-01-01 16:51:13.000000,ACC004394,ACC018066,169.62,0,BLOCK,1.0
TXN002932393,2024-01-01 16:55:32.000000,ACC002857,ACC143464,32.59,0,BLOCK,1.0
TXN002989636,2024-01-01 16:58:09.352679,ACC004663,ACC127769,47039.67,1,BLOCK,1.0
TXN002893161,2024-01-01 16:58:57.000000,ACC004713,ACC145559,100.11,0,BLOCK,0.873
TXN002943947,2024-01-01 16:59:00.325016,ACC000269,ACC004398,86732.72,1,BLOCK,1.0
TXN003000126,2024-01-01 17:00:00.000000,ACC090160,ACC000052,147302.28,0,BLOCK,0.0
TXN002954119,2024-01-01 17:00:00.000000,ACC104462,ACC001019,20491.95,0,BLOCK,0.0
TXN002996511,2024-01-01 17:00:00.000000,ACC187429,ACC000754,111721.15,0,BLOCK,0.0
TXN002974775,2024-01-01 17:00:00.000000,ACC071602,ACC003174,73528.7,0,BLOCK,0.0
TXN002824715,2024-01-01 17:00:00.000000,ACC120365,ACC000576,54331.78,0,BLOCK,0.0
TXN001099082,2024-01-01 17:00:00.000000,ACC110838,ACC186693,108825.84,0,STEP_UP,0.0
TXN001629533,2024-01-01 17:00:00.000000,ACC187482,ACC074731,72943.55,0,STEP_UP,0.0
TXN000405048,2024-01-01 17:00:00.000000,ACC174940,ACC167463,98210.88,0,STEP_UP,0.0
TXN002937143,2024-01-01 17:05:51.000000,ACC004573,ACC120759,419.47,0,BLOCK,1.0
TXN000601219,2024-01-01 17:06:37.697681,ACC191388,ACC193656,28167.56,0,STEP_UP,0.0
TXN002972882,2024-01-01 17:07:06.000000,ACC001778,ACC156994,282.78,0,BLOCK,1.0
TXN002948732,2024-01-01 17:09:40.000000,ACC003950,ACC019060,4151.87,0,BLOCK,1.0
TXN002972470,2024-01-01 17:10:14.414346,ACC004225,ACC130061,81539.43,1,BLOCK,1.0
TXN002908965,2024-01-01 17:10:58.000000,ACC005149,ACC169950,443.42,0,BLOCK,1.0
TXN002905425,2024-01-01 17:11:17.170038,ACC004380,ACC198009,15476.5,0,BLOCK,1.0
TXN000197150,2024-01-01 17:12:14.846178,ACC043678,ACC069232,28514.36,0,STEP_UP,0.0
TXN002961343,2024-01-01 17:12:34.022644,ACC001516,ACC192314,45790.03,1,BLOCK,1.0
TXN002964524,2024-01-01 17:14:32.000000,ACC000586,ACC177874,505.76,0,BLOCK,1.0
TXN002962436,2024-01-01 17:17:09.000000,ACC000478,ACC135840,589.12,0,BLOCK,1.0
TXN002875586,2024-01-01 17:18:03.000000,ACC005612,ACC191451,967.27,0,BLOCK,1.0
TXN002832382,2024-01-01 17:18:18.000000,ACC001747,ACC201200,1794.25,0,BLOCK,1.0
TXN002814494,2024-01-01 17:19:43.000000,ACC003330,ACC052929,3824.82,0,BLOCK,1.0
TXN002839968,2024-01-01 17:20:03.368012,ACC005482,ACC145358,64126.59,0,BLOCK,1.0
TXN002916607,2024-01-01 17:24:05.526877,ACC018626,ACC001181,464.72,1,BLOCK,0.0
TXN002851943,2024-01-01 17:26:15.000000,ACC000863,ACC090651,1171.35,0,BLOCK,1.0
TXN002954356,2024-01-01 17:32:17.000000,ACC004028,ACC019678,1459.05,0,BLOCK,1.0
TXN002996241,2024-01-01 17:35:57.431660,ACC020668,ACC003652,905.62,1,BLOCK,0.0
TXN002884833,2024-01-01 17:37:35.000000,ACC005717,ACC077102,675.51,0,BLOCK,1.0
TXN002876596,2024-01-01 17:39:05.423857,ACC121998,ACC002828,14194.76,1,BLOCK,0.0
TXN002909889,2024-01-01 17:39:12.000000,ACC004367,ACC009959,382.74,0,BLOCK,1.0
TXN002916609,2024-01-01 17:41:17.596789,ACC013781,ACC001181,702.65,1,BLOCK,0.0
TXN002981334,2024-01-01 17:41:59.994045,ACC001936,ACC191496,91701.28,1,BLOCK,1.0
TXN002840084,2024-01-01 17:43:34.634865,ACC010436,ACC006109,1149.34,1,BLOCK,0.0
TXN002999053,2024-01-01 17:45:00.000000,ACC004047,ACC109141,1275.88,0,BLOCK,1.0
TXN002875671,2024-01-01 17:48:18.639242,ACC045545,ACC001104,1893.71,1,BLOCK,0.0
TXN002957574,2024-01-01 17:48:32.009869,ACC002700,ACC175307,68973.81,0,BLOCK,1.0
TXN002996062,2024-01-01 17:50:49.246532,ACC166793,ACC004583,593.45,1,BLOCK,0.0
TXN002909759,2024-01-01 17:51:19.383836,ACC000825,ACC006244,8125.61,0,BLOCK,1.0
TXN002904572,2024-01-01 17:53:29.000000,ACC005468,ACC100188,3770.85,0,BLOCK,1.0
TXN002233395,2024-01-01 17:55:48.312176,ACC021046,ACC138992,62520.46,0,STEP_UP,0.0
TXN000601218,2024-01-01 17:56:06.823873,ACC191388,ACC191768,62141.33,0,STEP_UP,0.0
TXN002993397,2024-01-01 17:59:01.000000,ACC002961,ACC027287,2992.75,0,BLOCK,1.0
TXN000179803,2024-01-01 18:00:00.000000,ACC025767,ACC012370,135694.67,0,STEP_UP,0.0
TXN002835456,2024-01-01 18:00:00.000000,ACC016179,ACC005731,26617.91,0,BLOCK,0.0
TXN002907236,2024-01-01 18:00:00.000000,ACC144013,ACC005803,62233.87,0,BLOCK,0.0
TXN002816896,2024-01-01 18:00:00.000000,ACC042663,ACC000342,71280.34,0,BLOCK,0.0
TXN002904148,2024-01-01 18:00:00.000000,ACC192730,ACC002843,101256.24,0,BLOCK,0.0
TXN002907138,2024-01-01 18:00:00.000000,ACC105653,ACC002714,124554.91,0,BLOCK,0.0
TXN002931236,2024-01-01 18:00:00.000000,ACC033681,ACC003082,148383.92,0,BLOCK,0.0
TXN002896930,2024-01-01 18:00:00.000000,ACC026571,ACC000251,81777.34,0,BLOCK,0.0
TXN002838802,2024-01-01 18:00:00.000000,ACC078936,ACC001523,76744.64,0,BLOCK,0.0
TXN001240657,2024-01-01 18:00:00.000000,ACC162747,ACC154200,110172.57,0,STEP_UP,0.0
TXN002934624,2024-01-01 18:00:00.000000,ACC101996,ACC005257,60730.28,0,BLOCK,0.0
TXN000598682,2024-01-01 18:00:00.000000,ACC179980,ACC124975,82348.61,0,STEP_UP,0.0
TXN001015309,2024-01-01 18:00:00.000000,ACC125680,ACC103828,66685.91,0,STEP_UP,0.0
TXN001458826,2024-01-01 18:00:00.000000,ACC085374,ACC188612,80480.47,0,STEP_UP,0.0
TXN000322082,2024-01-01 18:00:00.000000,ACC136278,ACC131863,100166.04,0,STEP_UP,0.0
TXN002981875,2024-01-01 18:04:50.578292,ACC002455,ACC095299,45331.28,0,BLOCK,1.0
TXN002943255,2024-01-01 18:08:02.000000,ACC005868,ACC194163,4779.02,0,BLOCK,1.0
TXN002996075,2024-01-01 18:11:45.910650,ACC067185,ACC004583,1008.39,1,BLOCK,0.0
TXN002998460,2024-01-01 18:13:32.000000,ACC005920,ACC121038,5668.41,0,BLOCK,1.0
TXN002980230,2024-01-01 18:14:23.000000,ACC202076,ACC002984,10110.61,0,BLOCK,0.0
TXN001877543,2024-01-01 18:15:31.265250,ACC034884,ACC189750,44705.16,0,STEP_UP,0.0
TXN002862943,2024-01-01 18:15:56.000000,ACC004116,ACC126288,359.87,0,BLOCK,1.0
TXN002873067,2024-01-01 18:20:40.000000,ACC004406,ACC007199,70.25,0,BLOCK,1.0
TXN002944637,2024-01-01 18:22:30.993569,ACC052959,ACC000537,344.26,1,BLOCK,0.0
TXN002892496,2024-01-01 18:24:14.000000,ACC003898,ACC052315,539.99,0,BLOCK,1.0
TXN002956494,2024-01-01 18:26:52.000000,ACC004088,ACC158804,361.74,0,BLOCK,1.0
TXN000047130,2024-01-01 18:30:09.357916,ACC157903,ACC130031,49454.48,0,STEP_UP,0.0
TXN001007557,2024-01-01 18:30:28.557150,ACC168662,ACC157857,30947.16,0,STEP_UP,0.0
TXN002957621,2024-01-01 18:32:05.000000,ACC003844,ACC188594,41.96,0,BLOCK,1.0
TXN002391071,2024-01-01 18:32:09.767496,ACC202383,ACC051281,31429.17,0,STEP_UP,0.0
TXN002874755,2024-01-01 18:34:15.000000,ACC001090,ACC036302,472.13,0,BLOCK,1.0
TXN002874720,2024-01-01 18:35:43.000000,ACC000063,ACC064590,225.25,0,BLOCK,1.0
TXN002953382,2024-01-01 18:36:18.000000,ACC005987,ACC016270,351.06,0,BLOCK,1.0
TXN002918603,2024-01-01 18:38:50.000000,ACC135227,ACC000039,11228.66,0,BLOCK,0.0
TXN002967886,2024-01-01 18:39:50.159728,ACC004565,ACC166101,45731.62,1,BLOCK,1.0
TXN002935861,2024-01-01 18:40:42.292829,ACC003086,ACC033205,72062.34,0,BLOCK,1.0
TXN002858301,2024-01-01 18:43:26.211575,ACC149023,ACC000089,629.07,1,BLOCK,0.0
TXN002901755,2024-01-01 18:44:12.000000,ACC001031,ACC122581,1730.93,0,BLOCK,1.0
TXN002985148,2024-01-01 18:53:08.000000,ACC006126,ACC073625,11.84,0,BLOCK,1.0
TXN002870901,2024-01-01 18:55:08.000000,ACC003261,ACC043013,47.66,0,BLOCK,1.0
TXN002845110,2024-01-01 18:55:40.000000,ACC000172,ACC148859,2075.19,0,BLOCK,1.0
TXN002836522,2024-01-01 19:00:12.000000,ACC006029,ACC061322,384.76,0,BLOCK,1.0
TXN002996069,2024-01-01 19:00:18.798583,ACC099225,ACC004583,1761.22,1,BLOCK,0.0
TXN002858286,2024-01-01 19:01:19.489262,ACC162290,ACC000089,1266.64,1,BLOCK,0.0
TXN002978536,2024-01-01 19:02:15.233663,ACC004033,ACC043953,17355.51,0,BLOCK,1.0
TXN002931642,2024-01-01 19:04:03.922814,ACC002151,ACC005282,46258.6,1,BLOCK,1.0
TXN002858437,2024-01-01 19:04:07.474950,ACC005845,ACC017030,109084.6,1,BLOCK,1.0
TXN002938068,2024-01-01 19:06:42.000000,ACC004207,ACC033833,11290.5,0,BLOCK,1.0
TXN002932475,2024-01-01 19:07:18.000000,ACC000132,ACC061038,5134.31,0,BLOCK,1.0
TXN002861440,2024-01-01 19:09:44.635854,ACC060339,ACC001889,13854.49,1,BLOCK,0.0
TXN002814934,2024-01-01 19:11:53.000000,ACC000648,ACC051310,4389.87,0,BLOCK,1.0
TXN002893319,2024-01-01 19:13:32.799405,ACC095001,ACC000222,839.85,1,BLOCK,0.0
TXN002840081,2024-01-01 19:24:56.886543,ACC012081,ACC006109,1265.41,1,BLOCK,0.0
TXN002533833,2024-01-01 19:26:40.498439,ACC045086,ACC106589,53192.9,0,STEP_UP,0.0
TXN002916596,2024-01-01 19:28:01.773161,ACC091776,ACC001181,1848.42,1,BLOCK,0.0
TXN002981421,2024-01-01 19:32:11.532027,ACC005741,ACC164829,43872.03,1,BLOCK,1.0
TXN002925069,2024-01-01 19:32:12.000000,ACC003499,ACC175670,2141.87,0,BLOCK,1.0
TXN002855854,2024-01-01 19:39:14.843664,ACC092370,ACC000699,10245.95,1,BLOCK,0.0
TXN002981424,2024-01-01 19:39:50.520797,ACC005741,ACC091182,43809.63,1,BLOCK,1.0
TXN002819094,2024-01-01 19:41:52.837339,ACC003951,ACC093367,55389.27,0,BLOCK,1.0
TXN002817960,2024-01-01 19:48:08.098519,ACC005448,ACC001067,100000.0,1,BLOCK,1.0
TXN002967985,2024-01-01 19:49:16.389630,ACC001921,ACC072982,51228.03,0,BLOCK,1.0
TXN002952552,2024-01-01 19:51:30.907215,ACC000051,ACC044843,16384.52,0,BLOCK,1.0
TXN002875832,2024-01-01 19:52:56.000000,ACC001596,ACC181003,2798.56,0,BLOCK,1.0
TXN002981422,2024-01-01 19:53:56.486141,ACC005741,ACC061419,43767.76,1,BLOCK,1.0
TXN002820117,2024-01-01 19:55:25.000000,ACC000759,ACC035566,1701.35,0,BLOCK,1.0
TXN002875803,2024-01-01 20:02:44.119884,ACC002384,ACC080566,65654.94,1,BLOCK,1.0
TXN002884667,2024-01-01 20:06:34.271056,ACC001824,ACC105384,50766.81,1,BLOCK,1.0
TXN000047131,2024-01-01 20:06:50.952272,ACC157903,ACC191089,42508.7,0,STEP_UP,0.0
TXN002863176,2024-01-01 20:10:41.000000,ACC004171,ACC146547,827.92,0,BLOCK,1.0
TXN002866051,2024-01-01 20:12:43.451267,ACC004154,ACC002578,100000.0,1,BLOCK,1.0
TXN002916623,2024-01-01 20:18:25.822148,ACC025317,ACC001181,1191.47,1,BLOCK,0.0
TXN002981874,2024-01-01 20:18:52.546677,ACC002455,ACC128701,34974.97,0,BLOCK,1.0
TXN000201165,2024-01-01 20:26:49.560752,ACC093142,ACC019241,76033.27,0,STEP_UP,0.0
TXN002907139,2024-01-01 20:27:53.929035,ACC002714,ACC092830,79449.5,0,BLOCK,1.0
TXN002931133,2024-01-01 20:28:04.676459,ACC000452,ACC041360,13722.17,1,BLOCK,1.0
TXN002940367,2024-01-01 20:28:18.164183,ACC001309,ACC072122,70278.92,1,BLOCK,1.0
TXN002864431,2024-01-01 20:28:35.000000,ACC002452,ACC085769,394.26,0,BLOCK,1.0
TXN002855067,2024-01-01 20:29:24.284172,ACC004428,ACC023374,40875.84,0,BLOCK,1.0
TXN002854978,2024-01-01 20:31:45.002315,ACC002424,ACC003414,49501.53,1,BLOCK,1.0
TXN002876606,2024-01-01 20:34:57.002927,ACC002828,ACC097734,122334.11,1,BLOCK,1.0
TXN002900334,2024-01-01 20:37:18.428691,ACC002985,ACC088534,27172.43,0,BLOCK,1.0
TXN002985630,2024-01-01 20:39:15.000000,ACC000090,ACC093747,3829.24,0,BLOCK,1.0
TXN002924163,2024-01-01 20:41:14.000000,ACC000592,ACC190038,4056.99,0,BLOCK,1.0
TXN002826764,2024-01-01 20:41:35.956119,ACC003137,ACC001660,90239.09,1,BLOCK,1.0
TXN002819716,2024-01-01 20:42:43.090218,ACC118823,ACC001784,10693.81,1,BLOCK,0.0
TXN000219130,2024-01-01 20:45:47.182585,ACC174045,ACC196153,64539.99,0,STEP_UP,0.0
TXN002816470,2024-01-01 20:46:54.515975,ACC001540,ACC165350,31581.55,0,BLOCK,1.0
TXN002861424,2024-01-01 20:47:03.375911,ACC189085,ACC001889,14244.85,1,BLOCK,0.0
TXN002861371,2024-01-01 20:50:54.800971,ACC092334,ACC005334,13223.72,1,BLOCK,0.0
TXN002854025,2024-01-01 20:57:53.427088,ACC118956,ACC002077,1700.42,1,BLOCK,0.0
TXN002839704,2024-01-01 20:59:03.000000,ACC005125,ACC133946,391.73,0,BLOCK,1.0
TXN002988823,2024-01-01 21:00:55.000000,ACC001207,ACC189603,452.85,0,BLOCK,1.0
TXN002961687,2024-01-01 21:04:52.586892,ACC001835,ACC000611,100000.0,1,BLOCK,1.0
TXN001539907,2024-01-01 21:10:31.758497,ACC083519,ACC112877,41062.09,0,STEP_UP,0.0
TXN002649342,2024-01-01 21:18:16.066369,ACC107912,ACC078299,31672.79,0,STEP_UP,0.0
TXN002889130,2024-01-01 21:19:36.017390,ACC005810,ACC026998,30877.87,0,BLOCK,1.0
TXN002898921,2024-01-01 21:21:38.174360,ACC001756,ACC185490,80154.78,0,BLOCK,1.0
TXN002899190,2024-01-01 21:27:30.000000,ACC004421,ACC006154,307.71,0,BLOCK,1.0
TXN002926065,2024-01-01 21:31:34.000000,ACC003098,ACC137141,743.14,0,BLOCK,1.0
TXN002893334,2024-01-01 21:33:56.206187,ACC008089,ACC000222,230.3,1,BLOCK,0.0
TXN002888464,2024-01-01 21:34:27.000000,ACC001737,ACC153346,579.9,0,BLOCK,1.0
TXN002870225,2024-01-01 21:35:41.523673,ACC063101,ACC003029,480.44,1,BLOCK,0.0
TXN002898254,2024-01-01 21:37:35.572732,ACC024097,ACC004689,12964.68,1,BLOCK,0.0
TXN002954121,2024-01-01 21:40:54.705048,ACC001019,ACC124915,11229.42,0,BLOCK,1.0
TXN002988095,2024-01-01 21:45:08.966135,ACC091749,ACC003554,1046.95,1,BLOCK,0.0
TXN002995094,2024-01-01 21:47:09.164268,ACC001240,ACC123933,39195.58,0,BLOCK,1.0
TXN003000127,2024-01-01 21:49:34.989855,ACC000052,ACC129437,70174.74,0,BLOCK,1.0
TXN002927286,2024-01-01 21:49:49.000000,ACC004390,ACC054266,822.78,0,BLOCK,1.0
TXN002854903,2024-01-01 21:55:24.241759,ACC003845,ACC003659,100000.0,1,BLOCK,1.0
TXN002931643,2024-01-01 22:03:39.310713,ACC005282,ACC039687,45325.81,1,BLOCK,1.0
TXN002912320,2024-01-01 22:07:51.640071,ACC002352,ACC101577,18100.27,0,BLOCK,1.0
TXN002996260,2024-01-01 22:10:22.167163,ACC194204,ACC003652,1082.1,1,BLOCK,0.0
TXN002934626,2024-01-01 22:10:36.755197,ACC005257,ACC013267,36226.22,0,BLOCK,1.0
TXN002951905,2024-01-01 22:12:02.101849,ACC002676,ACC167042,59784.63,0,BLOCK,1.0
TXN002870236,2024-01-01 22:20:59.952716,ACC196380,ACC003029,584.59,1,BLOCK,0.0
TXN002917762,2024-01-01 22:24:43.196276,ACC000883,ACC018942,45471.48,1,BLOCK,1.0
TXN002826533,2024-01-01 22:32:36.000000,ACC001809,ACC039681,652.25,0,BLOCK,1.0
TXN002878159,2024-01-01 22:34:26.000000,ACC002955,ACC058509,3143.57,0,BLOCK,1.0
TXN002925764,2024-01-01 22:37:41.898916,ACC064581,ACC003975,14361.57,1,BLOCK,0.0
TXN000219129,2024-01-01 22:38:19.980798,ACC174045,ACC165519,29884.91,0,STEP_UP,0.0
TXN002910348,2024-01-01 22:38:30.788722,ACC000425,ACC004741,100000.0,1,BLOCK,1.0
TXN002898137,2024-01-01 22:39:12.281678,ACC004512,ACC121113,79745.9,1,BLOCK,1.0
TXN002664398,2024-01-01 22:40:10.000000,ACC021875,ACC191158,46637.44,0,STEP_UP,0.0
TXN002909757,2024-01-01 22:40:29.362749,ACC000825,ACC019975,12598.92,0,BLOCK,1.0
TXN002890330,2024-01-01 22:42:01.148361,ACC000164,ACC198020,55633.94,0,BLOCK,1.0
TXN002967887,2024-01-01 22:44:14.800460,ACC004565,ACC166101,45942.31,1,BLOCK,1.0
TXN002976396,2024-01-01 22:46:08.763774,ACC002743,ACC132956,12084.4,0,BLOCK,1.0
TXN002995093,2024-01-01 22:51:48.539657,ACC001240,ACC184464,36217.17,0,BLOCK,1.0
TXN000084099,2024-01-01 22:52:59.851171,ACC137556,ACC191534,39801.2,0,STEP_UP,0.0
TXN002990700,2024-01-01 22:55:19.572956,ACC001015,ACC067200,70147.18,1,BLOCK,1.0
TXN001083693,2024-01-01 22:56:10.463796,ACC180765,ACC035997,60159.73,0,STEP_UP,0.0
TXN002843692,2024-01-01 22:57:13.536495,ACC001589,ACC174765,62207.08,1,BLOCK,1.0
TXN002949649,2024-01-01 23:05:12.523171,ACC002320,ACC153208,31221.8,0,BLOCK,1.0
TXN002996512,2024-01-01 23:13:17.460591,ACC000754,ACC090422,54038.65,0,BLOCK,1.0
TXN002848915,2024-01-01 23:15:39.000000,ACC000621,ACC058099,792.09,0,BLOCK,1.0
TXN001618313,2024-01-01 23:18:31.863375,ACC185916,ACC114135,29912.87,0,STEP_UP,0.0
TXN000047129,2024-01-01 23:23:25.342160,ACC157903,ACC100685,48809.6,0,STEP_UP,0.0
TXN002901035,2024-01-01 23:28:30.000000,ACC003188,ACC122178,4920.03,0,BLOCK,1.0
TXN002996265,2024-01-01 23:29:01.289023,ACC117269,ACC003652,1543.65,1,BLOCK,0.0
TXN001690158,2024-01-01 23:50:24.951153,ACC149785,ACC112117,47404.89,0,STEP_UP,0.0
TXN002890331,2024-01-01 23:50:34.823561,ACC000164,ACC170505,77246.73,0,BLOCK,1.0
TXN002937965,2024-01-01 23:51:19.962593,ACC003116,ACC178686,51979.52,0,BLOCK,1.0
TXN002872279,2024-01-01 23:53:44.000000,ACC004886,ACC114549,192.31,0,BLOCK,1.0
TXN002891466,2024-01-02 00:00:00.000000,ACC004768,ACC034361,42846.51,1,BLOCK,1.0
TXN002846378,2024-01-02 00:00:00.000000,ACC005595,ACC002814,64725.35,1,BLOCK,1.0
TXN002894017,2024-01-02 00:00:00.000000,ACC003858,ACC015989,44519.3,1,BLOCK,1.0
TXN002847250,2024-01-02 00:00:00.000000,ACC004568,ACC005933,20726.28,1,BLOCK,1.0
TXN002841981,2024-01-02 00:00:00.000000,ACC000485,ACC002133,100000.0,1,BLOCK,1.0
TXN002954514,2024-01-02 00:00:00.000000,ACC000176,ACC005954,70590.22,1,BLOCK,1.0
TXN002943711,2024-01-02 00:00:00.000000,ACC003985,ACC003488,100000.0,1,BLOCK,1.0
TXN002933892,2024-01-02 00:00:00.000000,ACC000275,ACC003900,121531.28,1,BLOCK,1.0
TXN002868743,2024-01-02 00:00:00.000000,ACC004406,ACC004757,33836.16,1,BLOCK,1.0
TXN002892698,2024-01-02 00:00:00.000000,ACC001797,ACC003854,47904.55,1,BLOCK,1.0
TXN002971135,2024-01-02 00:00:00.000000,ACC000748,ACC005261,31848.65,1,BLOCK,1.0
TXN002834756,2024-01-02 00:00:00.000000,ACC005560,ACC003325,194817.96,1,BLOCK,1.0
TXN002954885,2024-01-02 00:00:00.000000,ACC002718,ACC003325,181436.87,1,BLOCK,1.0
TXN002881202,2024-01-02 00:00:00.000000,ACC000086,ACC000508,39689.81,1,BLOCK,1.0
TXN002993365,2024-01-02 00:00:00.000000,ACC004818,ACC002216,146079.82,1,BLOCK,1.0
TXN002905300,2024-01-02 00:00:00.000000,ACC003948,ACC003889,70040.26,1,BLOCK,1.0
TXN002854573,2024-01-02 00:00:00.000000,ACC003040,ACC001932,100000.0,1,BLOCK,1.0
TXN002835288,2024-01-02 00:00:00.000000,ACC000135,ACC004069,86759.23,1,BLOCK,1.0
TXN002829266,2024-01-02 00:00:00.000000,ACC000218,ACC142742,45468.04,1,BLOCK,1.0
TXN002985461,2024-01-02 00:00:00.000000,ACC001039,ACC005464,20858.99,1,BLOCK,1.0
TXN002954292,2024-01-02 00:00:00.000000,ACC000435,ACC199490,47134.87,1,BLOCK,1.0
TXN002961597,2024-01-02 00:00:00.000000,ACC003215,ACC004305,179678.71,1,BLOCK,1.0
TXN002939985,2024-01-02 00:00:00.000000,ACC001289,ACC005681,68998.02,1,BLOCK,1.0
TXN002847572,2024-01-02 00:00:00.000000,ACC002458,ACC025430,46776.0,1,BLOCK,1.0
TXN002997231,2024-01-02 00:00:00.000000,ACC000688,ACC002311,100000.0,1,BLOCK,1.0
TXN002826260,2024-01-02 00:00:00.000000,ACC005168,ACC003043,100000.0,1,BLOCK,1.0
TXN002908529,2024-01-02 00:00:00.000000,ACC000387,ACC000820,100000.0,1,BLOCK,1.0
TXN002992483,2024-01-02 00:00:00.000000,ACC002689,ACC043302,44396.04,1,BLOCK,1.0
TXN002987134,2024-01-02 00:00:00.000000,ACC004859,ACC191786,40579.15,1,BLOCK,1.0
TXN002907480,2024-01-02 00:00:00.000000,ACC001191,ACC086849,35578.26,1,BLOCK,1.0
TXN002962623,2024-01-02 00:00:00.000000,ACC002344,ACC003812,35380.94,1,BLOCK,1.0
TXN002969156,2024-01-02 00:00:00.000000,ACC003663,ACC005899,63195.33,1,BLOCK,1.0
TXN002897670,2024-01-02 00:08:23.436526,ACC002657,ACC005618,25479.52,1,BLOCK,1.0
TXN002855068,2024-01-02 00:09:07.548919,ACC004428,ACC180610,32022.99,0,BLOCK,1.0
TXN002861553,2024-01-02 00:12:31.068115,ACC136202,ACC001645,11160.42,1,BLOCK,0.0
TXN002974776,2024-01-02 00:15:31.758226,ACC003174,ACC021831,25656.02,0,BLOCK,1.0
TXN002916600,2024-01-02 00:17:21.111610,ACC019289,ACC001181,591.47,1,BLOCK,0.0
TXN002917816,2024-01-02 00:17:40.458360,ACC106965,ACC004506,1264.98,1,BLOCK,0.0
TXN002997182,2024-01-02 00:17:43.946419,ACC087892,ACC002240,14095.95,1,BLOCK,0.0
TXN002833929,2024-01-02 00:20:30.195488,ACC026815,ACC005964,14576.58,1,BLOCK,0.0
TXN002842641,2024-01-02 00:21:28.000000,ACC004075,ACC049544,3016.38,0,BLOCK,1.0
TXN002840708,2024-01-02 00:21:38.000000,ACC006122,ACC099008,1712.73,0,BLOCK,1.0
TXN002962936,2024-01-02 00:22:25.842914,ACC004369,ACC154304,42666.19,1,BLOCK,1.0
TXN002907173,2024-01-02 00:23:24.948869,ACC130262,ACC002714,687.12,1,BLOCK,0.0
TXN002889194,2024-01-02 00:26:31.833763,ACC122496,ACC004695,1825.72,1,BLOCK,0.0
TXN002996065,2024-01-02 00:26:43.181065,ACC028894,ACC004583,602.93,1,BLOCK,0.0
TXN002988098,2024-01-02 00:27:11.494757,ACC070194,ACC003554,1280.52,1,BLOCK,0.0
TXN002890385,2024-01-02 00:28:57.223240,ACC000224,ACC049746,28740.9,0,BLOCK,1.0
TXN002944117,2024-01-02 00:31:40.376491,ACC012126,ACC002686,1116.86,1,BLOCK,0.0
TXN002972473,2024-01-02 00:33:52.892380,ACC005889,ACC004225,25874.62,1,BLOCK,1.0
TXN002971136,2024-01-02 00:35:23.861596,ACC005261,ACC092646,31349.64,1,BLOCK,1.0
TXN002907237,2024-01-02 00:41:33.736992,ACC005803,ACC097830,33454.71,0,BLOCK,1.0
TXN002972471,2024-01-02 00:42:46.580715,ACC005889,ACC004225,85129.65,1,BLOCK,1.0
TXN000084098,2024-01-02 00:43:47.525734,ACC137556,ACC031056,73388.64,0,STEP_UP,0.0
TXN002982219,2024-01-02 00:43:53.000000,ACC005064,ACC006347,1227.72,0,BLOCK,1.0
TXN002814767,2024-01-02 00:51:58.094532,ACC001792,ACC149582,16750.47,0,BLOCK,1.0
TXN002999769,2024-01-02 00:52:38.268133,ACC000472,ACC116505,41769.51,0,BLOCK,1.0
TXN002939514,2024-01-02 01:01:34.808744,ACC001432,ACC133508,22890.95,0,BLOCK,1.0
TXN002929511,2024-01-02 01:02:20.411851,ACC172404,ACC001386,10951.14,1,BLOCK,0.0
TXN002831680,2024-01-02 01:04:17.749217,ACC056742,ACC002246,14582.59,1,BLOCK,0.0
TXN002954294,2024-01-02 01:07:00.695118,ACC000435,ACC161186,46842.6,1,BLOCK,1.0
TXN001558081,2024-01-02 01:07:56.449677,ACC204142,ACC169332,38303.53,0,STEP_UP,0.0
TXN002987136,2024-01-02 01:08:00.262948,ACC004859,ACC128726,40678.95,1,BLOCK,1.0
TXN002917801,2024-01-02 01:08:35.833085,ACC107734,ACC004506,220.88,1,BLOCK,0.0
TXN002943656,2024-01-02 01:10:47.609102,ACC203615,ACC000397,794.79,1,BLOCK,0.0
TXN002939284,2024-01-02 01:18:03.494311,ACC175456,ACC002000,1676.8,1,BLOCK,0.0
TXN001690159,2024-01-02 01:19:34.735075,ACC149785,ACC096145,45739.73,0,STEP_UP,0.0
TXN002978535,2024-01-02 01:20:32.298030,ACC004033,ACC156219,9764.86,0,BLOCK,1.0
TXN002929514,2024-01-02 01:20:35.141937,ACC172404,ACC001386,11594.99,1,BLOCK,0.0
TXN002889198,2024-01-02 01:20:52.221974,ACC172684,ACC004695,449.24,1,BLOCK,0.0
TXN002951906,2024-01-02 01:22:47.539368,ACC002676,ACC094075,58127.25,0,BLOCK,1.0
TXN002954122,2024-01-02 01:23:07.696390,ACC001019,ACC143555,5775.79,0,BLOCK,1.0
TXN002916490,2024-01-02 01:24:32.147270,ACC003893,ACC159543,19794.54,0,BLOCK,1.0
TXN002922995,2024-01-02 01:26:26.356500,ACC096475,ACC000742,13608.18,1,BLOCK,0.0
TXN002997188,2024-01-02 01:32:21.618218,ACC042827,ACC002240,12497.55,1,BLOCK,0.0
TXN002937966,2024-01-02 01:32:22.901418,ACC003116,ACC092190,48674.89,0,BLOCK,1.0
TXN002853197,2024-01-02 01:32:33.872218,ACC155142,ACC005381,911.71,1,BLOCK,0.0
TXN002973275,2024-01-02 01:37:00.000000,ACC003032,ACC014760,915.48,0,BLOCK,1.0
TXN002866498,2024-01-02 01:40:31.516808,ACC095426,ACC003472,10871.76,1,BLOCK,0.0
TXN002944633,2024-01-02 01:40:46.822843,ACC200351,ACC000537,1415.6,1,BLOCK,0.0
TXN001730641,2024-01-02 01:41:01.027805,ACC163431,ACC094640,38063.58,0,STEP_UP,0.0
TXN002931238,2024-01-02 01:47:18.735632,ACC003082,ACC086187,83415.61,0,BLOCK,1.0
TXN002847574,2024-01-02 01:50:56.933317,ACC002458,ACC055822,46736.52,1,BLOCK,1.0
TXN002876605,2024-01-02 01:51:16.642739,ACC002828,ACC097734,225678.41,1,BLOCK,1.0
TXN000481787,2024-01-02 01:51:22.774273,ACC116979,ACC202734,33245.47,0,STEP_UP,0.0
TXN002898922,2024-01-02 01:52:56.439295,ACC001756,ACC009177,51063.31,0,BLOCK,1.0
TXN002870230,2024-01-02 01:53:14.371725,ACC041861,ACC003029,1627.65,1,BLOCK,0.0
TXN002971267,2024-01-02 01:53:24.000000,ACC002079,ACC074493,1384.8,0,BLOCK,1.0
TXN002866490,2024-01-02 01:55:15.529150,ACC106522,ACC003472,11857.86,1,BLOCK,0.0
TXN002907238,2024-01-02 01:56:32.024718,ACC005803,ACC044762,21698.18,0,BLOCK,1.0
TXN002951106,2024-01-02 02:01:56.593963,ACC061603,ACC001477,14726.39,1,BLOCK,0.0
TXN002829267,2024-01-02 02:04:25.548209,ACC000218,ACC124079,45579.24,1,BLOCK,1.0
TXN002973406,2024-01-02 02:07:12.941583,ACC165561,ACC000327,1156.19,1,BLOCK,0.0
TXN002891467,2024-01-02 02:09:01.875597,ACC004768,ACC119803,42905.1,1,BLOCK,1.0
TXN002855069,2024-01-02 02:09:02.815830,ACC004428,ACC134442,48917.72,0,BLOCK,1.0
TXN002934627,2024-01-02 02:12:07.378027,ACC005257,ACC066792,27457.31,0,BLOCK,1.0
TXN002997232,2024-01-02 02:13:55.190201,ACC002311,ACC005588,100000.0,1,BLOCK,1.0
TXN002904117,2024-01-02 02:17:20.000167,ACC106473,ACC006096,13640.15,1,BLOCK,0.0
TXN002958844,2024-01-02 02:18:41.000000,ACC001364,ACC113175,419.35,0,BLOCK,1.0
TXN002854017,2024-01-02 02:19:42.550572,ACC058994,ACC002077,545.66,1,BLOCK,0.0
TXN002889128,2024-01-02 02:19:49.473145,ACC005810,ACC199379,53576.58,0,BLOCK,1.0
TXN002844648,2024-01-02 02:22:14.111966,ACC081167,ACC003675,14778.32,1,BLOCK,0.0
TXN002844649,2024-01-02 02:22:29.147165,ACC083907,ACC003675,13569.05,1,BLOCK,0.0
TXN002917789,2024-01-02 02:22:51.746438,ACC009443,ACC004506,1510.93,1,BLOCK,0.0
TXN002912094,2024-01-02 02:24:41.228335,ACC074952,ACC004773,14248.27,1,BLOCK,0.0
TXN002917769,2024-01-02 02:24:54.389725,ACC000883,ACC073334,45393.15,1,BLOCK,1.0
TXN002989633,2024-01-02 02:28:35.817961,ACC004663,ACC048874,46903.45,1,BLOCK,1.0
TXN002944128,2024-01-02 02:29:17.948504,ACC035532,ACC002686,235.46,1,BLOCK,0.0
TXN002916994,2024-01-02 02:29:26.789057,ACC144244,ACC002847,525.02,1,BLOCK,0.0
TXN002935142,2024-01-02 02:30:15.365303,ACC002436,ACC050092,11083.88,0,BLOCK,1.0
TXN002954293,2024-01-02 02:31:04.414681,ACC000435,ACC054825,46993.61,1,BLOCK,1.0
TXN002944109,2024-01-02 02:31:52.547696,ACC061591,ACC002686,1396.51,1,BLOCK,0.0
TXN002889129,2024-01-02 02:32:59.187873,ACC005810,ACC046357,60985.61,0,BLOCK,1.0
TXN002942635,2024-01-02 02:35:42.179356,ACC014727,ACC006144,744.92,1,BLOCK,0.0
TXN002996243,2024-01-02 02:42:19.627327,ACC020668,ACC003652,321.5,1,BLOCK,0.0
TXN002391070,2024-01-02 02:42:46.322590,ACC202383,ACC054801,45938.9,0,STEP_UP,0.0
TXN002924256,2024-01-02 02:42:57.437424,ACC133462,ACC004683,10446.04,1,BLOCK,0.0
TXN001007558,2024-01-02 02:45:05.314764,ACC168662,ACC076775,54667.9,0,STEP_UP,0.0
TXN002839967,2024-01-02 02:51:45.183036,ACC005482,ACC069755,68240.27,0,BLOCK,1.0
TXN002973405,2024-01-02 02:51:56.367074,ACC144757,ACC000327,1565.16,1,BLOCK,0.0
TXN002993366,2024-01-02 02:52:12.512072,ACC002216,ACC002182,141697.43,1,BLOCK,1.0
TXN002996068,2024-01-02 02:53:47.058949,ACC152240,ACC004583,486.13,1,BLOCK,0.0
TXN002834654,2024-01-02 02:55:01.534555,ACC094507,ACC002483,1407.48,1,BLOCK,0.0
TXN002816897,2024-01-02 02:57:24.779399,ACC000342,ACC042663,34110.24,0,BLOCK,1.0
TXN002875657,2024-01-02 02:57:52.028665,ACC114081,ACC001104,841.91,1,BLOCK,0.0
TXN002841194,2024-01-02 03:00:36.129518,ACC005085,ACC135197,11835.89,0,BLOCK,1.0
TXN002988028,2024-01-02 03:05:37.000000,ACC002763,ACC200903,897.94,0,BLOCK,1.0
TXN002997178,2024-01-02 03:06:05.905284,ACC076177,ACC002240,14395.7,1,BLOCK,0.0
TXN002935143,2024-01-02 03:06:24.547086,ACC002436,ACC023966,10337.45,0,BLOCK,1.0
TXN002533832,2024-01-02 03:06:59.463345,ACC045086,ACC016981,34495.16,0,STEP_UP,0.0
TXN002958973,2024-01-02 03:07:15.373987,ACC005418,ACC144134,160014.87,1,BLOCK,1.0
TXN002907482,2024-01-02 03:08:06.271596,ACC001191,ACC086849,35639.15,1,BLOCK,1.0
TXN002908530,2024-01-02 03:08:55.521980,ACC000820,ACC000851,100000.0,1,BLOCK,1.0
TXN002962932,2024-01-02 03:09:41.182247,ACC004369,ACC127731,42633.74,1,BLOCK,1.0
TXN002981266,2024-01-02 03:11:35.588607,ACC027158,ACC005970,11967.7,1,BLOCK,0.0
TXN002917763,2024-01-02 03:14:46.854258,ACC000883,ACC147174,45284.51,1,BLOCK,1.0
TXN002916628,2024-01-02 03:17:09.252567,ACC112450,ACC001181,499.84,1,BLOCK,0.0
TXN002860054,2024-01-02 03:17:38.163179,ACC002621,ACC156824,39014.64,0,BLOCK,1.0
TXN002814766,2024-01-02 03:19:56.656879,ACC001792,ACC125907,18795.08,0,BLOCK,1.0
TXN002921050,2024-01-02 03:21:55.000000,ACC000839,ACC117595,6185.61,0,BLOCK,1.0
TXN002816898,2024-01-02 03:22:22.580977,ACC000342,ACC080825,27064.65,0,BLOCK,1.0
TXN000481788,2024-01-02 03:22:35.856307,ACC116979,ACC029443,40705.65,0,STEP_UP,0.0
TXN002818861,2024-01-02 03:24:11.043299,ACC098293,ACC002366,10220.86,1,BLOCK,0.0
TXN002977705,2024-01-02 03:24:13.725485,ACC171477,ACC001041,1453.56,1,BLOCK,0.0
TXN002854018,2024-01-02 03:25:51.056695,ACC062789,ACC002077,1494.21,1,BLOCK,0.0
TXN002883588,2024-01-02 03:27:24.000000,ACC003565,ACC176377,1005.51,0,BLOCK,1.0
TXN002891468,2024-01-02 03:32:11.186801,ACC004768,ACC127958,42694.31,1,BLOCK,1.0
TXN002916993,2024-01-02 03:35:10.281340,ACC120811,ACC002847,916.35,1,BLOCK,0.0
TXN002992484,2024-01-02 03:38:55.803667,ACC002689,ACC150030,44188.65,1,BLOCK,1.0
TXN002841982,2024-01-02 03:42:06.168475,ACC002133,ACC004351,185345.6,1,BLOCK,1.0
TXN002972472,2024-01-02 03:43:26.435478,ACC004225,ACC130061,83299.44,1,BLOCK,1.0
TXN002831882,2024-01-02 03:43:59.040367,ACC001618,ACC036991,47032.04,1,BLOCK,1.0
TXN002902986,2024-01-02 03:44:34.000000,ACC002853,ACC010979,249.32,0,BLOCK,1.0
TXN002987135,2024-01-02 03:45:21.918000,ACC004859,ACC060690,40535.87,1,BLOCK,1.0
TXN002907481,2024-01-02 03:46:03.229750,ACC001191,ACC053167,35414.8,1,BLOCK,1.0
TXN002962775,2024-01-02 03:47:01.989387,ACC038491,ACC000552,13155.63,1,BLOCK,0.0
TXN002847573,2024-01-02 03:48:53.910383,ACC002458,ACC182366,46721.96,1,BLOCK,1.0
TXN001877542,2024-01-02 03:53:46.121467,ACC034884,ACC140757,28503.29,0,STEP_UP,0.0
TXN002917764,2024-01-02 03:54:42.265258,ACC000883,ACC079911,45195.13,1,BLOCK,1.0
TXN002944649,2024-01-02 03:55:11.810076,ACC196054,ACC000537,454.7,1,BLOCK,0.0
TXN002996255,2024-01-02 03:55:44.404645,ACC070999,ACC003652,1442.81,1,BLOCK,0.0
TXN002894018,2024-01-02 03:56:40.534198,ACC003858,ACC075107,44371.43,1,BLOCK,1.0
TXN002996256,2024-01-02 04:02:02.214221,ACC018063,ACC003652,1124.39,1,BLOCK,0.0
TXN002934625,2024-01-02 04:06:41.367908,ACC005257,ACC049582,30629.05,0,BLOCK,1.0
TXN002873299,2024-01-02 04:08:45.642654,ACC117084,ACC000006,13284.54,1,BLOCK,0.0
TXN002833939,2024-01-02 04:10:36.462758,ACC012789,ACC005964,11227.03,1,BLOCK,0.0
TXN002985462,2024-01-02 04:10:49.324588,ACC005464,ACC047506,20167.71,1,BLOCK,1.0
TXN002847575,2024-01-02 04:10:50.367993,ACC002458,ACC134746,46744.1,1,BLOCK,1.0
TXN002943712,2024-01-02 04:12:38.234989,ACC003488,ACC000861,100000.0,1,BLOCK,1.0
TXN000166539,2024-01-02 04:13:01.413436,ACC185705,ACC082889,37485.35,0,STEP_UP,0.0
TXN002917796,2024-01-02 04:13:52.790703,ACC150014,ACC004506,1261.08,1,BLOCK,0.0
TXN002972474,2024-01-02 04:15:37.888703,ACC004225,ACC130061,24944.71,1,BLOCK,1.0
TXN002912099,2024-01-02 04:16:31.436132,ACC164536,ACC004773,10850.52,1,BLOCK,0.0
TXN002944103,2024-01-02 04:16:59.489886,ACC195405,ACC002686,1608.86,1,BLOCK,0.0
TXN002866493,2024-01-02 04:23:16.008049,ACC100829,ACC003472,14373.09,1,BLOCK,0.0
TXN002944249,2024-01-02 04:23:22.637810,ACC176807,ACC003932,248.18,1,BLOCK,0.0
TXN002861358,2024-01-02 04:24:58.286326,ACC150213,ACC005334,10781.78,1,BLOCK,0.0
TXN002894022,2024-01-02 04:25:38.571780,ACC003858,ACC118819,44311.42,1,BLOCK,1.0
TXN002997233,2024-01-02 04:27:50.380402,ACC005588,ACC004335,98048.95,1,BLOCK,1.0
TXN002923006,2024-01-02 04:28:18.031971,ACC199864,ACC000742,10999.82,1,BLOCK,0.0
TXN002951904,2024-01-02 04:28:41.609883,ACC002676,ACC095184,57000.86,0,BLOCK,1.0
TXN002944508,2024-01-02 04:32:09.883620,ACC004848,ACC123285,32208.17,0,BLOCK,1.0
TXN002907168,2024-01-02 04:32:38.457677,ACC177586,ACC002714,1254.32,1,BLOCK,0.0
TXN002844652,2024-01-02 04:39:00.169935,ACC117115,ACC003675,10284.54,1,BLOCK,0.0
TXN002981425,2024-01-02 04:41:31.489214,ACC005741,ACC044318,43967.55,1,BLOCK,1.0
TXN002916996,2024-01-02 04:42:20.860644,ACC041034,ACC002847,1427.02,1,BLOCK,0.0
TXN002854027,2024-01-02 04:42:43.778696,ACC123641,ACC002077,1878.18,1,BLOCK,0.0
TXN002974125,2024-01-02 04:43:58.392654,ACC000623,ACC127806,98033.01,1,BLOCK,1.0
TXN002853187,2024-01-02 04:48:32.340424,ACC166881,ACC005381,1207.61,1,BLOCK,0.0
TXN002895403,2024-01-02 04:48:44.000000,ACC004734,ACC180496,6910.38,0,BLOCK,1.0
TXN002949650,2024-01-02 04:54:50.237253,ACC002320,ACC039389,19836.14,0,STEP_UP,1.0
TXN001507564,2024-01-02 04:57:41.449079,ACC141165,ACC173428,46391.52,0,STEP_UP,0.0
TXN002854574,2024-01-02 05:01:35.683337,ACC001932,ACC003549,100000.0,1,BLOCK,1.0
TXN001690157,2024-01-02 05:01:40.941525,ACC149785,ACC162961,64794.52,0,STEP_UP,0.0
TXN002840088,2024-01-02 05:01:59.714445,ACC183320,ACC006109,1115.44,1,BLOCK,0.0
TXN000084100,2024-01-02 05:05:22.368210,ACC137556,ACC023991,55809.95,0,STEP_UP,0.0
TXN002835457,2024-01-02 05:09:01.721915,ACC005731,ACC036461,12718.0,0,BLOCK,1.0
TXN002982975,2024-01-02 05:10:07.000000,ACC001874,ACC093745,3452.99,0,BLOCK,1.0
TXN002833930,2024-01-02 05:11:20.113228,ACC126879,ACC005964,12463.69,1,BLOCK,0.0
TXN002992486,2024-01-02 05:12:06.947276,ACC002689,ACC048511,44241.94,1,BLOCK,1.0
TXN002958970,2024-01-02 05:12:51.306804,ACC076487,ACC005418,14985.8,1,BLOCK,0.0
TXN002844665,2024-01-02 05:15:31.090312,ACC117115,ACC003675,11814.96,1,BLOCK,0.0
TXN002929524,2024-01-02 05:15:42.450711,ACC020152,ACC001386,13517.41,1,BLOCK,0.0
TXN002877542,2024-01-02 05:17:14.980267,ACC175501,ACC003933,11072.84,1,BLOCK,0.0
TXN002891470,2024-01-02 05:21:15.379004,ACC004768,ACC091067,42821.43,1,BLOCK,1.0
TXN002997184,2024-01-02 05:21:21.459425,ACC171675,ACC002240,14596.11,1,BLOCK,0.0
TXN002829269,2024-01-02 05:23:54.950502,ACC000218,ACC038141,45546.52,1,BLOCK,1.0
TXN002893318,2024-01-02 05:24:19.382400,ACC090572,ACC000222,1678.98,1,BLOCK,0.0
TXN002917815,2024-01-02 05:24:39.231719,ACC085591,ACC004506,1364.15,1,BLOCK,0.0
TXN002917809,2024-01-02 05:29:12.566029,ACC111918,ACC004506,931.33,1,BLOCK,0.0
TXN002861363,2024-01-02 05:29:25.079563,ACC147548,ACC005334,14708.84,1,BLOCK,0.0
TXN002835459,2024-01-02 05:30:08.743803,ACC005731,ACC048382,9323.16,0,BLOCK,1.0
TXN002699204,2024-01-02 05:30:37.872690,ACC107299,ACC068452,37804.55,0,STEP_UP,0.0
TXN002917766,2024-01-02 05:30:58.265585,ACC000883,ACC055643,45396.29,1,BLOCK,1.0
TXN002988087,2024-01-02 05:31:00.804432,ACC072918,ACC003554,536.64,1,BLOCK,0.0
TXN002987137,2024-01-02 05:32:27.908725,ACC004859,ACC068355,40831.57,1,BLOCK,1.0
TXN002967984,2024-01-02 05:32:53.412542,ACC001921,ACC155928,31126.46,0,BLOCK,1.0
TXN002913286,2024-01-02 05:40:00.810717,ACC104726,ACC003765,14874.66,1,BLOCK,0.0
TXN002907166,2024-01-02 05:40:21.042169,ACC123071,ACC002714,1692.44,1,BLOCK,0.0
TXN002831883,2024-01-02 05:40:55.402405,ACC001618,ACC035755,47174.16,1,BLOCK,1.0
TXN002958975,2024-01-02 05:41:53.012625,ACC005418,ACC144134,52728.53,1,BLOCK,1.0
TXN002986136,2024-01-02 05:42:06.000000,ACC005183,ACC076338,582.37,0,BLOCK,1.0
TXN002817961,2024-01-02 05:42:12.147778,ACC001067,ACC002431,102728.7,1,BLOCK,1.0
TXN002861359,2024-01-02 05:42:23.871862,ACC150213,ACC005334,14590.59,1,BLOCK,0.0
TXN002933893,2024-01-02 05:43:05.374284,ACC003900,ACC004128,117885.35,1,BLOCK,1.0
TXN001892155,2024-01-02 05:44:08.043123,ACC131910,ACC057686,43244.14,0,STEP_UP,0.0
TXN002993367,2024-01-02 05:44:25.024145,ACC002182,ACC003104,137446.5,1,BLOCK,1.0
TXN002858291,2024-01-02 05:46:42.755143,ACC025494,ACC000089,888.28,1,BLOCK,0.0
TXN002889190,2024-01-02 05:49:52.196461,ACC088990,ACC004695,1405.28,1,BLOCK,0.0
TXN002868744,2024-01-02 05:50:07.422740,ACC004757,ACC195131,33096.53,1,BLOCK,1.0
TXN002847580,2024-01-02 05:50:51.330191,ACC002458,ACC155469,46935.71,1,BLOCK,1.0
TXN002916599,2024-01-02 05:52:32.784827,ACC024632,ACC001181,937.53,1,BLOCK,0.0
TXN002859505,2024-01-02 05:53:47.398071,ACC002895,ACC053415,39208.79,0,BLOCK,1.0
TXN002894019,2024-01-02 05:54:25.253375,ACC003858,ACC075107,44459.75,1,BLOCK,1.0
TXN002858046,2024-01-02 05:55:28.518067,ACC035982,ACC003479,10451.57,1,BLOCK,0.0
TXN002847576,2024-01-02 05:55:46.016180,ACC002458,ACC025430,46786.5,1,BLOCK,1.0
TXN002835458,2024-01-02 05:58:20.522176,ACC005731,ACC111501,8571.04,0,BLOCK,1.0
TXN002997181,2024-01-02 06:00:41.579948,ACC116955,ACC002240,13068.25,1,BLOCK,0.0
TXN002981256,2024-01-02 06:03:21.972995,ACC083587,ACC005970,10403.64,1,BLOCK,0.0
TXN002988106,2024-01-02 06:05:09.609542,ACC098395,ACC003554,570.22,1,BLOCK,0.0
TXN002929513,2024-01-02 06:07:20.811331,ACC048252,ACC001386,11745.57,1,BLOCK,0.0
TXN002844667,2024-01-02 06:11:38.940377,ACC163157,ACC003675,10326.0,1,BLOCK,0.0
TXN002816471,2024-01-02 06:13:14.394403,ACC001540,ACC103137,40436.41,0,BLOCK,1.0
TXN002905571,2024-01-02 06:13:18.680454,ACC057011,ACC001693,10958.95,1,BLOCK,0.0
TXN002944509,2024-01-02 06:15:08.571150,ACC004848,ACC102730,41220.34,0,BLOCK,1.0
TXN002233396,2024-01-02 06:15:43.183766,ACC021046,ACC023482,78083.31,0,STEP_UP,0.0
TXN002908531,2024-01-02 06:17:51.043959,ACC000851,ACC002448,100000.0,1,BLOCK,1.0
TXN002972667,2024-01-02 06:19:18.940809,ACC000046,ACC016500,33819.27,0,BLOCK,1.0
TXN002893325,2024-01-02 06:23:06.270849,ACC182059,ACC000222,226.88,1,BLOCK,0.0
TXN002951104,2024-01-02 06:23:32.069998,ACC030920,ACC001477,14589.8,1,BLOCK,0.0
TXN002866481,2024-01-02 06:29:04.346446,ACC048995,ACC003472,14379.48,1,BLOCK,0.0
TXN002997176,2024-01-02 06:31:43.016032,ACC166937,ACC002240,13145.07,1,BLOCK,0.0
TXN002942637,2024-01-02 06:33:23.688259,ACC057975,ACC006144,276.81,1,BLOCK,0.0
TXN002858035,2024-01-02 06:35:06.562902,ACC202143,ACC003479,13188.82,1,BLOCK,0.0
TXN002981335,2024-01-02 06:36:05.154265,ACC005922,ACC001936,15232.37,1,BLOCK,1.0
TXN002907483,2024-01-02 06:36:22.447162,ACC001191,ACC074504,35577.5,1,BLOCK,1.0
TXN002844653,2024-01-02 06:38:33.178643,ACC029200,ACC003675,12704.55,1,BLOCK,0.0
TXN002891476,2024-01-02 06:40:28.366670,ACC004768,ACC193149,42668.92,1,BLOCK,1.0
TXN002997234,2024-01-02 06:41:45.570603,ACC004335,ACC000688,95107.48,1,BLOCK,1.0
TXN002917009,2024-01-02 06:42:46.562707,ACC150832,ACC002847,1164.56,1,BLOCK,0.0
TXN002861548,2024-01-02 06:43:00.784548,ACC097003,ACC001645,14606.77,1,BLOCK,0.0
TXN002925750,2024-01-02 06:45:35.807707,ACC196140,ACC003975,12436.77,1,BLOCK,0.0
TXN002854979,2024-01-02 06:47:37.503472,ACC003414,ACC004104,48016.48,1,BLOCK,1.0
TXN002996259,2024-01-02 06:52:13.156800,ACC149137,ACC003652,996.99,1,BLOCK,0.0
TXN002954295,2024-01-02 06:53:19.179005,ACC000435,ACC007003,46935.54,1,BLOCK,1.0
TXN002939277,2024-01-02 07:00:10.959858,ACC017392,ACC002000,1277.89,1,BLOCK,0.0
TXN002844670,2024-01-02 07:01:21.092596,ACC009255,ACC003675,13182.56,1,BLOCK,0.0
TXN002826765,2024-01-02 07:02:23.934179,ACC001660,ACC004062,87531.92,1,BLOCK,1.0
TXN002992485,2024-01-02 07:02:36.340617,ACC002689,ACC043302,44376.53,1,BLOCK,1.0
TXN002829268,2024-01-02 07:03:00.069463,ACC000218,ACC038141,45494.11,1,BLOCK,1.0
TXN002951113,2024-01-02 07:07:35.018977,ACC118156,ACC001477,13012.87,1,BLOCK,0.0
TXN002829279,2024-01-02 07:08:46.356832,ACC000218,ACC050227,45393.99,1,BLOCK,1.0
TXN002886641,2024-01-02 07:08:50.919771,ACC004919,ACC003427,68229.44,1,BLOCK,1.0
TXN002923720,2024-01-02 07:11:10.000000,ACC001813,ACC134773,171.67,0,BLOCK,1.0
TXN002973396,2024-01-02 07:11:43.742189,ACC098773,ACC000327,1425.5,1,BLOCK,0.0
TXN002959107,2024-01-02 07:12:13.328028,ACC189082,ACC001391,1593.47,1,BLOCK,0.0
TXN002893317,2024-01-02 07:13:12.814842,ACC198282,ACC000222,1518.29,1,BLOCK,0.0
TXN002962933,2024-01-02 07:14:27.134303,ACC004369,ACC170217,42636.19,1,BLOCK,1.0
TXN002961691,2024-01-02 07:15:16.000000,ACC002042,ACC073462,2968.81,0,BLOCK,1.0
TXN002834653,2024-01-02 07:17:24.403999,ACC046256,ACC002483,1680.08,1,BLOCK,0.0
TXN002988460,2024-01-02 07:17:39.000000,ACC005695,ACC193938,2021.18,0,BLOCK,1.0
TXN002917813,2024-01-02 07:19:45.046728,ACC113615,ACC004506,439.26,1,BLOCK,0.0
TXN002873629,2024-01-02 07:20:06.000000,ACC002049,ACC074610,4332.17,0,BLOCK,1.0
TXN002946660,2024-01-02 07:20:51.000000,ACC005042,ACC040027,11.18,0,BLOCK,1.0
TXN002853185,2024-01-02 07:22:20.491408,ACC128790,ACC005381,1714.39,1,BLOCK,0.0
TXN002905543,2024-01-02 07:22:42.058948,ACC059881,ACC005039,11686.27,1,BLOCK,0.0
TXN002944746,2024-01-02 07:23:50.000000,ACC003484,ACC045818,439.81,0,BLOCK,1.0
TXN002841983,2024-01-02 07:24:12.336950,ACC004351,ACC000615,179785.23,1,BLOCK,1.0
TXN002833931,2024-01-02 07:26:35.441045,ACC061978,ACC005964,12831.16,1,BLOCK,0.0
TXN002987139,2024-01-02 07:29:13.248725,ACC004859,ACC185671,40868.26,1,BLOCK,1.0
TXN002904149,2024-01-02 07:30:03.563442,ACC002843,ACC138878,54830.76,0,BLOCK,1.0
TXN002959087,2024-01-02 07:30:44.659388,ACC126175,ACC001391,704.0,1,BLOCK,0.0
TXN002866478,2024-01-02 07:31:07.889623,ACC033675,ACC003472,11733.06,1,BLOCK,0.0
TXN002923001,2024-01-02 07:31:34.836285,ACC049573,ACC000742,12683.37,1,BLOCK,0.0
TXN002897671,2024-01-02 07:31:50.209924,ACC005618,ACC030790,24414.54,1,BLOCK,1.0
TXN002961688,2024-01-02 07:37:18.880339,ACC000611,ACC003523,100000.0,1,BLOCK,1.0
TXN002879118,2024-01-02 07:38:28.000000,ACC002655,ACC063976,3136.23,0,BLOCK,1.0
TXN002922997,2024-01-02 07:38:38.642351,ACC089538,ACC000742,11963.25,1,BLOCK,0.0
TXN003000128,2024-01-02 07:38:59.418410,ACC000052,ACC117234,79758.55,0,BLOCK,1.0
TXN002851173,2024-01-02 07:40:09.000000,ACC004003,ACC013529,4265.7,0,BLOCK,1.0
TXN002997174,2024-01-02 07:44:00.853988,ACC203728,ACC002240,10759.05,1,BLOCK,0.0
TXN001892154,2024-01-02 07:48:51.233888,ACC131910,ACC031667,53960.96,0,STEP_UP,0.0
TXN002942622,2024-01-02 07:50:50.163412,ACC065540,ACC006144,1979.72,1,BLOCK,0.0
TXN002994560,2024-01-02 07:52:49.000000,ACC002013,ACC168683,234.05,0,BLOCK,1.0
TXN002858044,2024-01-02 07:53:15.163355,ACC043434,ACC003479,12408.31,1,BLOCK,0.0
TXN002877779,2024-01-02 07:55:09.000000,ACC003955,ACC199411,3260.87,0,BLOCK,1.0
TXN002994750,2024-01-02 07:56:12.000000,ACC002572,ACC138844,335.66,0,BLOCK,1.0
TXN002916988,2024-01-02 07:57:36.327097,ACC167703,ACC002847,780.85,1,BLOCK,0.0
TXN002896931,2024-01-02 07:57:49.960952,ACC000251,ACC125935,32600.9,0,BLOCK,1.0
TXN001947251,2024-01-02 08:00:00.000000,ACC147259,ACC090753,131699.68,0,STEP_UP,0.0
TXN002856801,2024-01-02 08:00:00.000000,ACC126001,ACC003193,22585.6,0,BLOCK,0.0
TXN002991414,2024-01-02 08:00:00.000000,ACC137195,ACC002513,57743.92,0,BLOCK,0.0
TXN002888693,2024-01-02 08:00:00.000000,ACC074848,ACC005928,44494.64,0,BLOCK,0.0
TXN001472493,2024-01-02 08:00:00.000000,ACC120155,ACC100725,100116.78,0,STEP_UP,0.0
TXN002625767,2024-01-02 08:00:00.000000,ACC056614,ACC012189,74655.59,0,STEP_UP,0.0
TXN002959155,2024-01-02 08:00:00.000000,ACC045119,ACC002061,85524.82,0,BLOCK,0.0
TXN002901631,2024-01-02 08:00:00.000000,ACC088592,ACC003285,126960.19,0,BLOCK,0.0
TXN002869014,2024-01-02 08:00:00.000000,ACC072906,ACC004726,46068.09,0,BLOCK,0.0
TXN000398386,2024-01-02 08:00:00.000000,ACC187516,ACC107067,54648.36,0,STEP_UP,0.0
TXN002885208,2024-01-02 08:00:00.000000,ACC077848,ACC003961,105237.98,0,BLOCK,0.0
TXN002829166,2024-01-02 08:00:00.000000,ACC060040,ACC000396,31245.18,0,BLOCK,0.0
TXN002554280,2024-01-02 08:00:00.000000,ACC146749,ACC059577,67183.53,0,STEP_UP,0.0
TXN002946772,2024-01-02 08:00:00.000000,ACC049371,ACC003014,59602.82,0,BLOCK,0.0
TXN002966525,2024-01-02 08:00:38.000000,ACC004730,ACC081965,213.94,0,BLOCK,1.0
TXN002975512,2024-01-02 08:00:56.000000,ACC005773,ACC057689,231.04,0,BLOCK,1.0
TXN002992489,2024-01-02 08:02:27.439201,ACC002689,ACC053760,44336.89,1,BLOCK,1.0
TXN002928269,2024-01-02 08:03:04.000000,ACC004842,ACC194570,887.17,0,BLOCK,1.0
TXN002863550,2024-01-02 08:06:33.000000,ACC002902,ACC126874,346.66,0,BLOCK,1.0
TXN002817504,2024-01-02 08:07:53.000000,ACC005525,ACC172763,1019.35,0,BLOCK,1.0
TXN002898263,2024-01-02 08:10:03.578081,ACC152487,ACC004689,11160.59,1,BLOCK,0.0
TXN002854015,2024-01-02 08:12:04.255633,ACC123199,ACC002077,1934.38,1,BLOCK,0.0
TXN002996934,2024-01-02 08:18:31.000000,ACC001486,ACC160019,72.55,0,BLOCK,1.0
TXN002943663,2024-01-02 08:18:37.041151,ACC093914,ACC000397,1496.44,1,BLOCK,0.0
TXN002961344,2024-01-02 08:20:50.402245,ACC002813,ACC001516,29169.37,1,BLOCK,1.0
TXN002861436,2024-01-02 08:23:07.083997,ACC006786,ACC001889,13283.49,1,BLOCK,0.0
TXN002875664,2024-01-02 08:23:41.596726,ACC132359,ACC001104,1685.66,1,BLOCK,0.0
TXN002891481,2024-01-02 08:25:08.553174,ACC004768,ACC088568,42576.45,1,BLOCK,1.0
TXN002943713,2024-01-02 08:25:16.469979,ACC000861,ACC005994,100000.0,1,BLOCK,1.0
TXN002988099,2024-01-02 08:29:56.180517,ACC113326,ACC003554,1133.41,1,BLOCK,0.0
TXN002890329,2024-01-02 08:30:19.421489,ACC000164,ACC057160,66568.44,0,BLOCK,1.0
TXN002833934,2024-01-02 08:33:05.444536,ACC137709,ACC005964,10333.44,1,BLOCK,0.0
TXN002858048,2024-01-02 08:34:06.306262,ACC103246,ACC003479,14486.2,1,BLOCK,0.0
TXN002844658,2024-01-02 08:34:54.321563,ACC149860,ACC003675,13377.2,1,BLOCK,0.0
TXN002891477,2024-01-02 08:35:27.564546,ACC004768,ACC088568,42714.91,1,BLOCK,1.0
TXN002852518,2024-01-02 08:36:07.000000,ACC003922,ACC141810,680.77,0,BLOCK,1.0
TXN002993368,2024-01-02 08:36:37.536217,ACC003104,ACC004818,100000.0,1,BLOCK,1.0
TXN002942639,2024-01-02 08:38:50.647782,ACC184788,ACC006144,959.88,1,BLOCK,0.0
TXN002858284,2024-01-02 08:39:03.032323,ACC025494,ACC000089,1277.42,1,BLOCK,0.0
TXN002861360,2024-01-02 08:39:26.289758,ACC100614,ACC005334,12888.52,1,BLOCK,0.0
TXN002938661,2024-01-02 08:40:53.000000,ACC004780,ACC105934,1833.37,0,BLOCK,1.0
TXN002970634,2024-01-02 08:41:26.000000,ACC001437,ACC127433,697.18,0,BLOCK,1.0
TXN002959090,2024-01-02 08:44:10.264906,ACC158950,ACC001391,376.68,1,BLOCK,0.0
TXN002897668,2024-01-02 08:44:43.423354,ACC002657,ACC005618,83668.85,1,BLOCK,1.0
TXN002889448,2024-01-02 08:45:00.574457,ACC004767,ACC062532,36895.25,0,BLOCK,1.0
TXN002834361,2024-01-02 08:45:44.000000,ACC004615,ACC176845,1098.92,0,BLOCK,1.0
TXN002947898,2024-01-02 08:47:08.000000,ACC000987,ACC180589,1894.18,0,BLOCK,1.0
TXN002816803,2024-01-02 08:47:52.000000,ACC005820,ACC140704,344.38,0,BLOCK,1.0
TXN002874759,2024-01-02 08:48:28.000000,ACC001090,ACC031292,239.65,0,BLOCK,1.0
TXN002843049,2024-01-02 08:49:49.000000,ACC000399,ACC141687,2972.57,0,BLOCK,1.0
TXN002840845,2024-01-02 08:50:25.000000,ACC000439,ACC011949,5556.58,0,BLOCK,1.0
TXN002854904,2024-01-02 08:53:06.362639,ACC003659,ACC002956,100000.0,1,BLOCK,1.0
TXN002869506,2024-01-02 08:53:15.000000,ACC003310,ACC080553,180.15,0,BLOCK,1.0
TXN002943660,2024-01-02 08:55:05.469462,ACC038005,ACC000397,1063.08,1,BLOCK,0.0
TXN002847581,2024-01-02 08:55:38.556993,ACC002458,ACC107721,46642.86,1,BLOCK,1.0
TXN002877546,2024-01-02 08:55:39.288561,ACC153015,ACC003933,12015.32,1,BLOCK,0.0
TXN002988090,2024-01-02 08:56:25.683925,ACC113326,ACC003554,861.23,1,BLOCK,0.0
TXN002916616,2024-01-02 08:56:57.121471,ACC013781,ACC001181,299.03,1,BLOCK,0.0
TXN002891469,2024-01-02 08:59:04.769514,ACC004768,ACC088568,42951.79,1,BLOCK,1.0
TXN002897441,2024-01-02 08:59:43.000000,ACC003041,ACC062445,1397.64,0,BLOCK,1.0
TXN002859713,2024-01-02 09:00:00.000000,ACC101898,ACC006012,109028.67,0,BLOCK,0.0
TXN001140892,2024-01-02 09:00:00.000000,ACC164481,ACC154462,28482.21,0,STEP_UP,0.0
TXN002964003,2024-01-02 09:00:00.000000,ACC055664,ACC003501,123924.74,0,BLOCK,0.0
TXN002954708,2024-01-02 09:00:00.000000,ACC120428,ACC001038,50850.82,0,BLOCK,0.0
TXN002876626,2024-01-02 09:00:00.000000,ACC098719,ACC000353,59308.53,0,BLOCK,0.0
TXN002995892,2024-01-02 09:00:00.000000,ACC046033,ACC002818,148064.06,0,BLOCK,0.0
TXN002962978,2024-01-02 09:00:00.000000,ACC047910,ACC001003,129001.05,0,BLOCK,0.0
TXN002997715,2024-01-02 09:00:00.000000,ACC176426,ACC002035,62797.8,0,BLOCK,0.0
TXN002818866,2024-01-02 09:00:31.407422,ACC075478,ACC002366,10991.58,1,BLOCK,0.0
TXN002990409,2024-01-02 09:00:37.000000,ACC001795,ACC134062,4920.61,0,BLOCK,1.0
TXN002859927,2024-01-02 09:07:25.000000,ACC004507,ACC198419,9393.75,0,BLOCK,1.0
TXN002861866,2024-01-02 09:07:55.000000,ACC001336,ACC083567,136.49,0,BLOCK,1.0
TXN002887678,2024-01-02 09:08:49.000000,ACC005343,ACC161521,2531.73,0,BLOCK,1.0
TXN002961345,2024-01-02 09:11:16.360291,ACC001516,ACC192314,26841.11,1,BLOCK,1.0
TXN002908027,2024-01-02 09:11:45.000000,ACC001549,ACC072253,2768.56,0,BLOCK,1.0
TXN001035916,2024-01-02 09:13:50.000000,ACC155971,ACC075572,31624.68,0,STEP_UP,0.0
TXN002903355,2024-01-02 09:15:20.000000,ACC000544,ACC119123,1476.76,0,BLOCK,1.0
TXN002998548,2024-01-02 09:17:31.000000,ACC002059,ACC127440,205.07,0,BLOCK,1.0
TXN002857368,2024-01-02 09:19:56.000000,ACC000957,ACC048899,352.03,0,BLOCK,1.0
TXN002939119,2024-01-02 09:26:01.000000,ACC001615,ACC171198,2937.41,0,BLOCK,1.0
TXN002908532,2024-01-02 09:26:46.565939,ACC002448,ACC000387,100000.0,1,BLOCK,1.0
TXN002865307,2024-01-02 09:27:23.000000,ACC005206,ACC138572,645.23,0,BLOCK,1.0
TXN002881203,2024-01-02 09:29:15.525089,ACC000508,ACC150303,39009.14,1,BLOCK,1.0
TXN002835289,2024-01-02 09:29:24.302341,ACC004069,ACC005348,84156.46,1,BLOCK,1.0
TXN002871888,2024-01-02 09:29:39.000000,ACC002276,ACC023437,1437.94,0,BLOCK,1.0
TXN002976900,2024-01-02 09:30:16.000000,ACC000604,ACC158593,847.86,0,BLOCK,1.0
TXN002870234,2024-01-02 09:30:53.051575,ACC172285,ACC003029,1736.39,1,BLOCK,0.0
TXN002824588,2024-01-02 09:30:55.000000,ACC003166,ACC016519,3807.94,0,BLOCK,1.0
TXN002927660,2024-01-02 09:31:52.000000,ACC004395,ACC030119,879.66,0,BLOCK,1.0
TXN002926928,2024-01-02 09:33:02.000000,ACC001066,ACC200365,6487.01,0,BLOCK,1.0
TXN002864899,2024-01-02 09:34:50.851884,ACC002954,ACC185283,51745.64,1,BLOCK,1.0
TXN002924258,2024-01-02 09:36:14.771800,ACC141427,ACC004683,10481.86,1,BLOCK,0.0
TXN000201164,2024-01-02 09:36:20.049747,ACC093142,ACC132545,69463.6,0,STEP_UP,0.0
TXN002970110,2024-01-02 09:36:32.000000,ACC000520,ACC120787,495.93,0,BLOCK,1.0
TXN002940910,2024-01-02 09:36:34.000000,ACC003229,ACC011151,7482.87,0,BLOCK,1.0
TXN002863344,2024-01-02 09:36:54.000000,ACC004802,ACC111082,868.35,0,BLOCK,1.0
TXN002954515,2024-01-02 09:39:40.991964,ACC005954,ACC176609,66585.45,1,BLOCK,1.0
TXN002922975,2024-01-02 09:40:24.000000,ACC124885,ACC000742,17456.33,0,BLOCK,0.0
TXN000129536,2024-01-02 09:42:55.538880,ACC193933,ACC010115,47729.24,0,STEP_UP,0.0
TXN002939274,2024-01-02 09:45:29.037314,ACC075210,ACC002000,1032.14,1,BLOCK,0.0
TXN002981336,2024-01-02 09:46:22.189754,ACC001936,ACC191496,14265.09,1,STEP_UP,1.0
TXN002885209,2024-01-02 09:47:28.927499,ACC003961,ACC077848,39277.02,0,BLOCK,1.0
TXN002931136,2024-01-02 09:47:52.523405,ACC005706,ACC000452,44675.72,1,BLOCK,1.0
TXN002882581,2024-01-02 09:48:18.000000,ACC001633,ACC128172,165.97,0,BLOCK,1.0
TXN002870228,2024-01-02 09:49:09.688613,ACC077427,ACC003029,283.66,1,BLOCK,0.0
TXN002859715,2024-01-02 09:49:19.379778,ACC006012,ACC083532,46038.55,0,BLOCK,1.0
TXN002923766,2024-01-02 09:51:20.000000,ACC000432,ACC086770,356.98,0,BLOCK,1.0
TXN002954120,2024-01-02 09:54:43.864469,ACC001019,ACC189244,11143.23,0,BLOCK,1.0
TXN002834757,2024-01-02 09:56:01.781973,ACC003325,ACC004901,100000.0,1,BLOCK,1.0
TXN002939986,2024-01-02 09:57:24.881792,ACC005681,ACC016568,66182.25,1,BLOCK,1.0
TXN002961598,2024-01-02 09:58:57.357505,ACC004305,ACC002505,100000.0,1,BLOCK,1.0
TXN002944963,2024-01-02 09:59:41.000000,ACC004598,ACC186029,994.97,0,BLOCK,1.0
TXN002998103,2024-01-02 10:00:00.000000,ACC047252,ACC003959,100194.74,0,BLOCK,0.0
TXN002919076,2024-01-02 10:00:00.000000,ACC021148,ACC001924,30535.48,0,BLOCK,0.0
TXN002972462,2024-01-02 10:00:00.000000,ACC156031,ACC004225,111542.82,0,BLOCK,0.0
TXN002965552,2024-01-02 10:00:00.000000,ACC098739,ACC003872,114968.55,0,BLOCK,0.0
TXN002849268,2024-01-02 10:00:00.000000,ACC058803,ACC003388,136598.32,0,BLOCK,0.0
TXN002865029,2024-01-02 10:00:00.000000,ACC125517,ACC001097,81331.14,0,BLOCK,0.0
TXN001888491,2024-01-02 10:00:00.000000,ACC074128,ACC053428,34547.11,0,STEP_UP,0.0
TXN002894198,2024-01-02 10:00:00.000000,ACC107388,ACC001716,59849.9,0,BLOCK,0.0
TXN002900651,2024-01-02 10:00:24.000000,ACC002333,ACC067377,4137.0,0,BLOCK,1.0
TXN002916613,2024-01-02 10:01:26.944893,ACC112450,ACC001181,1418.11,1,BLOCK,0.0
TXN002854575,2024-01-02 10:03:11.366674,ACC003549,ACC002220,135976.42,1,BLOCK,1.0
TXN002972666,2024-01-02 10:03:34.352062,ACC000046,ACC146969,28357.01,0,BLOCK,1.0
TXN002873303,2024-01-02 10:08:20.749934,ACC169194,ACC000006,13203.79,1,BLOCK,0.0
TXN002819074,2024-01-02 10:08:26.000000,ACC003951,ACC044881,367.85,0,BLOCK,1.0
TXN002954886,2024-01-02 10:08:30.797106,ACC003325,ACC004077,175993.76,1,BLOCK,1.0
TXN002835681,2024-01-02 10:11:06.000000,ACC000629,ACC007102,1889.57,0,BLOCK,1.0
TXN002889200,2024-01-02 10:11:59.132963,ACC062372,ACC004695,1950.76,1,BLOCK,0.0
TXN002861367,2024-01-02 10:13:08.503516,ACC092334,ACC005334,12832.39,1,BLOCK,0.0
TXN002925381,2024-01-02 10:15:09.174505,ACC027526,ACC004038,13755.9,1,BLOCK,0.0
TXN002929500,2024-01-02 10:16:49.000000,ACC001386,ACC080474,392.9,0,BLOCK,1.0
TXN002829272,2024-01-02 10:16:54.101432,ACC000218,ACC050227,45450.22,1,BLOCK,1.0
TXN002945184,2024-01-02 10:17:13.000000,ACC005885,ACC033682,386.05,0,BLOCK,1.0
TXN002887683,2024-01-02 10:17:32.000000,ACC005343,ACC146989,70.06,0,BLOCK,1.0
TXN002905583,2024-01-02 10:18:14.661411,ACC062577,ACC001693,10059.02,1,BLOCK,0.0
TXN002846113,2024-01-02 10:18:19.000000,ACC005199,ACC122851,463.5,0,BLOCK,1.0
TXN002879433,2024-01-02 10:19:11.000000,ACC001021,ACC105790,3444.41,0,BLOCK,1.0
TXN002917016,2024-01-02 10:19:48.492676,ACC014614,ACC002847,590.63,1,BLOCK,0.0
TXN002897935,2024-01-02 10:19:53.000000,ACC002005,ACC068486,4886.22,0,BLOCK,1.0
TXN002925720,2024-01-02 10:21:02.000000,ACC004517,ACC116970,65.02,0,BLOCK,1.0
TXN002949216,2024-01-02 10:21:59.000000,ACC003185,ACC069675,2371.7,0,BLOCK,1.0
TXN002969157,2024-01-02 10:22:11.317650,ACC005899,ACC003694,61299.47,1,BLOCK,1.0
TXN002854014,2024-01-02 10:23:40.313452,ACC188510,ACC002077,1103.73,1,BLOCK,0.0
TXN002981253,2024-01-02 10:26:19.105499,ACC048864,ACC005970,11785.65,1,BLOCK,0.0
TXN002842822,2024-01-02 10:26:26.000000,ACC001430,ACC076933,1122.08,0,BLOCK,1.0
TXN002922327,2024-01-02 10:26:53.754269,ACC104838,ACC002211,12416.75,1,BLOCK,0.0
TXN002958079,2024-01-02 10:29:07.000000,ACC004944,ACC149248,3287.57,0,BLOCK,1.0
TXN002917017,2024-01-02 10:30:32.904589,ACC204902,ACC002847,968.59,1,BLOCK,0.0
TXN002868781,2024-01-02 10:31:14.000000,ACC001524,ACC202663,404.01,0,BLOCK,1.0
TXN002954709,2024-01-02 10:31:52.647485,ACC001038,ACC143847,21600.76,0,BLOCK,1.0
TXN002833906,2024-01-02 10:37:27.996884,ACC002468,ACC002881,66938.8,1,BLOCK,1.0
TXN002858516,2024-01-02 10:38:01.000000,ACC004496,ACC152741,251.39,0,BLOCK,1.0
TXN002931137,2024-01-02 10:38:29.220673,ACC000452,ACC041360,42789.78,1,BLOCK,1.0
TXN002849355,2024-01-02 10:40:35.000000,ACC005389,ACC080364,1593.99,0,BLOCK,1.0
TXN002892951,2024-01-02 10:43:30.000000,ACC003926,ACC160839,482.98,0,BLOCK,1.0
TXN002851405,2024-01-02 10:44:55.000000,ACC002534,ACC184035,50.69,0,BLOCK,1.0
TXN002854788,2024-01-02 10:45:07.000000,ACC003311,ACC013800,3161.1,0,BLOCK,1.0
TXN002826261,2024-01-02 10:45:24.785760,ACC003043,ACC005691,100000.0,1,BLOCK,1.0
TXN002992487,2024-01-02 10:46:00.533037,ACC002689,ACC150030,44381.49,1,BLOCK,1.0
TXN002924466,2024-01-02 10:47:06.000000,ACC000262,ACC050874,1148.78,0,BLOCK,1.0
TXN002905301,2024-01-02 10:47:39.467469,ACC003889,ACC041455,67217.59,1,BLOCK,1.0
TXN002962624,2024-01-02 10:50:05.128645,ACC003812,ACC088236,34528.6,1,BLOCK,1.0
TXN002831671,2024-01-02 10:51:01.000000,ACC002246,ACC102008,1408.73,0,BLOCK,1.0
TXN002853240,2024-01-02 10:54:03.000000,ACC004899,ACC060146,821.25,0,BLOCK,1.0
TXN002954296,2024-01-02 10:54:55.995077,ACC000435,ACC019153,46804.98,1,BLOCK,1.0
TXN002987138,2024-01-02 10:55:09.020286,ACC004859,ACC128726,40811.11,1,BLOCK,1.0
TXN002971723,2024-01-02 10:55:34.000000,ACC002952,ACC044436,2914.56,0,BLOCK,1.0
TXN002919392,2024-01-02 10:56:00.000000,ACC000585,ACC096763,1753.76,0,BLOCK,1.0
TXN002962641,2024-01-02 10:56:25.000000,ACC005367,ACC035074,2818.69,0,BLOCK,1.0
TXN002824716,2024-01-02 10:57:49.033889,ACC000576,ACC053328,30405.91,0,BLOCK,1.0
TXN001360975,2024-01-02 11:00:00.000000,ACC077613,ACC073094,65365.98,0,STEP_UP,0.0
TXN002737771,2024-01-02 11:00:00.000000,ACC147292,ACC078110,46246.19,0,STEP_UP,0.0
TXN001370002,2024-01-02 11:00:00.000000,ACC056372,ACC157132,28409.98,0,STEP_UP,0.0
TXN002996517,2024-01-02 11:00:00.000000,ACC016599,ACC000754,133276.76,0,BLOCK,0.0
TXN002820437,2024-01-02 11:00:00.000000,ACC144503,ACC003262,113485.6,0,BLOCK,0.0
TXN000947991,2024-01-02 11:00:00.000000,ACC147885,ACC012144,28641.92,0,STEP_UP,0.0
TXN002887859,2024-01-02 11:00:05.000000,ACC005262,ACC098335,701.22,0,BLOCK,1.0
TXN002894020,2024-01-02 11:02:36.219848,ACC003858,ACC111495,44432.96,1,BLOCK,1.0
TXN002825768,2024-01-02 11:03:04.000000,ACC001244,ACC027955,121.45,0,BLOCK,1.0
TXN002859042,2024-01-02 11:04:16.000000,ACC005247,ACC158618,280.87,0,BLOCK,1.0
TXN002943669,2024-01-02 11:04:50.582067,ACC078460,ACC000397,1584.42,1,BLOCK,0.0
TXN002951544,2024-01-02 11:06:09.316229,ACC192399,ACC001406,14855.25,1,BLOCK,0.0
TXN002841984,2024-01-02 11:06:18.505425,ACC000615,ACC000485,174391.67,1,BLOCK,1.0
TXN002959100,2024-01-02 11:06:53.582419,ACC153301,ACC001391,1526.81,1,BLOCK,0.0
TXN002953846,2024-01-02 11:08:16.000000,ACC005842,ACC160682,790.73,0,BLOCK,1.0
TXN002886083,2024-01-02 11:10:05.000000,ACC001405,ACC178050,1073.93,0,BLOCK,1.0
TXN002997850,2024-01-02 11:11:00.000000,ACC005203,ACC108828,8289.83,0,BLOCK,1.0
TXN002847251,2024-01-02 11:11:11.690876,ACC005933,ACC020480,20036.44,1,BLOCK,1.0
TXN002846379,2024-01-02 11:11:24.417473,ACC002814,ACC005683,62783.59,1,BLOCK,1.0
TXN002996267,2024-01-02 11:13:15.638385,ACC136267,ACC003652,512.07,1,BLOCK,0.0
TXN002917781,2024-01-02 11:13:18.471066,ACC150014,ACC004506,805.24,1,BLOCK,0.0
TXN002979778,2024-01-02 11:13:36.000000,ACC005813,ACC047968,78.25,0,BLOCK,1.0
TXN001575249,2024-01-02 11:14:56.000000,ACC043712,ACC168010,32677.8,0,STEP_UP,0.0
TXN002866479,2024-01-02 11:15:07.274476,ACC100876,ACC003472,10749.9,1,BLOCK,0.0
TXN002858041,2024-01-02 11:17:43.740209,ACC102683,ACC003479,10176.93,1,BLOCK,0.0
TXN002977727,2024-01-02 11:18:06.415316,ACC081769,ACC001041,787.13,1,BLOCK,0.0
TXN002898138,2024-01-02 11:18:28.989826,ACC002104,ACC004512,66549.3,1,BLOCK,1.0
TXN002962935,2024-01-02 11:19:05.424166,ACC004369,ACC144820,42629.2,1,BLOCK,1.0
TXN002880594,2024-01-02 11:19:36.000000,ACC001763,ACC047914,750.49,0,BLOCK,1.0
TXN002844344,2024-01-02 11:20:24.000000,ACC000004,ACC119549,175.12,0,BLOCK,1.0
TXN002841122,2024-01-02 11:21:22.000000,ACC000003,ACC191234,88.62,0,BLOCK,1.0
TXN002958974,2024-01-02 11:21:51.269115,ACC005418,ACC144134,79574.58,1,BLOCK,1.0
TXN002866485,2024-01-02 11:22:01.044029,ACC033267,ACC003472,12259.66,1,BLOCK,0.0
TXN002954342,2024-01-02 11:22:41.000000,ACC003733,ACC179292,152.74,0,BLOCK,1.0
TXN002855323,2024-01-02 11:23:00.000000,ACC000878,ACC045446,786.67,0,BLOCK,1.0
TXN002924990,2024-01-02 11:23:56.000000,ACC005743,ACC186744,160.5,0,BLOCK,1.0
TXN002840089,2024-01-02 11:24:18.572083,ACC178626,ACC006109,1033.3,1,BLOCK,0.0
TXN002933894,2024-01-02 11:26:10.748567,ACC004128,ACC001172,100000.0,1,BLOCK,1.0
TXN002819785,2024-01-02 11:27:58.000000,ACC002300,ACC183522,1001.58,0,BLOCK,1.0
TXN002853231,2024-01-02 11:28:24.000000,ACC004899,ACC083459,3353.19,0,BLOCK,1.0
TXN002893967,2024-01-02 11:28:54.000000,ACC000551,ACC139312,137.56,0,BLOCK,1.0
TXN002873004,2024-01-02 11:28:55.000000,ACC045172,ACC000964,15168.34,0,BLOCK,0.0
TXN002932915,2024-01-02 11:29:39.000000,ACC005898,ACC079854,199.01,0,BLOCK,1.0
TXN002859798,2024-01-02 11:29:53.000000,ACC004836,ACC036733,213.78,0,BLOCK,1.0
TXN002849436,2024-01-02 11:30:33.000000,ACC003538,ACC196207,1176.2,0,BLOCK,1.0
TXN002863488,2024-01-02 11:31:10.000000,ACC004952,ACC113011,110.96,0,BLOCK,1.0
TXN002859041,2024-01-02 11:31:13.000000,ACC005247,ACC190336,483.43,0,BLOCK,1.0
TXN002967035,2024-01-02 11:32:35.000000,ACC002930,ACC118583,3775.12,0,BLOCK,1.0
TXN002870779,2024-01-02 11:34:11.000000,ACC000422,ACC159174,1443.34,0,BLOCK,1.0
TXN002999513,2024-01-02 11:34:17.000000,ACC000971,ACC136329,539.49,0,BLOCK,1.0
TXN002931237,2024-01-02 11:34:52.927978,ACC003082,ACC024718,43082.49,0,BLOCK,1.0
TXN002835516,2024-01-02 11:36:26.000000,ACC003237,ACC135171,1693.89,0,BLOCK,1.0
TXN002964777,2024-01-02 11:38:38.000000,ACC002651,ACC132247,1391.04,0,BLOCK,1.0
TXN002873833,2024-01-02 11:38:40.000000,ACC002380,ACC151776,380.21,0,BLOCK,1.0
TXN002840093,2024-01-02 11:38:42.668947,ACC076571,ACC006109,1614.61,1,BLOCK,0.0
TXN002829270,2024-01-02 11:40:23.899064,ACC000218,ACC183335,45329.16,1,BLOCK,1.0
TXN002842466,2024-01-02 11:40:29.000000,ACC003851,ACC166265,2774.79,0,BLOCK,1.0
TXN002954300,2024-01-02 11:40:30.314214,ACC000435,ACC131408,47119.52,1,BLOCK,1.0
TXN002992490,2024-01-02 11:41:31.746400,ACC002689,ACC053760,44103.45,1,BLOCK,1.0
TXN002945282,2024-01-02 11:41:53.000000,ACC006036,ACC061571,877.7,0,BLOCK,1.0
TXN002938691,2024-01-02 11:42:07.000000,ACC001501,ACC093961,2473.49,0,BLOCK,1.0
TXN002858298,2024-01-02 11:44:08.670749,ACC055175,ACC000089,1155.23,1,BLOCK,0.0
TXN002929527,2024-01-02 11:45:31.151910,ACC130131,ACC001386,12350.82,1,BLOCK,0.0
TXN002959076,2024-01-02 11:46:47.303847,ACC013393,ACC001391,1639.77,1,BLOCK,0.0
TXN002997717,2024-01-02 11:46:52.473037,ACC002035,ACC061838,22847.32,0,BLOCK,1.0
TXN002965553,2024-01-02 11:47:14.324039,ACC003872,ACC039669,38119.1,0,BLOCK,1.0
TXN002978524,2024-01-02 11:48:30.000000,ACC004033,ACC053728,511.97,0,BLOCK,1.0
TXN002843616,2024-01-02 11:49:05.436907,ACC050706,ACC003919,14818.54,1,BLOCK,0.0
TXN002944099,2024-01-02 11:49:31.122318,ACC017056,ACC002686,1798.35,1,BLOCK,0.0
TXN002894021,2024-01-02 11:50:06.164544,ACC003858,ACC075107,44235.42,1,BLOCK,1.0
TXN002951117,2024-01-02 11:50:07.794873,ACC195086,ACC001477,13122.63,1,BLOCK,0.0
TXN002884293,2024-01-02 11:50:52.000000,ACC004113,ACC169194,19344.99,0,BLOCK,1.0
TXN002853191,2024-01-02 11:52:03.401423,ACC172712,ACC005381,1919.19,1,BLOCK,0.0
TXN002939286,2024-01-02 11:52:35.916035,ACC056125,ACC002000,1666.09,1,BLOCK,0.0
TXN002917767,2024-01-02 11:52:57.816872,ACC000883,ACC175484,45526.62,1,BLOCK,1.0
TXN002983841,2024-01-02 11:53:52.000000,ACC001135,ACC091056,1749.15,0,BLOCK,1.0
TXN002979633,2024-01-02 11:54:17.000000,ACC002165,ACC039450,331.16,0,BLOCK,1.0
TXN002995893,2024-01-02 11:54:30.577632,ACC002818,ACC065455,63133.78,0,BLOCK,1.0
TXN002969850,2024-01-02 11:55:01.163706,ACC021340,ACC001280,12211.27,1,BLOCK,0.0
TXN002834633,2024-01-02 11:55:51.718530,ACC092949,ACC002483,299.89,1,BLOCK,0.0
TXN002976583,2024-01-02 11:58:41.000000,ACC005121,ACC124058,373.89,0,BLOCK,1.0
TXN002946762,2024-01-02 11:59:43.000000,ACC003014,ACC139524,565.82,0,BLOCK,1.0
TXN000303020,2024-01-02 12:00:00.000000,ACC017405,ACC202427,78081.47,0,STEP_UP,0.0
TXN000239469,2024-01-02 12:00:00.000000,ACC063490,ACC042347,110737.87,0,STEP_UP,0.0
TXN001625964,2024-01-02 12:00:00.000000,ACC097619,ACC092554,36553.09,0,STEP_UP,0.0
TXN002963376,2024-01-02 12:00:00.000000,ACC184313,ACC003976,25494.51,0,BLOCK,0.0
TXN001974426,2024-01-02 12:00:00.000000,ACC060190,ACC023719,77314.2,0,STEP_UP,0.0
TXN002972336,2024-01-02 12:00:00.000000,ACC147958,ACC002503,26556.6,0,BLOCK,0.0
TXN002993690,2024-01-02 12:00:00.000000,ACC186865,ACC000126,54698.48,0,BLOCK,0.0
TXN001088574,2024-01-02 12:00:00.000000,ACC021046,ACC029186,50939.63,0,STEP_UP,0.0
TXN001295717,2024-01-02 12:00:00.000000,ACC189284,ACC204721,61825.35,0,STEP_UP,0.0
TXN002831679,2024-01-02 12:00:07.403601,ACC056742,ACC002246,10582.37,1,BLOCK,0.0
TXN002992488,2024-01-02 12:00:26.614795,ACC002689,ACC175624,44235.54,1,BLOCK,1.0
TXN002929520,2024-01-02 12:01:04.905733,ACC030603,ACC001386,14814.75,1,BLOCK,0.0
TXN002865197,2024-01-02 12:01:31.000000,ACC003978,ACC154230,772.63,0,BLOCK,1.0
TXN002841643,2024-01-02 12:02:28.000000,ACC005582,ACC142953,418.23,0,BLOCK,1.0
TXN002813132,2024-01-02 12:02:30.000000,ACC001789,ACC079601,453.76,0,BLOCK,1.0
TXN002906590,2024-01-02 12:02:52.000000,ACC006129,ACC188478,1191.79,0,BLOCK,1.0
TXN002819706,2024-01-02 12:03:37.529658,ACC019435,ACC001784,12320.97,1,BLOCK,0.0
TXN002919077,2024-01-02 12:06:51.060543,ACC001924,ACC156493,15324.36,0,BLOCK,1.0
TXN002982969,2024-01-02 12:07:06.000000,ACC001874,ACC147180,209.96,0,BLOCK,1.0
TXN002927774,2024-01-02 12:09:01.000000,ACC001159,ACC164930,2032.46,0,BLOCK,1.0
TXN002835173,2024-01-02 12:09:05.000000,ACC004335,ACC151537,404.63,0,BLOCK,1.0
TXN002820486,2024-01-02 12:09:26.000000,ACC002039,ACC147402,604.08,0,BLOCK,1.0
TXN002969792,2024-01-02 12:09:44.000000,ACC000127,ACC041315,315.47,0,BLOCK,1.0
TXN002936272,2024-01-02 12:10:46.000000,ACC000714,ACC039303,86.47,0,BLOCK,1.0
TXN002905939,2024-01-02 12:11:12.000000,ACC000655,ACC062036,310.5,0,BLOCK,1.0
TXN002981974,2024-01-02 12:15:19.000000,ACC002934,ACC200187,587.15,0,BLOCK,1.0
TXN002888695,2024-01-02 12:15:46.024574,ACC005928,ACC043382,27540.24,0,BLOCK,1.0
TXN002820781,2024-01-02 12:18:09.000000,ACC203368,ACC003249,14808.8,0,BLOCK,0.0
TXN002921604,2024-01-02 12:18:58.000000,ACC002284,ACC062196,4423.42,0,BLOCK,1.0
TXN002840100,2024-01-02 12:19:13.692041,ACC059098,ACC006109,396.47,1,BLOCK,0.0
TXN002829169,2024-01-02 12:19:35.269307,ACC000396,ACC067431,15007.39,0,BLOCK,1.0
TXN002841819,2024-01-02 12:20:36.000000,ACC016842,ACC001139,28239.4,0,BLOCK,0.0
TXN002968983,2024-01-02 12:20:57.000000,ACC003128,ACC032904,2044.64,0,BLOCK,1.0
TXN002944101,2024-01-02 12:22:37.064196,ACC191244,ACC002686,1772.33,1,BLOCK,0.0
TXN002838867,2024-01-02 12:24:12.000000,ACC003916,ACC023444,402.67,0,BLOCK,1.0
TXN002859618,2024-01-02 12:24:40.000000,ACC001475,ACC144219,1321.13,0,BLOCK,1.0
TXN002918987,2024-01-02 12:25:38.000000,ACC005457,ACC195980,924.25,0,BLOCK,1.0
TXN002859613,2024-01-02 12:26:07.000000,ACC001475,ACC065034,310.29,0,BLOCK,1.0
TXN002868201,2024-01-02 12:26:43.000000,ACC000595,ACC189148,6793.13,0,BLOCK,1.0
TXN002834645,2024-01-02 12:27:29.357521,ACC092949,ACC002483,1163.0,1,BLOCK,0.0
TXN002958731,2024-01-02 12:27:58.000000,ACC005008,ACC022136,1652.81,0,BLOCK,1.0
TXN002983290,2024-01-02 12:28:10.000000,ACC004500,ACC071567,2933.65,0,BLOCK,1.0
TXN002997413,2024-01-02 12:28:36.000000,ACC004091,ACC105507,2414.43,0,BLOCK,1.0
TXN002906227,2024-01-02 12:29:17.000000,ACC001048,ACC010831,1871.78,0,BLOCK,1.0
TXN002300425,2024-01-02 12:29:24.000000,ACC196460,ACC178674,12493.55,0,BLOCK,0.0
TXN002894199,2024-01-02 12:31:08.741916,ACC001716,ACC129358,23446.56,0,BLOCK,1.0
TXN002885031,2024-01-02 12:31:42.000000,ACC005036,ACC102764,573.4,0,BLOCK,1.0
TXN002897669,2024-01-02 12:32:37.394036,ACC005618,ACC030790,77024.42,1,BLOCK,1.0
TXN002881479,2024-01-02 12:33:51.000000,ACC003691,ACC189442,1780.54,0,BLOCK,1.0
TXN002992145,2024-01-02 12:34:19.000000,ACC001497,ACC109176,4580.98,0,BLOCK,1.0
TXN002994794,2024-01-02 12:37:35.000000,ACC003420,ACC127883,158.53,0,BLOCK,1.0
TXN002907150,2024-01-02 12:37:35.451970,ACC184942,ACC002714,982.27,1,BLOCK,0.0
TXN002943714,2024-01-02 12:37:54.704968,ACC005994,ACC003985,168478.88,1,BLOCK,1.0
TXN002917102,2024-01-02 12:39:35.000000,ACC002595,ACC103642,341.96,0,BLOCK,1.0
TXN002832202,2024-01-02 12:39:52.000000,ACC004071,ACC111699,2186.62,0,BLOCK,1.0
TXN002853200,2024-01-02 12:40:04.996405,ACC184977,ACC005381,419.54,1,BLOCK,0.0
TXN002867997,2024-01-02 12:40:58.000000,ACC003687,ACC037955,1249.53,0,BLOCK,1.0
TXN002991261,2024-01-02 12:42:27.000000,ACC000166,ACC069889,30.63,0,BLOCK,1.0
TXN002972337,2024-01-02 12:43:02.239525,ACC002503,ACC116630,16007.86,0,BLOCK,1.0
TXN002824717,2024-01-02 12:46:18.342856,ACC000576,ACC131626,23521.57,0,BLOCK,1.0
TXN002916611,2024-01-02 12:49:24.768323,ACC007520,ACC001181,392.74,1,BLOCK,0.0
TXN002959105,2024-01-02 12:51:05.596080,ACC158950,ACC001391,1811.89,1,BLOCK,0.0
TXN002844654,2024-01-02 12:51:10.457104,ACC133685,ACC003675,11852.64,1,BLOCK,0.0
TXN002858031,2024-01-02 12:52:26.463923,ACC145897,ACC003479,12460.51,1,BLOCK,0.0
TXN002954577,2024-01-02 12:53:36.000000,ACC014004,ACC000208,46534.92,0,BLOCK,0.0
TXN002814259,2024-01-02 12:53:52.000000,ACC000841,ACC108671,793.11,0,BLOCK,1.0
TXN002917012,2024-01-02 12:54:02.758318,ACC151172,ACC002847,1709.54,1,BLOCK,0.0
TXN002888112,2024-01-02 12:55:10.000000,ACC002666,ACC014906,635.07,0,BLOCK,1.0
TXN002887543,2024-01-02 12:56:50.000000,ACC003471,ACC029514,1835.83,0,BLOCK,1.0
TXN002815457,2024-01-02 12:57:22.000000,ACC002036,ACC048747,79.94,0,BLOCK,1.0
TXN002849269,2024-01-02 12:59:05.375667,ACC003388,ACC046990,81178.5,0,BLOCK,1.0
TXN002894026,2024-01-02 12:59:26.359880,ACC003858,ACC070579,44417.37,1,BLOCK,1.0
TXN002847864,2024-01-02 12:59:29.000000,ACC005070,ACC072787,1609.6,0,BLOCK,1.0
TXN000356653,2024-01-02 13:00:00.000000,ACC125363,ACC076791,73209.47,0,STEP_UP,0.0
TXN001866604,2024-01-02 13:00:00.000000,ACC094636,ACC082471,143103.37,0,STEP_UP,0.0
TXN000525870,2024-01-02 13:00:00.000000,ACC062473,ACC171859,123375.53,0,STEP_UP,0.0
TXN002881905,2024-01-02 13:00:00.000000,ACC116170,ACC005799,26825.6,0,BLOCK,0.0
TXN001134357,2024-01-02 13:00:00.000000,ACC150675,ACC115452,69551.26,0,STEP_UP,0.0
TXN002018638,2024-01-02 13:00:00.000000,ACC102756,ACC180286,102967.91,0,STEP_UP,0.0
TXN002864151,2024-01-02 13:00:00.000000,ACC160210,ACC001551,35584.15,0,BLOCK,0.0
TXN001761384,2024-01-02 13:00:00.000000,ACC191119,ACC044453,149664.03,0,STEP_UP,0.0
TXN002947992,2024-01-02 13:01:46.000000,ACC004937,ACC082921,822.16,0,BLOCK,1.0
TXN002959103,2024-01-02 13:03:03.387598,ACC100030,ACC001391,297.59,1,BLOCK,0.0
TXN002886819,2024-01-02 13:03:47.000000,ACC005492,ACC159501,3299.12,0,BLOCK,1.0
TXN002962776,2024-01-02 13:03:58.926751,ACC038491,ACC000552,14447.36,1,BLOCK,0.0
TXN002954299,2024-01-02 13:05:56.625335,ACC000435,ACC176247,46924.48,1,BLOCK,1.0
TXN002820615,2024-01-02 13:07:44.000000,ACC003255,ACC136142,69.34,0,BLOCK,1.0
TXN002861494,2024-01-02 13:07:52.000000,ACC004469,ACC032620,1039.25,0,BLOCK,1.0
TXN002973393,2024-01-02 13:09:44.349792,ACC103502,ACC000327,295.77,1,BLOCK,0.0
TXN002854295,2024-01-02 13:09:59.000000,ACC001450,ACC144338,124.81,0,BLOCK,1.0
TXN002865306,2024-01-02 13:11:32.000000,ACC005206,ACC036254,50.76,0,BLOCK,1.0
TXN002842836,2024-01-02 13:15:19.000000,ACC002002,ACC165284,5481.87,0,BLOCK,1.0
TXN002965204,2024-01-02 13:15:27.000000,ACC002509,ACC025283,4412.61,0,BLOCK,1.0
TXN002977709,2024-01-02 13:16:03.804120,ACC202143,ACC001041,1048.28,1,BLOCK,0.0
TXN002960497,2024-01-02 13:17:06.000000,ACC001094,ACC117748,382.13,0,BLOCK,1.0
TXN002977711,2024-01-02 13:17:09.649231,ACC202143,ACC001041,1927.55,1,BLOCK,0.0
TXN002901698,2024-01-02 13:17:44.000000,ACC005356,ACC107532,1603.66,0,BLOCK,1.0
TXN002853198,2024-01-02 13:17:55.263615,ACC155142,ACC005381,1677.22,1,BLOCK,0.0
TXN002839013,2024-01-02 13:19:04.000000,ACC001230,ACC146735,1609.62,0,BLOCK,1.0
TXN002649329,2024-01-02 13:20:26.657369,ACC107912,ACC188586,44819.04,0,STEP_UP,0.0
TXN001315118,2024-01-02 13:21:08.000000,ACC174212,ACC180874,100000.0,0,STEP_UP,0.0
TXN002870951,2024-01-02 13:21:35.000000,ACC004478,ACC189516,2353.15,0,BLOCK,1.0
TXN002838803,2024-01-02 13:22:16.420145,ACC001523,ACC152480,25127.76,0,BLOCK,1.0
TXN002816856,2024-01-02 13:23:00.000000,ACC002552,ACC032929,287.04,0,BLOCK,1.0
TXN002818864,2024-01-02 13:23:16.951002,ACC113058,ACC002366,13833.9,1,BLOCK,0.0
TXN002990895,2024-01-02 13:23:34.000000,ACC003463,ACC123184,3291.45,0,BLOCK,1.0
TXN002833940,2024-01-02 13:24:13.948600,ACC008702,ACC005964,12618.47,1,BLOCK,0.0
TXN002814249,2024-01-02 13:24:14.000000,ACC000841,ACC091177,75.56,0,BLOCK,1.0
TXN002916604,2024-01-02 13:26:27.523476,ACC088291,ACC001181,492.63,1,BLOCK,0.0
TXN002878307,2024-01-02 13:27:02.000000,ACC004611,ACC061683,367.93,0,BLOCK,1.0
TXN002973884,2024-01-02 13:29:21.000000,ACC003827,ACC184234,585.13,0,BLOCK,1.0
TXN002977441,2024-01-02 13:31:48.000000,ACC004197,ACC112792,16063.74,0,BLOCK,1.0
TXN002959079,2024-01-02 13:33:16.777947,ACC126175,ACC001391,572.67,1,BLOCK,0.0
TXN002973822,2024-01-02 13:34:41.000000,ACC000042,ACC143255,606.14,0,BLOCK,1.0
TXN002844656,2024-01-02 13:36:55.604349,ACC057389,ACC003675,10392.08,1,BLOCK,0.0
TXN002820440,2024-01-02 13:37:43.624446,ACC003262,ACC083303,42620.03,0,BLOCK,1.0
TXN002874695,2024-01-02 13:37:48.000000,ACC005906,ACC196176,8018.9,0,BLOCK,1.0
TXN002864278,2024-01-02 13:38:20.000000,ACC002756,ACC107288,262.01,0,BLOCK,1.0
TXN002993078,2024-01-02 13:38:49.000000,ACC001461,ACC132216,615.85,0,BLOCK,1.0
TXN002909512,2024-01-02 13:40:12.000000,ACC001446,ACC198977,1236.8,0,BLOCK,1.0
TXN002955350,2024-01-02 13:41:35.000000,ACC005186,ACC048410,260.21,0,BLOCK,1.0
TXN002889187,2024-01-02 13:44:42.755925,ACC062372,ACC004695,281.57,1,BLOCK,0.0
TXN002996077,2024-01-02 13:45:05.247532,ACC028894,ACC004583,1884.37,1,BLOCK,0.0
TXN002988170,2024-01-02 13:48:48.000000,ACC000528,ACC032529,1348.37,0,BLOCK,1.0
TXN002917639,2024-01-02 13:49:56.000000,ACC001537,ACC169289,1418.63,0,BLOCK,1.0
TXN002936191,2024-01-02 13:53:31.000000,ACC003234,ACC059833,281.74,0,BLOCK,1.0
TXN002953350,2024-01-02 13:54:17.000000,ACC002842,ACC136064,557.1,0,BLOCK,1.0
TXN002827917,2024-01-02 13:54:39.758045,ACC083239,ACC004703,10072.18,1,BLOCK,0.0
TXN002840078,2024-01-02 13:55:28.916220,ACC140826,ACC006109,1985.36,1,BLOCK,0.0
TXN002900419,2024-01-02 13:56:40.000000,ACC003921,ACC119936,230.42,0,BLOCK,1.0
TXN002850137,2024-01-02 13:57:58.000000,ACC005058,ACC036711,1536.95,0,BLOCK,1.0
TXN002888694,2024-01-02 13:58:26.821129,ACC005928,ACC175787,28018.13,0,BLOCK,1.0
TXN002820769,2024-01-02 13:59:54.000000,ACC000170,ACC057080,1062.84,0,BLOCK,1.0
TXN002925637,2024-01-02 14:00:00.000000,ACC070332,ACC000944,73481.91,0,BLOCK,0.0
TXN001393469,2024-01-02 14:00:00.000000,ACC119008,ACC167859,122168.6,0,BLOCK,0.0
TXN000738697,2024-01-02 14:00:00.000000,ACC058508,ACC195789,136121.2,0,STEP_UP,0.0
TXN002931839,2024-01-02 14:00:00.000000,ACC168582,ACC004391,23423.79,0,BLOCK,0.0
TXN002824911,2024-01-02 14:00:00.000000,ACC091901,ACC000091,108877.18,0,BLOCK,0.0
TXN002891635,2024-01-02 14:00:00.000000,ACC080126,ACC005019,99471.7,0,BLOCK,0.0
TXN002979941,2024-01-02 14:00:00.000000,ACC010935,ACC000590,108753.54,0,BLOCK,0.0
TXN002955430,2024-01-02 14:00:00.000000,ACC023283,ACC005787,134556.77,0,BLOCK,0.0
TXN002918900,2024-01-02 14:00:33.000000,ACC004900,ACC180105,2090.93,0,BLOCK,1.0
TXN002989484,2024-01-02 14:01:33.000000,ACC005899,ACC077541,635.74,0,BLOCK,1.0
TXN002987563,2024-01-02 14:01:47.000000,ACC004479,ACC095367,515.42,0,BLOCK,1.0
TXN002925584,2024-01-02 14:02:22.000000,ACC003441,ACC059465,1967.72,0,BLOCK,1.0
TXN002917773,2024-01-02 14:03:28.547447,ACC000883,ACC103881,45338.95,1,BLOCK,1.0
TXN002814937,2024-01-02 14:03:45.000000,ACC000648,ACC145563,763.6,0,BLOCK,1.0
TXN002857524,2024-01-02 14:03:55.000000,ACC000403,ACC054489,2672.32,0,BLOCK,1.0
TXN002853049,2024-01-02 14:05:02.000000,ACC000610,ACC025959,415.82,0,BLOCK,1.0
TXN002969731,2024-01-02 14:05:07.000000,ACC005793,ACC196274,476.5,0,BLOCK,1.0
TXN001375935,2024-01-02 14:05:57.580046,ACC064772,ACC123382,57809.5,0,STEP_UP,0.0
TXN002835761,2024-01-02 14:07:39.000000,ACC005666,ACC014044,1346.97,0,BLOCK,1.0
TXN002983939,2024-01-02 14:08:35.000000,ACC003645,ACC081260,1276.39,0,BLOCK,1.0
TXN002856431,2024-01-02 14:11:24.000000,ACC002942,ACC055911,1670.77,0,BLOCK,1.0
TXN001223087,2024-01-02 14:13:24.939511,ACC155836,ACC007815,59303.82,0,STEP_UP,0.0
TXN002853204,2024-01-02 14:14:49.812932,ACC177211,ACC005381,1121.45,1,BLOCK,0.0
TXN002877565,2024-01-02 14:15:11.000000,ACC002878,ACC130969,1339.56,0,BLOCK,1.0
TXN002881366,2024-01-02 14:18:23.763019,ACC129819,ACC001034,1085.91,1,BLOCK,0.0
TXN002881393,2024-01-02 14:20:38.000000,ACC005684,ACC144290,640.64,0,BLOCK,1.0
TXN002937296,2024-01-02 14:20:56.000000,ACC005210,ACC169392,2643.11,0,BLOCK,1.0
TXN002929665,2024-01-02 14:22:00.000000,ACC005362,ACC166515,88.46,0,BLOCK,1.0
TXN002873296,2024-01-02 14:24:54.705078,ACC124412,ACC000006,12152.55,1,BLOCK,0.0
TXN002997198,2024-01-02 14:25:22.991747,ACC002240,ACC070253,89622.99,1,BLOCK,1.0
TXN002938019,2024-01-02 14:26:11.000000,ACC107892,ACC002561,12082.04,0,BLOCK,0.0
TXN002859860,2024-01-02 14:27:56.000000,ACC001887,ACC195945,471.04,0,BLOCK,1.0
TXN002868745,2024-01-02 14:28:01.234259,ACC004406,ACC004757,40416.92,1,BLOCK,1.0
TXN002925387,2024-01-02 14:30:28.883666,ACC070448,ACC004038,12418.11,1,BLOCK,0.0
TXN002959157,2024-01-02 14:30:37.801477,ACC002061,ACC179982,24804.09,0,BLOCK,1.0
TXN002931135,2024-01-02 14:31:03.619235,ACC000452,ACC041360,53237.49,1,BLOCK,1.0
TXN002941986,2024-01-02 14:31:57.000000,ACC004582,ACC082485,317.79,0,BLOCK,1.0
TXN002914714,2024-01-02 14:33:51.000000,ACC003795,ACC121617,511.73,0,BLOCK,1.0
TXN002870223,2024-01-02 14:34:12.897693,ACC130665,ACC003029,394.18,1,BLOCK,0.0
TXN002925901,2024-01-02 14:35:41.000000,ACC000990,ACC189256,2734.53,0,BLOCK,1.0
TXN001890663,2024-01-02 14:36:42.588503,ACC124468,ACC076227,62860.59,0,STEP_UP,0.0
TXN002971236,2024-01-02 14:37:02.000000,ACC004504,ACC161845,484.1,0,BLOCK,1.0
TXN002853201,2024-01-02 14:38:17.684043,ACC054853,ACC005381,1795.15,1,BLOCK,0.0
TXN002891471,2024-01-02 14:38:30.647954,ACC004768,ACC127958,42754.79,1,BLOCK,1.0
TXN002955156,2024-01-02 14:39:03.000000,ACC002584,ACC088581,1408.89,0,BLOCK,1.0
TXN002861546,2024-01-02 14:39:23.302574,ACC151024,ACC001645,10396.03,1,BLOCK,0.0
TXN002912543,2024-01-02 14:41:43.000000,ACC000290,ACC137814,162.66,0,BLOCK,1.0
TXN002977194,2024-01-02 14:41:52.000000,ACC004862,ACC142542,573.15,0,BLOCK,1.0
TXN002964068,2024-01-02 14:43:39.000000,ACC005997,ACC057439,595.12,0,BLOCK,1.0
TXN002929525,2024-01-02 14:44:44.118399,ACC139813,ACC001386,10997.16,1,BLOCK,0.0
TXN002985123,2024-01-02 14:46:32.000000,ACC002172,ACC168188,114.09,0,BLOCK,1.0
TXN002947414,2024-01-02 14:47:38.000000,ACC004987,ACC151164,1379.2,0,BLOCK,1.0
TXN002956193,2024-01-02 14:48:02.000000,ACC001804,ACC178219,172.13,0,BLOCK,1.0
TXN002850426,2024-01-02 14:48:49.000000,ACC001690,ACC078311,2163.66,0,BLOCK,1.0
TXN002861551,2024-01-02 14:49:07.593208,ACC202657,ACC001645,12679.59,1,BLOCK,0.0
TXN002869882,2024-01-02 14:50:29.000000,ACC000307,ACC008442,841.47,0,BLOCK,1.0
TXN002824259,2024-01-02 14:52:15.000000,ACC001978,ACC181600,4013.18,0,BLOCK,1.0
TXN002900004,2024-01-02 14:53:56.000000,ACC002608,ACC015586,347.51,0,BLOCK,1.0
TXN002966883,2024-01-02 14:55:31.000000,ACC002220,ACC127436,428.05,0,BLOCK,1.0
TXN002922532,2024-01-02 14:55:44.000000,ACC000868,ACC176611,13186.36,0,BLOCK,1.0
TXN002996242,2024-01-02 14:58:26.551292,ACC009908,ACC003652,888.83,1,BLOCK,0.0
TXN002922999,2024-01-02 14:58:28.663570,ACC079113,ACC000742,12732.39,1,BLOCK,0.0
TXN002858034,2024-01-02 14:59:37.284446,ACC117733,ACC003479,12998.44,1,BLOCK,0.0
TXN002869314,2024-01-02 14:59:48.000000,ACC004501,ACC012875,321.4,0,BLOCK,1.0
TXN002842233,2024-01-02 15:00:00.000000,ACC101954,ACC002119,145791.48,0,BLOCK,0.0
TXN002873793,2024-01-02 15:00:00.000000,ACC161163,ACC003715,90180.85,0,BLOCK,0.0
TXN000760820,2024-01-02 15:00:00.000000,ACC093229,ACC062588,130381.76,0,STEP_UP,0.0
TXN001586632,2024-01-02 15:00:00.000000,ACC187482,ACC200286,56791.4,0,STEP_UP,0.0
TXN002942887,2024-01-02 15:00:00.000000,ACC025669,ACC003195,84628.56,0,BLOCK,0.0
TXN002823523,2024-01-02 15:00:00.000000,ACC067978,ACC003243,48494.85,0,BLOCK,0.0
TXN002723585,2024-01-02 15:00:00.000000,ACC190666,ACC127407,75795.67,0,STEP_UP,0.0272
TXN002832872,2024-01-02 15:00:00.000000,ACC006156,ACC005951,119603.36,0,BLOCK,0.0
TXN001077402,2024-01-02 15:01:37.000000,ACC192590,ACC041678,47749.56,0,STEP_UP,0.0
TXN002854576,2024-01-02 15:04:47.050012,ACC002220,ACC003040,100000.0,1,BLOCK,1.0
TXN002829411,2024-01-02 15:05:57.000000,ACC004461,ACC081987,2983.78,0,BLOCK,1.0
TXN002861430,2024-01-02 15:07:29.979664,ACC089386,ACC001889,12116.09,1,BLOCK,0.0
TXN002924260,2024-01-02 15:09:11.930963,ACC004683,ACC104531,67839.29,1,BLOCK,1.0
TXN002991046,2024-01-02 15:10:24.000000,ACC003633,ACC158276,3290.51,0,BLOCK,1.0
TXN002917820,2024-01-02 15:11:36.206069,ACC116987,ACC004506,712.45,1,BLOCK,0.0
TXN002827913,2024-01-02 15:11:45.200583,ACC054363,ACC004703,11789.86,1,BLOCK,0.0
TXN002964004,2024-01-02 15:13:13.567776,ACC003501,ACC126795,33026.07,0,BLOCK,1.0
TXN002925499,2024-01-02 15:15:08.000000,ACC005645,ACC100418,838.35,0,BLOCK,1.0
TXN002876629,2024-01-02 15:15:11.235565,ACC000353,ACC183302,18661.03,0,BLOCK,1.0
TXN002843626,2024-01-02 15:15:33.643617,ACC198649,ACC003919,11520.63,1,BLOCK,0.0
TXN002892699,2024-01-02 15:15:57.038527,ACC003854,ACC048687,45812.83,1,BLOCK,1.0
TXN002858288,2024-01-02 15:16:38.347603,ACC203676,ACC000089,829.99,1,BLOCK,0.0
TXN002962768,2024-01-02 15:17:28.612902,ACC100749,ACC000552,14817.37,1,BLOCK,0.0
TXN002927986,2024-01-02 15:17:39.000000,ACC005698,ACC050374,114.52,0,BLOCK,1.0
TXN002903590,2024-01-02 15:19:16.000000,ACC004055,ACC079732,3923.01,0,BLOCK,1.0
TXN002910505,2024-01-02 15:19:20.000000,ACC003710,ACC176083,1535.21,0,BLOCK,1.0
TXN002972235,2024-01-02 15:19:41.000000,ACC004464,ACC064579,960.03,0,BLOCK,1.0
TXN002893321,2024-01-02 15:20:43.900591,ACC182059,ACC000222,1337.39,1,BLOCK,0.0
TXN002969353,2024-01-02 15:21:00.000000,ACC001322,ACC043720,885.83,0,BLOCK,1.0
TXN002970908,2024-01-02 15:23:37.000000,ACC001250,ACC007713,1234.88,0,BLOCK,1.0
TXN002946162,2024-01-02 15:26:58.000000,ACC003132,ACC122402,129.0,0,BLOCK,1.0
TXN002998876,2024-01-02 15:27:28.000000,ACC002504,ACC046898,122.57,0,BLOCK,1.0
TXN002849523,2024-01-02 15:31:13.000000,ACC001397,ACC153814,2891.69,0,BLOCK,1.0
TXN002868746,2024-01-02 15:33:31.136844,ACC004757,ACC195131,38606.32,1,BLOCK,1.0
TXN002944676,2024-01-02 15:34:07.000000,ACC000192,ACC125085,2275.0,0,BLOCK,1.0
TXN002847577,2024-01-02 15:34:14.569327,ACC002458,ACC107721,46548.83,1,BLOCK,1.0
TXN002454715,2024-01-02 15:34:55.817711,ACC006558,ACC137561,40287.06,0,STEP_UP,0.0
TXN002859401,2024-01-02 15:34:57.000000,ACC006082,ACC156272,1069.84,0,BLOCK,1.0
TXN002958544,2024-01-02 15:35:02.000000,ACC001964,ACC188450,3468.42,0,BLOCK,1.0
TXN002815388,2024-01-02 15:36:36.000000,ACC161388,ACC002298,14444.95,0,BLOCK,0.0
TXN002954113,2024-01-02 15:37:01.000000,ACC001019,ACC194490,9411.1,0,BLOCK,1.0
TXN002938587,2024-01-02 15:37:02.914083,ACC113140,ACC002449,10712.95,1,BLOCK,0.0
TXN001172633,2024-01-02 15:37:41.032528,ACC095016,ACC199455,27572.91,0,STEP_UP,0.0
TXN002998106,2024-01-02 15:40:06.065051,ACC003959,ACC047252,30940.61,0,BLOCK,1.0
TXN002867609,2024-01-02 15:40:24.000000,ACC001025,ACC051622,466.89,0,BLOCK,1.0
TXN002817358,2024-01-02 15:40:50.000000,ACC001184,ACC200132,11.15,0,BLOCK,1.0
TXN002962940,2024-01-02 15:41:52.138055,ACC004369,ACC116195,42466.97,1,BLOCK,1.0
TXN002855053,2024-01-02 15:46:25.000000,ACC004428,ACC045855,251.96,0,BLOCK,1.0
TXN002997716,2024-01-02 15:46:48.059566,ACC002035,ACC193369,25762.85,0,BLOCK,1.0
TXN002866497,2024-01-02 15:46:57.160326,ACC036981,ACC003472,11656.83,1,BLOCK,0.0
TXN002925423,2024-01-02 15:47:18.000000,ACC002862,ACC146210,271.19,0,BLOCK,1.0
TXN002894024,2024-01-02 15:48:17.075475,ACC003858,ACC053318,44312.29,1,BLOCK,1.0
TXN002979831,2024-01-02 15:48:25.000000,ACC004376,ACC032789,211.37,0,BLOCK,1.0
TXN002952426,2024-01-02 15:49:51.000000,ACC001641,ACC150207,1221.64,0,BLOCK,1.0
TXN002921333,2024-01-02 15:55:18.000000,ACC003446,ACC180733,1967.21,0,BLOCK,1.0
TXN002969855,2024-01-02 15:57:07.307301,ACC116533,ACC001280,12228.38,1,BLOCK,0.0
TXN002906073,2024-01-02 15:57:16.484206,ACC005490,ACC001810,79061.19,1,BLOCK,1.0
TXN002940218,2024-01-02 15:59:58.000000,ACC000118,ACC126181,18488.18,0,BLOCK,1.0
TXN002980833,2024-01-02 16:00:00.000000,ACC073918,ACC002515,130234.8,0,BLOCK,0.0
TXN002830821,2024-01-02 16:00:00.000000,ACC020348,ACC005520,54718.79,0,BLOCK,0.0
TXN002992202,2024-01-02 16:00:00.000000,ACC124470,ACC003651,112798.27,0,BLOCK,0.0
TXN001793122,2024-01-02 16:00:00.000000,ACC087824,ACC014549,95537.47,0,STEP_UP,0.0
TXN002997369,2024-01-02 16:00:00.000000,ACC132406,ACC005662,39541.9,0,BLOCK,0.0
TXN002926611,2024-01-02 16:00:00.000000,ACC062706,ACC003466,82166.64,0,BLOCK,0.0
TXN002644686,2024-01-02 16:00:00.000000,ACC151033,ACC097210,141231.17,0,STEP_UP,0.0
TXN002938880,2024-01-02 16:00:00.000000,ACC174324,ACC002975,28385.06,0,BLOCK,0.0
TXN002847793,2024-01-02 16:00:00.000000,ACC171521,ACC004226,72406.03,0,BLOCK,0.0
TXN001642094,2024-01-02 16:00:00.000000,ACC156303,ACC028259,69035.18,0,STEP_UP,0.0
TXN002997197,2024-01-02 16:00:02.211718,ACC002240,ACC070253,170998.6,1,BLOCK,1.0
TXN002875769,2024-01-02 16:01:01.000000,ACC003260,ACC194630,337.57,0,BLOCK,1.0
TXN002849270,2024-01-02 16:01:28.172098,ACC003388,ACC108174,60689.17,0,BLOCK,1.0
TXN002954298,2024-01-02 16:02:44.192735,ACC000435,ACC045514,47120.51,1,BLOCK,1.0
TXN002818501,2024-01-02 16:04:08.000000,ACC003155,ACC198630,187.01,0,BLOCK,1.0
TXN002977708,2024-01-02 16:04:14.007964,ACC166122,ACC001041,1594.28,1,BLOCK,0.0
TXN002917814,2024-01-02 16:04:34.086281,ACC116987,ACC004506,1596.73,1,BLOCK,0.0
TXN002961346,2024-01-02 16:06:18.336767,ACC002813,ACC001516,89617.66,1,BLOCK,1.0
TXN002823524,2024-01-02 16:06:22.705096,ACC003243,ACC200761,20774.5,0,BLOCK,1.0
TXN002998104,2024-01-02 16:07:07.444766,ACC003959,ACC187132,54501.9,0,BLOCK,1.0
TXN002996931,2024-01-02 16:09:56.000000,ACC001486,ACC052889,36.74,0,BLOCK,1.0
TXN002887127,2024-01-02 16:12:59.000000,ACC002855,ACC074726,19972.8,0,BLOCK,1.0
TXN002991623,2024-01-02 16:13:06.000000,ACC003178,ACC194894,2419.94,0,BLOCK,1.0
TXN002914422,2024-01-02 16:16:48.000000,ACC001312,ACC185932,2429.81,0,BLOCK,1.0
TXN002861374,2024-01-02 16:18:21.324804,ACC005334,ACC163088,69334.45,1,BLOCK,1.0
TXN002933272,2024-01-02 16:19:06.000000,ACC004973,ACC115098,144.73,0,BLOCK,1.0
TXN002829276,2024-01-02 16:19:15.046122,ACC000218,ACC030239,45268.65,1,BLOCK,1.0
TXN002888935,2024-01-02 16:22:56.000000,ACC003486,ACC118518,6035.47,0,BLOCK,1.0
TXN002977716,2024-01-02 16:28:36.903054,ACC070498,ACC001041,1378.88,1,BLOCK,0.0
TXN002951108,2024-01-02 16:29:05.977647,ACC160105,ACC001477,12506.37,1,BLOCK,0.0
TXN002914423,2024-01-02 16:29:08.000000,ACC001312,ACC068593,288.02,0,BLOCK,1.0
TXN002862281,2024-01-02 16:29:44.000000,ACC002092,ACC149873,821.53,0,BLOCK,1.0
TXN002981261,2024-01-02 16:30:10.114942,ACC127828,ACC005970,14594.26,1,BLOCK,0.0
TXN002911748,2024-01-02 16:31:08.000000,ACC005956,ACC008704,265.66,0,BLOCK,1.0
TXN002891637,2024-01-02 16:36:58.584917,ACC005019,ACC042125,39827.74,0,BLOCK,1.0
TXN002881364,2024-01-02 16:41:07.184275,ACC198285,ACC001034,1629.16,1,BLOCK,0.0
TXN002923009,2024-01-02 16:42:35.734544,ACC000742,ACC051927,117863.76,1,BLOCK,1.0
TXN002942957,2024-01-02 16:43:07.000000,ACC004402,ACC131825,3327.55,0,BLOCK,1.0
TXN002856857,2024-01-02 16:44:55.000000,ACC002577,ACC203853,16.62,0,BLOCK,1.0
TXN002931011,2024-01-02 16:48:29.000000,ACC075269,ACC004079,13063.72,0,BLOCK,0.0
TXN002894025,2024-01-02 16:49:05.998166,ACC003858,ACC148263,44518.11,1,BLOCK,1.0
TXN002866712,2024-01-02 16:51:40.000000,ACC003998,ACC196481,684.78,0,BLOCK,1.0
TXN002816016,2024-01-02 16:52:16.000000,ACC165315,ACC002770,21909.03,0,BLOCK,0.0
TXN002879050,2024-01-02 16:52:48.000000,ACC004216,ACC069048,96.46,0,BLOCK,1.0
TXN002965554,2024-01-02 16:55:22.612573,ACC003872,ACC050948,62179.78,0,BLOCK,1.0
TXN001582417,2024-01-02 16:57:36.725482,ACC172319,ACC007967,90338.58,0,STEP_UP,0.0
TXN002934788,2024-01-02 16:57:43.000000,ACC003604,ACC048375,8970.66,0,BLOCK,1.0
TXN002959078,2024-01-02 16:59:24.827354,ACC071351,ACC001391,1486.82,1,BLOCK,0.0
TXN002983749,2024-01-02 16:59:59.000000,ACC000985,ACC156500,2249.77,0,BLOCK,1.0
TXN000708360,2024-01-02 17:00:00.000000,ACC110358,ACC151914,59015.46,0,STEP_UP,0.0
TXN002835369,2024-01-02 17:00:00.000000,ACC152618,ACC002199,124312.46,0,BLOCK,0.0
TXN002921522,2024-01-02 17:00:00.000000,ACC203955,ACC004161,116472.21,0,BLOCK,0.0
TXN002872799,2024-01-02 17:00:00.000000,ACC137995,ACC001092,43064.79,0,BLOCK,0.0
TXN002829645,2024-01-02 17:00:00.000000,ACC078427,ACC001317,140879.12,0,BLOCK,0.0
TXN002939511,2024-01-02 17:00:00.000000,ACC089627,ACC001432,31138.19,0,BLOCK,0.0
TXN002996450,2024-01-02 17:00:00.000000,ACC083655,ACC003646,90625.52,0,BLOCK,0.0
TXN001777275,2024-01-02 17:00:00.000000,ACC179530,ACC090271,132471.12,0,STEP_UP,0.0
TXN002961483,2024-01-02 17:00:00.000000,ACC064810,ACC001848,54822.15,0,BLOCK,0.0
TXN002944752,2024-01-02 17:00:00.000000,ACC163968,ACC003484,48310.07,0,BLOCK,0.0
TXN002893309,2024-01-02 17:00:00.000000,ACC156706,ACC000222,39386.13,0,BLOCK,0.0
TXN002811540,2024-01-02 17:00:00.000000,ACC157073,ACC089630,129371.83,0,STEP_UP,0.0
TXN002998248,2024-01-02 17:00:00.000000,ACC083673,ACC001588,33499.09,0,BLOCK,0.0
TXN002935954,2024-01-02 17:00:00.000000,ACC080867,ACC002674,77209.27,0,BLOCK,0.0
TXN002945946,2024-01-02 17:08:37.000000,ACC004680,ACC187871,139.03,0,BLOCK,1.0
TXN002971137,2024-01-02 17:08:59.721327,ACC000748,ACC005261,37043.4,1,BLOCK,1.0
TXN002933895,2024-01-02 17:09:16.122851,ACC001172,ACC000275,110918.32,1,BLOCK,1.0
TXN002917799,2024-01-02 17:09:38.365124,ACC108496,ACC004506,1458.64,1,BLOCK,0.0
TXN002871589,2024-01-02 17:10:59.000000,ACC004163,ACC192858,879.52,0,BLOCK,1.0
TXN002858295,2024-01-02 17:11:43.970573,ACC079627,ACC000089,506.26,1,BLOCK,0.0
TXN000500423,2024-01-02 17:11:53.000000,ACC060622,ACC171601,64357.62,0,STEP_UP,0.0
TXN002953833,2024-01-02 17:14:05.000000,ACC005231,ACC102221,425.56,0,BLOCK,1.0
TXN002876947,2024-01-02 17:15:04.000000,ACC000813,ACC079134,840.17,0,BLOCK,1.0
TXN002961762,2024-01-02 17:18:04.000000,ACC006123,ACC039037,306.17,0,BLOCK,1.0
TXN002999517,2024-01-02 17:20:39.000000,ACC000971,ACC156729,294.58,0,BLOCK,1.0
TXN002994309,2024-01-02 17:20:55.000000,ACC005400,ACC040808,358.33,0,BLOCK,1.0
TXN002916435,2024-01-02 17:21:25.087317,ACC127178,ACC005460,12854.02,1,BLOCK,0.0
TXN002891795,2024-01-02 17:23:11.000000,ACC005284,ACC034752,933.95,0,BLOCK,1.0
TXN002877547,2024-01-02 17:23:36.605271,ACC153015,ACC003933,10184.94,1,BLOCK,0.0
TXN002972339,2024-01-02 17:23:38.521659,ACC002503,ACC137606,8923.02,0,BLOCK,1.0
TXN002830823,2024-01-02 17:26:49.505206,ACC005520,ACC085938,26097.38,0,BLOCK,1.0
TXN002856350,2024-01-02 17:30:23.000000,ACC004173,ACC123889,1160.56,0,BLOCK,1.0
TXN002985463,2024-01-02 17:32:54.586363,ACC001039,ACC005464,23551.39,1,BLOCK,1.0
TXN002886639,2024-01-02 17:32:58.552397,ACC004919,ACC003427,41263.1,1,BLOCK,1.0
TXN002917791,2024-01-02 17:36:37.546478,ACC083411,ACC004506,591.12,1,BLOCK,0.0
TXN002951110,2024-01-02 17:37:19.622156,ACC187239,ACC001477,11768.45,1,BLOCK,0.0
TXN002929515,2024-01-02 17:37:57.769531,ACC139813,ACC001386,14351.02,1,BLOCK,0.0
TXN002967256,2024-01-02 17:41:54.794514,ACC172784,ACC002203,664.04,1,BLOCK,0.0
TXN002973407,2024-01-02 17:43:25.702551,ACC085277,ACC000327,1163.07,1,BLOCK,0.0
TXN002855910,2024-01-02 17:43:37.000000,ACC004080,ACC059556,770.79,0,BLOCK,1.0
TXN002980835,2024-01-02 17:44:17.536100,ACC002515,ACC021066,52610.78,0,BLOCK,1.0
TXN002829271,2024-01-02 17:45:51.883234,ACC000218,ACC127553,45382.62,1,BLOCK,1.0
TXN002861365,2024-01-02 17:46:51.811893,ACC081018,ACC005334,12226.5,1,BLOCK,0.0
TXN002861547,2024-01-02 17:49:21.573290,ACC151024,ACC001645,11518.01,1,BLOCK,0.0
TXN002847720,2024-01-02 17:50:06.000000,ACC001070,ACC168103,1482.16,0,BLOCK,1.0
TXN002953394,2024-01-02 17:50:23.000000,ACC003735,ACC116437,338.92,0,BLOCK,1.0
TXN002905536,2024-01-02 17:54:48.000000,ACC005039,ACC105877,1930.8,0,BLOCK,1.0
TXN002854031,2024-01-02 17:55:10.910291,ACC178515,ACC002077,301.17,1,BLOCK,0.0
TXN002998105,2024-01-02 17:56:17.854546,ACC003959,ACC008853,52181.11,0,BLOCK,1.0
TXN002653605,2024-01-02 18:00:00.000000,ACC102301,ACC122945,48473.57,0,STEP_UP,0.0
TXN002940916,2024-01-02 18:00:00.000000,ACC137726,ACC003229,33140.51,0,BLOCK,0.0
TXN002967979,2024-01-02 18:00:00.000000,ACC184648,ACC001921,114066.71,0,BLOCK,0.0
TXN002932375,2024-01-02 18:00:00.000000,ACC071858,ACC003908,99071.36,0,BLOCK,0.0
TXN002885482,2024-01-02 18:00:00.000000,ACC033359,ACC003943,76955.7,0,BLOCK,0.0
TXN002822187,2024-01-02 18:00:00.000000,ACC070811,ACC000358,78280.44,0,BLOCK,0.0
TXN002841468,2024-01-02 18:00:00.000000,ACC169296,ACC005067,97575.87,0,BLOCK,0.0
TXN002829600,2024-01-02 18:00:00.000000,ACC066164,ACC000787,107579.09,0,BLOCK,0.0
TXN002997712,2024-01-02 18:00:00.000000,ACC011046,ACC002035,119667.06,0,BLOCK,0.0
TXN002866193,2024-01-02 18:00:00.000000,ACC140384,ACC003566,53807.59,0,BLOCK,0.0
TXN002972464,2024-01-02 18:00:42.486666,ACC004225,ACC197583,37672.06,0,BLOCK,1.0
TXN002819714,2024-01-02 18:01:23.488952,ACC105732,ACC001784,10987.79,1,BLOCK,0.0
TXN002997370,2024-01-02 18:01:37.759852,ACC005662,ACC055673,14618.96,0,BLOCK,1.0
TXN002993691,2024-01-02 18:01:51.963190,ACC000126,ACC098191,20048.13,0,BLOCK,1.0
TXN002938881,2024-01-02 18:02:47.872240,ACC002975,ACC174210,9849.4,0,BLOCK,1.0
TXN002993692,2024-01-02 18:03:31.554138,ACC000126,ACC186865,36378.54,0,BLOCK,1.0
TXN002929810,2024-01-02 18:04:45.000000,ACC001479,ACC158858,586.66,0,BLOCK,1.0
TXN002944645,2024-01-02 18:06:48.301251,ACC181434,ACC000537,750.55,1,BLOCK,0.0
TXN002997969,2024-01-02 18:06:54.000000,ACC005915,ACC029781,540.86,0,BLOCK,1.0
TXN002996627,2024-01-02 18:10:02.000000,ACC005272,ACC140143,5499.12,0,BLOCK,1.0
TXN002833936,2024-01-02 18:10:51.963374,ACC196941,ACC005964,12535.85,1,BLOCK,0.0
TXN001991149,2024-01-02 18:13:27.864942,ACC043723,ACC022659,85070.24,0,STEP_UP,0.0
TXN002944120,2024-01-02 18:17:20.455689,ACC100810,ACC002686,265.03,1,BLOCK,0.0
TXN002833952,2024-01-02 18:17:22.254998,ACC198880,ACC005964,11414.82,1,BLOCK,0.0
TXN002830824,2024-01-02 18:18:42.610446,ACC005520,ACC166658,22748.64,0,BLOCK,1.0
TXN002894023,2024-01-02 18:19:56.123219,ACC003858,ACC109926,44438.06,1,BLOCK,1.0
TXN001905055,2024-01-02 18:20:15.874833,ACC022563,ACC128644,30052.84,0,STEP_UP,0.0
TXN002854016,2024-01-02 18:20:36.234018,ACC131957,ACC002077,247.67,1,BLOCK,0.0
TXN002934795,2024-01-02 18:20:52.000000,ACC003604,ACC017122,339.35,0,BLOCK,1.0
TXN002942634,2024-01-02 18:21:03.137746,ACC184788,ACC006144,592.74,1,BLOCK,0.0
TXN002876627,2024-01-02 18:21:44.867582,ACC000353,ACC137107,36209.88,0,BLOCK,1.0
TXN002989635,2024-01-02 18:22:23.530605,ACC004663,ACC127769,46875.22,1,BLOCK,1.0
TXN002893329,2024-01-02 18:27:13.599768,ACC154625,ACC000222,1689.77,1,BLOCK,0.0
TXN002939285,2024-01-02 18:27:23.144561,ACC113308,ACC002000,1657.64,1,BLOCK,0.0
TXN002980716,2024-01-02 18:28:33.000000,ACC096667,ACC001459,10219.11,0,BLOCK,0.0
TXN002853600,2024-01-02 18:28:52.000000,ACC005048,ACC027081,981.14,0,BLOCK,1.0
TXN002973399,2024-01-02 18:29:53.377523,ACC070027,ACC000327,740.35,1,BLOCK,0.0
TXN002829646,2024-01-02 18:33:08.520654,ACC001317,ACC191139,54620.14,0,BLOCK,1.0
TXN002983798,2024-01-02 18:34:23.000000,ACC004305,ACC079758,227.99,0,BLOCK,1.0
TXN002925371,2024-01-02 18:34:24.433038,ACC058907,ACC004038,12450.85,1,BLOCK,0.0
TXN002940263,2024-01-02 18:34:49.000000,ACC001675,ACC092208,189.54,0,BLOCK,1.0
TXN002997201,2024-01-02 18:37:27.000000,ACC095382,ACC000688,10140.8,0,BLOCK,0.0
TXN002899135,2024-01-02 18:37:42.000000,ACC002880,ACC058440,259.58,0,BLOCK,1.0
TXN002939838,2024-01-02 18:43:30.000000,ACC000999,ACC056042,924.7,0,BLOCK,1.0
TXN002875663,2024-01-02 18:47:09.169974,ACC171208,ACC001104,908.38,1,BLOCK,0.0
TXN002985323,2024-01-02 18:48:10.000000,ACC001515,ACC018103,1836.13,0,BLOCK,1.0
TXN002881907,2024-01-02 18:48:42.465443,ACC005799,ACC165712,11352.49,0,BLOCK,1.0
TXN002820438,2024-01-02 18:49:50.930632,ACC003262,ACC172391,72860.94,0,BLOCK,1.0
TXN001801169,2024-01-02 18:50:00.112194,ACC064447,ACC187953,42812.39,0,STEP_UP,0.0
TXN002822189,2024-01-02 18:51:51.649396,ACC000358,ACC018714,47867.52,0,BLOCK,1.0
TXN002847578,2024-01-02 18:52:19.520883,ACC002458,ACC066096,46591.03,1,BLOCK,1.0
TXN002829275,2024-01-02 18:52:27.521897,ACC000218,ACC137088,45642.31,1,BLOCK,1.0
TXN002901702,2024-01-02 18:53:43.000000,ACC005356,ACC053543,50.03,0,BLOCK,1.0
TXN001890662,2024-01-02 18:55:22.815141,ACC124468,ACC112849,44170.31,0,STEP_UP,0.0
TXN002835290,2024-01-02 18:58:48.604682,ACC005348,ACC002693,81631.76,1,BLOCK,1.0
TXN002943657,2024-01-02 19:02:05.486253,ACC113697,ACC000397,1556.35,1,BLOCK,0.0
TXN002907163,2024-01-02 19:02:41.004550,ACC185332,ACC002714,738.85,1,BLOCK,0.0
TXN002959156,2024-01-02 19:03:22.684522,ACC002061,ACC174443,45680.25,0,BLOCK,1.0
TXN002962939,2024-01-02 19:05:23.774905,ACC004369,ACC049693,42329.46,1,BLOCK,1.0
TXN002913976,2024-01-02 19:07:17.000000,ACC000663,ACC064948,899.62,0,BLOCK,1.0
TXN002944244,2024-01-02 19:09:07.857859,ACC056447,ACC003932,1277.16,1,BLOCK,0.0
TXN002977733,2024-01-02 19:13:32.233313,ACC166122,ACC001041,1120.9,1,BLOCK,0.0
TXN002969856,2024-01-02 19:16:57.880703,ACC116533,ACC001280,12668.06,1,BLOCK,0.0
TXN002943671,2024-01-02 19:19:37.865747,ACC011667,ACC000397,1678.8,1,BLOCK,0.0
TXN002907154,2024-01-02 19:24:30.837844,ACC130736,ACC002714,645.18,1,BLOCK,0.0
TXN002844664,2024-01-02 19:25:55.897514,ACC147340,ACC003675,11765.74,1,BLOCK,0.0
TXN002827908,2024-01-02 19:28:42.103705,ACC136317,ACC004703,10312.94,1,BLOCK,0.0
TXN002847794,2024-01-02 19:29:47.412265,ACC004226,ACC071903,41800.67,0,BLOCK,1.0
TXN002827910,2024-01-02 19:30:02.253544,ACC136317,ACC004703,10202.34,1,BLOCK,0.0
TXN002954297,2024-01-02 19:34:57.893370,ACC000435,ACC007003,46931.93,1,BLOCK,1.0
TXN002844650,2024-01-02 19:38:03.783246,ACC181135,ACC003675,11638.35,1,BLOCK,0.0
TXN002847152,2024-01-02 19:38:38.000000,ACC001663,ACC101688,625.4,0,BLOCK,1.0
TXN002888696,2024-01-02 19:38:42.813155,ACC005928,ACC094704,17093.72,0,BLOCK,1.0
TXN002939512,2024-01-02 19:40:27.678740,ACC001432,ACC089627,17631.95,0,BLOCK,1.0
TXN002861555,2024-01-02 19:41:23.020729,ACC146806,ACC001645,14744.92,1,BLOCK,0.0
TXN002907170,2024-01-02 19:42:01.259647,ACC132491,ACC002714,1291.62,1,BLOCK,0.0
TXN002875658,2024-01-02 19:42:08.683910,ACC157503,ACC001104,1481.63,1,BLOCK,0.0
TXN000663108,2024-01-02 19:42:31.138523,ACC198908,ACC121307,44269.87,0,STEP_UP,0.0
TXN002887486,2024-01-02 19:44:45.000000,ACC001814,ACC187260,316.85,0,BLOCK,1.0
TXN002916367,2024-01-02 19:46:29.000000,ACC152790,ACC005839,14284.83,0,BLOCK,0.0
TXN002834726,2024-01-02 19:46:55.000000,ACC002394,ACC106983,3747.17,0,BLOCK,1.0
TXN002853196,2024-01-02 19:48:11.121443,ACC085800,ACC005381,1578.1,1,BLOCK,0.0
TXN002834758,2024-01-02 19:52:03.563946,ACC004901,ACC004995,183304.22,1,BLOCK,1.0
TXN002869015,2024-01-02 19:57:08.226954,ACC004726,ACC054560,21408.52,0,BLOCK,1.0
TXN002961599,2024-01-02 19:57:54.715010,ACC002505,ACC004040,169059.7,1,BLOCK,1.0
TXN002916999,2024-01-02 20:00:14.546360,ACC014584,ACC002847,1616.81,1,BLOCK,0.0
TXN002919399,2024-01-02 20:01:11.000000,ACC000585,ACC160604,371.78,0,BLOCK,1.0
TXN002847582,2024-01-02 20:02:47.205170,ACC002458,ACC182366,46839.1,1,BLOCK,1.0
TXN002942538,2024-01-02 20:03:57.000000,ACC000035,ACC067132,5411.43,0,BLOCK,1.0
TXN002959081,2024-01-02 20:08:23.506951,ACC196539,ACC001391,420.53,1,BLOCK,0.0
TXN002943659,2024-01-02 20:10:12.683124,ACC167299,ACC000397,1277.56,1,BLOCK,0.0
TXN002990480,2024-01-02 20:10:30.000000,ACC000443,ACC030466,1713.34,0,BLOCK,1.0
TXN002977728,2024-01-02 20:10:34.543798,ACC162536,ACC001041,1163.92,1,BLOCK,0.0
TXN002861428,2024-01-02 20:10:58.619846,ACC089386,ACC001889,14947.6,1,BLOCK,0.0
TXN002538908,2024-01-02 20:14:57.461656,ACC006324,ACC133098,73101.87,0,STEP_UP,0.0
TXN002853192,2024-01-02 20:15:39.847467,ACC177211,ACC005381,1072.65,1,BLOCK,0.0
TXN002943665,2024-01-02 20:15:59.681503,ACC184775,ACC000397,1276.21,1,BLOCK,0.0
TXN002834647,2024-01-02 20:16:39.020583,ACC193655,ACC002483,907.72,1,BLOCK,0.0
TXN002954887,2024-01-02 20:17:01.594211,ACC004077,ACC005820,100000.0,1,BLOCK,1.0
TXN002943667,2024-01-02 20:18:44.355688,ACC011667,ACC000397,641.05,1,BLOCK,0.0
TXN002997714,2024-01-02 20:20:50.137149,ACC002035,ACC070566,59535.18,0,BLOCK,1.0
TXN002964005,2024-01-02 20:21:23.682453,ACC003501,ACC126795,34497.55,0,BLOCK,1.0
TXN002962979,2024-01-02 20:21:36.679897,ACC001003,ACC033288,62063.13,0,BLOCK,1.0
TXN002969834,2024-01-02 20:22:28.069359,ACC120672,ACC001280,12443.2,1,BLOCK,0.0
TXN002841469,2024-01-02 20:22:51.072198,ACC005067,ACC050664,30670.45,0,BLOCK,1.0
TXN002905582,2024-01-02 20:25:12.999524,ACC062577,ACC001693,12986.48,1,BLOCK,0.0
TXN002824912,2024-01-02 20:25:56.337282,ACC000091,ACC147768,62073.34,0,BLOCK,1.0
TXN002961347,2024-01-02 20:27:24.212606,ACC001516,ACC192314,88626.49,1,BLOCK,1.0
TXN002916608,2024-01-02 20:30:15.614244,ACC019289,ACC001181,1005.94,1,BLOCK,0.0
TXN002939297,2024-01-02 20:33:56.499841,ACC038088,ACC002000,1907.8,1,BLOCK,0.0
TXN002944113,2024-01-02 20:35:06.750828,ACC059637,ACC002686,1195.56,1,BLOCK,0.0
TXN002916621,2024-01-02 20:43:17.498823,ACC007520,ACC001181,1445.21,1,BLOCK,0.0
TXN002827907,2024-01-02 20:43:28.501758,ACC179348,ACC004703,12004.37,1,BLOCK,0.0
TXN002969158,2024-01-02 20:44:22.635300,ACC003694,ACC001861,59460.48,1,BLOCK,1.0
TXN002959093,2024-01-02 20:45:57.424909,ACC012007,ACC001391,1599.56,1,BLOCK,0.0
TXN002829647,2024-01-02 20:46:33.186382,ACC001317,ACC115022,83138.38,0,BLOCK,1.0
TXN002959106,2024-01-02 20:46:42.860041,ACC057339,ACC001391,567.87,1,BLOCK,0.0
TXN002868616,2024-01-02 20:47:47.000000,ACC001584,ACC096188,6458.34,0,BLOCK,1.0
TXN002917006,2024-01-02 20:51:39.793487,ACC113184,ACC002847,1681.35,1,BLOCK,0.0
TXN002861390,2024-01-02 20:52:45.000000,ACC000894,ACC039917,505.17,0,BLOCK,1.0
TXN002972463,2024-01-02 20:54:37.615070,ACC004225,ACC166884,69880.8,0,BLOCK,1.0
TXN002969838,2024-01-02 20:56:16.051111,ACC050120,ACC001280,14898.56,1,BLOCK,0.0
TXN002873304,2024-01-02 20:58:34.224320,ACC169194,ACC000006,12670.19,1,BLOCK,0.0
TXN002936573,2024-01-02 21:00:27.000000,ACC000947,ACC184406,1780.96,0,BLOCK,1.0
TXN002977715,2024-01-02 21:00:56.730249,ACC024323,ACC001041,1307.6,1,BLOCK,0.0
TXN002940919,2024-01-02 21:01:53.007803,ACC003229,ACC113016,13605.84,0,BLOCK,1.0
TXN002916989,2024-01-02 21:02:24.139770,ACC192062,ACC002847,999.7,1,BLOCK,0.0
TXN002875665,2024-01-02 21:03:11.132585,ACC071373,ACC001104,601.64,1,BLOCK,0.0
TXN002904126,2024-01-02 21:03:32.355128,ACC055051,ACC006096,13124.2,1,BLOCK,0.0
TXN002856802,2024-01-02 21:04:10.263710,ACC003193,ACC107958,9797.37,0,BLOCK,1.0
TXN002875804,2024-01-02 21:05:35.245378,ACC001339,ACC002384,57900.72,1,BLOCK,1.0
TXN002822183,2024-01-02 21:05:59.000000,ACC000358,ACC077719,2304.04,0,BLOCK,1.0
TXN002829273,2024-01-02 21:10:57.523416,ACC000218,ACC038141,45280.31,1,BLOCK,1.0
TXN002855823,2024-01-02 21:11:16.000000,ACC000699,ACC025014,6061.23,0,BLOCK,1.0
TXN002925767,2024-01-02 21:13:58.905519,ACC064581,ACC003975,13633.12,1,BLOCK,0.0
TXN002959088,2024-01-02 21:14:08.862384,ACC153301,ACC001391,899.48,1,BLOCK,0.0
TXN002862987,2024-01-02 21:19:12.000000,ACC004153,ACC006484,733.08,0,BLOCK,1.0
TXN002942619,2024-01-02 21:21:28.919350,ACC128493,ACC006144,562.39,1,BLOCK,0.0
TXN002847587,2024-01-02 21:21:55.231329,ACC002458,ACC107721,46667.15,1,BLOCK,1.0
TXN002936294,2024-01-02 21:22:42.000000,ACC004808,ACC036476,597.52,0,BLOCK,1.0
TXN002858285,2024-01-02 21:24:19.154167,ACC037149,ACC000089,1283.53,1,BLOCK,0.0
TXN002929509,2024-01-02 21:28:06.837080,ACC181612,ACC001386,11938.7,1,BLOCK,0.0
TXN002891472,2024-01-02 21:28:11.013074,ACC004768,ACC125916,42641.18,1,BLOCK,1.0
TXN002826262,2024-01-02 21:30:49.571519,ACC005691,ACC002683,166807.02,1,BLOCK,1.0
TXN002829168,2024-01-02 21:32:02.389091,ACC000396,ACC189995,9781.67,0,BLOCK,1.0
TXN002917351,2024-01-02 21:33:15.862789,ACC063141,ACC001910,10508.37,1,BLOCK,0.0
TXN002939281,2024-01-02 21:34:37.491247,ACC056367,ACC002000,1921.88,1,BLOCK,0.0
TXN002944123,2024-01-02 21:34:54.177489,ACC035532,ACC002686,1995.7,1,BLOCK,0.0
TXN002854033,2024-01-02 21:36:09.148555,ACC144584,ACC002077,592.08,1,BLOCK,0.0
TXN002865418,2024-01-02 21:40:22.000000,ACC005451,ACC087579,135.25,0,BLOCK,1.0
TXN002877536,2024-01-02 21:41:07.516497,ACC022460,ACC003933,11296.53,1,BLOCK,0.0
TXN002898142,2024-01-02 21:42:33.876514,ACC002104,ACC004512,77522.69,1,BLOCK,1.0
TXN002834636,2024-01-02 21:44:07.858267,ACC112568,ACC002483,366.46,1,BLOCK,0.0
TXN001223088,2024-01-02 21:45:46.901296,ACC155836,ACC125641,59547.72,0,STEP_UP,0.0
TXN002917013,2024-01-02 21:46:05.975699,ACC150832,ACC002847,945.78,1,BLOCK,0.0
TXN002875656,2024-01-02 21:47:35.884705,ACC157503,ACC001104,1559.69,1,BLOCK,0.0
TXN002900322,2024-01-02 21:49:04.000000,ACC002985,ACC153268,59.61,0,BLOCK,1.0
TXN002954302,2024-01-02 21:51:33.332594,ACC000435,ACC161186,46824.15,1,BLOCK,1.0
TXN002881204,2024-01-02 21:52:00.453690,ACC000086,ACC000508,71314.46,1,BLOCK,1.0
TXN002917768,2024-01-02 21:53:31.550217,ACC000883,ACC035226,45502.8,1,BLOCK,1.0
TXN002974126,2024-01-02 22:00:21.559139,ACC000623,ACC127806,47975.01,1,BLOCK,1.0
TXN002454716,2024-01-02 22:03:52.909049,ACC006558,ACC132068,26572.55,0,STEP_UP,0.0
TXN002951543,2024-01-02 22:03:53.300281,ACC057471,ACC001406,13543.61,1,BLOCK,0.0
TXN002832875,2024-01-02 22:05:12.805187,ACC005951,ACC199077,57590.76,0,BLOCK,1.0
TXN002959620,2024-01-02 22:09:06.000000,ACC005342,ACC011127,994.97,0,BLOCK,1.0
TXN002996063,2024-01-02 22:10:01.147170,ACC166793,ACC004583,1679.47,1,BLOCK,0.0
TXN002925382,2024-01-02 22:10:36.894189,ACC027526,ACC004038,10599.13,1,BLOCK,0.0
TXN002881627,2024-01-02 22:10:57.000000,ACC004608,ACC017389,408.61,0,BLOCK,1.0
TXN002945431,2024-01-02 22:11:25.000000,ACC005190,ACC098179,239.71,0,BLOCK,1.0
TXN002861373,2024-01-02 22:11:34.817313,ACC005334,ACC163088,146191.1,1,BLOCK,1.0
TXN000197148,2024-01-02 22:18:31.362863,ACC043678,ACC036682,28875.85,0,STEP_UP,0.0
TXN002834641,2024-01-02 22:19:40.401827,ACC189329,ACC002483,1323.99,1,BLOCK,0.0
TXN002855841,2024-01-02 22:20:50.938336,ACC204298,ACC000699,10460.21,1,BLOCK,0.0
TXN002861552,2024-01-02 22:21:29.059030,ACC139755,ACC001645,14955.08,1,BLOCK,0.0
TXN002965555,2024-01-02 22:21:35.800728,ACC003872,ACC114791,55371.8,0,BLOCK,1.0
TXN002846380,2024-01-02 22:22:48.834946,ACC005683,ACC004166,60900.08,1,BLOCK,1.0
TXN002872801,2024-01-02 22:22:58.397540,ACC001092,ACC076062,20750.28,0,BLOCK,1.0
TXN002996074,2024-01-02 22:22:58.540808,ACC072017,ACC004583,427.8,1,BLOCK,0.0
TXN002946773,2024-01-02 22:23:24.432856,ACC003014,ACC049371,31442.49,0,BLOCK,1.0
TXN002875670,2024-01-02 22:27:41.063813,ACC023504,ACC001104,1769.68,1,BLOCK,0.0
TXN002898139,2024-01-02 22:29:13.730321,ACC004512,ACC121113,63015.76,1,BLOCK,1.0
TXN002847585,2024-01-02 22:33:00.068206,ACC002458,ACC134746,46750.0,1,BLOCK,1.0
TXN002959104,2024-01-02 22:33:18.241226,ACC020252,ACC001391,1134.98,1,BLOCK,0.0
TXN002959074,2024-01-02 22:35:08.808334,ACC101043,ACC001391,1249.36,1,BLOCK,0.0
TXN002818867,2024-01-02 22:36:59.334963,ACC075478,ACC002366,14352.03,1,BLOCK,0.0
TXN002996518,2024-01-02 22:41:14.079282,ACC000754,ACC195513,86616.37,0,BLOCK,1.0
TXN002847252,2024-01-02 22:42:04.786846,ACC004568,ACC005933,17723.43,1,BLOCK,1.0
TXN001223089,2024-01-02 22:43:49.570263,ACC155836,ACC052396,62582.6,0,STEP_UP,0.0
TXN001375936,2024-01-02 22:44:53.127953,ACC064772,ACC020695,39441.17,0,STEP_UP,0.0
TXN002939276,2024-01-02 22:46:47.535858,ACC113308,ACC002000,1269.25,1,BLOCK,0.0
TXN001393471,2024-01-02 22:46:52.329443,ACC167859,ACC191977,72945.49,0,BLOCK,1.0
TXN002932377,2024-01-02 22:49:41.042093,ACC003908,ACC168899,65890.26,0,BLOCK,1.0
TXN002981271,2024-01-02 22:49:56.314615,ACC034448,ACC005970,14557.18,1,BLOCK,0.0
TXN002861556,2024-01-02 22:51:11.188895,ACC060829,ACC001645,11088.68,1,BLOCK,0.0
TXN002877541,2024-01-02 22:51:52.174125,ACC175501,ACC003933,12613.57,1,BLOCK,0.0
TXN002847589,2024-01-02 22:53:41.006073,ACC002458,ACC034122,46703.61,1,BLOCK,1.0
TXN002971138,2024-01-02 22:53:57.838629,ACC005261,ACC092646,34779.6,1,BLOCK,1.0
TXN002215426,2024-01-02 22:57:07.992622,ACC204288,ACC123454,35189.75,0,STEP_UP,0.0
TXN002877552,2024-01-02 23:00:01.084240,ACC128795,ACC003933,11768.96,1,BLOCK,0.0
TXN002847795,2024-01-02 23:01:18.833966,ACC004226,ACC099861,36457.06,0,BLOCK,1.0
TXN002840092,2024-01-02 23:04:59.279680,ACC052504,ACC006109,1853.13,1,BLOCK,0.0
TXN002977735,2024-01-02 23:06:12.742075,ACC148251,ACC001041,316.78,1,BLOCK,0.0
TXN002942631,2024-01-02 23:06:52.468949,ACC156852,ACC006144,1557.29,1,BLOCK,0.0
TXN002861550,2024-01-02 23:11:02.393242,ACC025113,ACC001645,12064.29,1,BLOCK,0.0
TXN002834632,2024-01-02 23:11:23.179110,ACC153041,ACC002483,906.45,1,BLOCK,0.0
TXN002939279,2024-01-02 23:13:01.700224,ACC056367,ACC002000,1280.43,1,BLOCK,0.0
TXN002864898,2024-01-02 23:13:54.127814,ACC002954,ACC185283,101221.67,1,BLOCK,1.0
TXN002938882,2024-01-02 23:14:36.852584,ACC002975,ACC075008,12709.03,0,BLOCK,1.0
TXN002820439,2024-01-02 23:14:59.022488,ACC003262,ACC174074,47228.47,0,BLOCK,1.0
TXN002997718,2024-01-02 23:18:38.153854,ACC002035,ACC039853,29160.03,0,BLOCK,1.0
TXN002215427,2024-01-02 23:25:32.314715,ACC204288,ACC183613,27674.17,0,STEP_UP,0.0
TXN002996064,2024-01-02 23:29:51.084196,ACC017776,ACC004583,516.76,1,BLOCK,0.0
TXN002829648,2024-01-02 23:34:06.365207,ACC001317,ACC146430,65853.91,0,BLOCK,1.0
TXN002873796,2024-01-02 23:34:37.167389,ACC003715,ACC129373,44111.95,0,BLOCK,1.0
TXN002916626,2024-01-02 23:35:44.527830,ACC080338,ACC001181,466.96,1,BLOCK,0.0
TXN002046369,2024-01-02 23:38:52.046970,ACC021844,ACC202260,51363.92,0,STEP_UP,0.0
TXN002876628,2024-01-02 23:47:03.454091,ACC000353,ACC092183,26742.7,0,BLOCK,1.0
TXN002961484,2024-01-02 23:47:22.834326,ACC001848,ACC014331,16422.36,0,BLOCK,1.0
TXN002916615,2024-01-02 23:49:19.947551,ACC112450,ACC001181,1864.38,1,BLOCK,0.0
TXN002962937,2024-01-02 23:54:59.121642,ACC004369,ACC127731,42419.29,1,BLOCK,1.0
TXN002853259,2024-01-02 23:55:02.000000,ACC005501,ACC104267,667.32,0,BLOCK,1.0
TXN002853205,2024-01-02 23:55:09.234312,ACC197291,ACC005381,670.99,1,BLOCK,0.0
TXN002944124,2024-01-02 23:55:30.841480,ACC149009,ACC002686,632.12,1,BLOCK,0.0
TXN002873795,2024-01-02 23:58:09.546766,ACC003715,ACC077864,35226.4,0,BLOCK,1.0
TXN002842235,2024-01-02 23:59:07.206662,ACC002119,ACC139291,47682.43,0,BLOCK,1.0
TXN002919144,2024-01-03 00:00:00.000000,ACC005566,ACC120120,44037.78,1,BLOCK,1.0
TXN002816578,2024-01-03 00:00:00.000000,ACC001262,ACC001319,100000.0,1,BLOCK,1.0
TXN002896094,2024-01-03 00:00:00.000000,ACC002970,ACC005324,23275.38,1,BLOCK,1.0
TXN002815774,2024-01-03 00:00:00.000000,ACC002525,ACC002083,81043.46,1,BLOCK,1.0
TXN002975161,2024-01-03 00:00:00.000000,ACC005413,ACC002157,69537.37,1,BLOCK,1.0
TXN002885288,2024-01-03 00:00:00.000000,ACC000327,ACC001698,86933.22,1,BLOCK,1.0
TXN002933136,2024-01-03 00:00:00.000000,ACC001219,ACC015233,46903.21,1,BLOCK,1.0
TXN002902730,2024-01-03 00:00:00.000000,ACC003279,ACC003105,99790.36,1,BLOCK,1.0
TXN002999469,2024-01-03 00:00:00.000000,ACC003047,ACC002221,166910.55,1,BLOCK,1.0
TXN002870247,2024-01-03 00:00:00.000000,ACC002543,ACC001364,100000.0,1,BLOCK,1.0
TXN002887389,2024-01-03 00:00:00.000000,ACC003011,ACC133730,38461.4,1,BLOCK,1.0
TXN002879663,2024-01-03 00:00:00.000000,ACC003338,ACC003896,48931.33,1,BLOCK,1.0
TXN002825676,2024-01-03 00:00:00.000000,ACC003697,ACC004491,48451.28,1,BLOCK,1.0
TXN002977756,2024-01-03 00:00:00.000000,ACC004278,ACC104726,42206.05,1,BLOCK,1.0
TXN002926719,2024-01-03 00:00:00.000000,ACC005994,ACC002305,173075.14,1,BLOCK,1.0
TXN002828277,2024-01-03 00:00:00.000000,ACC000800,ACC003079,64976.2,1,BLOCK,1.0
TXN002815129,2024-01-03 00:00:00.000000,ACC004930,ACC005180,191094.09,1,BLOCK,1.0
TXN002917131,2024-01-03 00:00:00.000000,ACC001311,ACC001901,139372.07,1,BLOCK,1.0
TXN002836786,2024-01-03 00:00:00.000000,ACC002424,ACC005402,45464.11,1,BLOCK,1.0
TXN002954630,2024-01-03 00:00:00.000000,ACC002102,ACC004764,100000.0,1,BLOCK,1.0
TXN002996157,2024-01-03 00:00:00.000000,ACC004552,ACC000827,100000.0,1,BLOCK,1.0
TXN002994909,2024-01-03 00:00:00.000000,ACC002390,ACC000123,23276.65,1,BLOCK,1.0
TXN002969865,2024-01-03 00:00:00.000000,ACC001615,ACC004925,91363.8,1,BLOCK,1.0
TXN002916071,2024-01-03 00:00:00.000000,ACC000673,ACC153450,45508.54,1,BLOCK,1.0
TXN002815645,2024-01-03 00:00:00.000000,ACC005629,ACC176647,44919.02,1,BLOCK,1.0
TXN002864008,2024-01-03 00:00:00.000000,ACC002507,ACC082219,44080.11,1,BLOCK,1.0
TXN002919917,2024-01-03 00:00:00.000000,ACC003159,ACC000613,33960.96,1,BLOCK,1.0
TXN002918966,2024-01-03 00:00:00.000000,ACC005387,ACC002559,22498.48,1,BLOCK,1.0
TXN002850877,2024-01-03 00:03:57.311884,ACC142397,ACC000559,12895.04,1,BLOCK,0.0
TXN002897810,2024-01-03 00:05:54.863807,ACC036859,ACC000350,11165.74,1,BLOCK,0.0
TXN002907157,2024-01-03 00:06:03.701481,ACC191484,ACC002714,766.88,1,BLOCK,0.0
TXN002118072,2024-01-03 00:06:13.753475,ACC178255,ACC089606,48949.49,0,STEP_UP,0.0
TXN001801168,2024-01-03 00:12:26.358741,ACC064447,ACC122909,66382.71,0,STEP_UP,0.0
TXN002923240,2024-01-03 00:13:50.684154,ACC191626,ACC004704,11942.13,1,BLOCK,0.0
TXN002377534,2024-01-03 00:16:48.214022,ACC156962,ACC188587,40969.54,0,STEP_UP,0.0
TXN002916992,2024-01-03 00:17:53.017988,ACC041034,ACC002847,589.72,1,BLOCK,0.0
TXN002917793,2024-01-03 00:18:49.172598,ACC083411,ACC004506,1912.95,1,BLOCK,0.0
TXN002935614,2024-01-03 00:19:59.041372,ACC070522,ACC000810,435.67,1,BLOCK,0.0
TXN002967678,2024-01-03 00:20:20.000000,ACC002991,ACC053660,940.6,0,BLOCK,1.0
TXN002898262,2024-01-03 00:22:20.727944,ACC152487,ACC004689,13436.62,1,BLOCK,0.0
TXN002942617,2024-01-03 00:23:33.939576,ACC059496,ACC006144,1104.65,1,BLOCK,0.0
TXN002996239,2024-01-03 00:24:16.343649,ACC015343,ACC003652,1183.11,1,BLOCK,0.0
TXN002925638,2024-01-03 00:25:11.248949,ACC000944,ACC030592,41400.18,0,BLOCK,1.0
TXN002894631,2024-01-03 00:25:36.616817,ACC145582,ACC005892,1100.17,1,BLOCK,0.0
TXN002886642,2024-01-03 00:26:01.141253,ACC003427,ACC145500,63077.17,1,BLOCK,1.0
TXN002902694,2024-01-03 00:26:52.000000,ACC004995,ACC174180,416.1,0,BLOCK,1.0
TXN002917817,2024-01-03 00:27:44.790959,ACC051729,ACC004506,213.24,1,BLOCK,0.0
TXN001991150,2024-01-03 00:28:08.021404,ACC043723,ACC067027,88633.34,0,STEP_UP,0.0
TXN002834638,2024-01-03 00:29:03.044943,ACC034827,ACC002483,558.93,1,BLOCK,0.0
TXN002905552,2024-01-03 00:29:47.770278,ACC129963,ACC005039,14508.04,1,BLOCK,0.0
TXN002962625,2024-01-03 00:30:21.950017,ACC002344,ACC003812,83715.42,1,BLOCK,1.0
TXN002996528,2024-01-03 00:31:28.682174,ACC014555,ACC000754,1687.2,1,BLOCK,0.0
TXN002978682,2024-01-03 00:31:42.000000,ACC003576,ACC012668,126.84,0,BLOCK,1.0
TXN002858039,2024-01-03 00:32:02.432773,ACC114126,ACC003479,14507.67,1,BLOCK,0.0
TXN002988102,2024-01-03 00:33:12.570438,ACC094997,ACC003554,385.97,1,BLOCK,0.0
TXN002891388,2024-01-03 00:33:16.510129,ACC058094,ACC005593,11219.92,1,BLOCK,0.0
TXN002858709,2024-01-03 00:33:19.173417,ACC042621,ACC005325,243.01,1,BLOCK,0.0
TXN000661007,2024-01-03 00:33:43.752985,ACC023702,ACC176718,71065.23,0,STEP_UP,0.0
TXN002891636,2024-01-03 00:34:46.189599,ACC005019,ACC107750,34522.9,0,BLOCK,1.0
TXN002917805,2024-01-03 00:37:46.623617,ACC060913,ACC004506,1583.4,1,BLOCK,0.0
TXN002983008,2024-01-03 00:38:40.221906,ACC082367,ACC001874,1733.81,1,BLOCK,0.0
TXN002858304,2024-01-03 00:38:57.892057,ACC160293,ACC000089,418.01,1,BLOCK,0.0
TXN002893297,2024-01-03 00:39:00.917761,ACC005971,ACC025588,47875.75,1,BLOCK,1.0
TXN002997371,2024-01-03 00:41:01.561410,ACC005662,ACC103664,20974.26,0,BLOCK,1.0
TXN002962980,2024-01-03 00:41:07.442487,ACC001003,ACC041765,50675.24,0,BLOCK,1.0
TXN002893285,2024-01-03 00:42:08.430034,ACC108871,ACC005971,14229.72,1,BLOCK,0.0
TXN002995188,2024-01-03 00:44:08.891202,ACC018308,ACC001007,13777.41,1,BLOCK,0.0
TXN002893289,2024-01-03 00:44:09.735885,ACC191043,ACC005971,12627.69,1,BLOCK,0.0
TXN002649331,2024-01-03 00:45:14.900972,ACC107912,ACC015262,25818.27,0,STEP_UP,0.0
TXN002936735,2024-01-03 00:46:29.735887,ACC157541,ACC004221,10144.27,1,BLOCK,0.0
TXN002863461,2024-01-03 00:47:39.184618,ACC130138,ACC003806,1809.32,1,BLOCK,0.0
TXN002893295,2024-01-03 00:54:15.095971,ACC005971,ACC025588,129175.38,1,BLOCK,1.0
TXN002996254,2024-01-03 00:55:28.995051,ACC015343,ACC003652,334.52,1,BLOCK,0.0
TXN002932200,2024-01-03 01:00:46.769761,ACC001295,ACC166595,202400.52,1,BLOCK,1.0
TXN002955431,2024-01-03 01:01:27.033350,ACC005787,ACC117237,87499.96,0,BLOCK,1.0
TXN002932189,2024-01-03 01:02:49.124488,ACC024952,ACC001295,10902.08,1,BLOCK,0.0
TXN002861434,2024-01-03 01:03:39.689621,ACC052207,ACC001889,14158.14,1,BLOCK,0.0
TXN002925378,2024-01-03 01:04:57.336798,ACC025871,ACC004038,13646.64,1,BLOCK,0.0
TXN002991415,2024-01-03 01:07:03.754898,ACC002513,ACC137195,27676.87,0,BLOCK,1.0
TXN002818571,2024-01-03 01:11:28.000000,ACC000851,ACC016462,82.44,0,BLOCK,1.0
TXN002866500,2024-01-03 01:13:01.732531,ACC003472,ACC166641,178381.66,1,BLOCK,1.0
TXN002967250,2024-01-03 01:13:27.211916,ACC079363,ACC002203,653.17,1,BLOCK,0.0
TXN002815646,2024-01-03 01:15:03.934606,ACC005629,ACC086172,45178.34,1,BLOCK,1.0
TXN002943651,2024-01-03 01:15:28.000000,ACC000397,ACC056900,7409.28,0,BLOCK,1.0
TXN002977722,2024-01-03 01:15:32.591857,ACC119510,ACC001041,703.05,1,BLOCK,0.0
TXN002996067,2024-01-03 01:15:59.135963,ACC166793,ACC004583,996.57,1,BLOCK,0.0
TXN002937132,2024-01-03 01:18:35.694951,ACC069689,ACC000474,1515.54,1,BLOCK,0.0
TXN002894662,2024-01-03 01:18:46.096022,ACC179258,ACC005892,1196.71,1,BLOCK,0.0
TXN002932197,2024-01-03 01:19:24.333361,ACC137338,ACC001295,10851.27,1,BLOCK,0.0
TXN002856533,2024-01-03 01:20:53.523371,ACC067952,ACC005360,1200.09,1,BLOCK,0.0
TXN002847579,2024-01-03 01:20:53.537511,ACC002458,ACC107721,46689.3,1,BLOCK,1.0
TXN002983014,2024-01-03 01:27:28.655134,ACC150432,ACC001874,946.57,1,BLOCK,0.0
TXN002969866,2024-01-03 01:27:29.508898,ACC004925,ACC095169,83266.57,1,BLOCK,1.0
TXN002962772,2024-01-03 01:28:25.861217,ACC173837,ACC000552,11730.52,1,BLOCK,0.0
TXN002891390,2024-01-03 01:29:55.369398,ACC067468,ACC005593,10788.57,1,BLOCK,0.0
TXN002929530,2024-01-03 01:32:57.221328,ACC001386,ACC116800,164351.62,1,BLOCK,1.0
TXN002825677,2024-01-03 01:34:05.714937,ACC004491,ACC098539,44946.12,1,BLOCK,1.0
TXN002893290,2024-01-03 01:36:17.576189,ACC042126,ACC005971,13585.88,1,BLOCK,0.0
TXN002916074,2024-01-03 01:37:07.025047,ACC000673,ACC028108,45241.5,1,BLOCK,1.0
TXN002897815,2024-01-03 01:38:00.927895,ACC036859,ACC000350,13102.33,1,BLOCK,0.0
TXN002997372,2024-01-03 01:40:22.945008,ACC005662,ACC103664,17291.43,0,STEP_UP,1.0
TXN001646886,2024-01-03 01:40:31.385614,ACC161123,ACC085907,36426.67,0,STEP_UP,0.0
TXN002828217,2024-01-03 01:42:12.014624,ACC017151,ACC005563,646.73,1,BLOCK,0.0
TXN002963378,2024-01-03 01:42:22.303059,ACC003976,ACC014264,9733.45,0,BLOCK,1.0
TXN002875669,2024-01-03 01:42:41.503182,ACC084182,ACC001104,1872.07,1,BLOCK,0.0
TXN002917783,2024-01-03 01:44:18.556185,ACC103668,ACC004506,1770.45,1,BLOCK,0.0
TXN002847583,2024-01-03 01:44:55.571569,ACC002458,ACC093060,46667.39,1,BLOCK,1.0
TXN002826740,2024-01-03 01:57:35.048277,ACC172228,ACC000965,11683.6,1,BLOCK,0.0
TXN002907819,2024-01-03 01:58:19.584606,ACC167710,ACC002742,1195.08,1,BLOCK,0.0
TXN002990767,2024-01-03 01:58:30.709945,ACC081348,ACC004256,12832.67,1,BLOCK,0.0
TXN002988103,2024-01-03 01:58:59.947070,ACC103328,ACC003554,898.75,1,BLOCK,0.0
TXN002916450,2024-01-03 02:03:28.548863,ACC005460,ACC129062,64690.77,1,BLOCK,1.0
TXN002923238,2024-01-03 02:03:39.667961,ACC197159,ACC004704,12723.24,1,BLOCK,0.0
TXN002916606,2024-01-03 02:04:08.169773,ACC007520,ACC001181,1838.04,1,BLOCK,0.0
TXN002864010,2024-01-03 02:04:53.970853,ACC002507,ACC189804,44348.3,1,BLOCK,1.0
TXN002870248,2024-01-03 02:05:44.149331,ACC001364,ACC000490,187899.65,1,BLOCK,1.0
TXN002863441,2024-01-03 02:07:05.514361,ACC123792,ACC003806,808.92,1,BLOCK,0.0
TXN002825288,2024-01-03 02:08:06.400020,ACC051422,ACC005857,504.5,1,BLOCK,0.0
TXN002858710,2024-01-03 02:10:17.052140,ACC172457,ACC005325,867.22,1,BLOCK,0.0
TXN002951428,2024-01-03 02:10:34.000000,ACC001042,ACC136138,401.42,0,BLOCK,1.0
TXN002832873,2024-01-03 02:10:36.805040,ACC005951,ACC047070,64416.06,0,BLOCK,1.0
TXN002861559,2024-01-03 02:10:44.635108,ACC001645,ACC010476,61217.92,1,BLOCK,1.0
TXN002870232,2024-01-03 02:11:11.566156,ACC077427,ACC003029,598.42,1,BLOCK,0.0
TXN002916072,2024-01-03 02:11:14.982296,ACC000673,ACC028108,45619.48,1,BLOCK,1.0
TXN002815647,2024-01-03 02:11:18.807104,ACC005629,ACC149085,44874.19,1,BLOCK,1.0
TXN002995895,2024-01-03 02:13:25.841024,ACC002818,ACC077516,85719.89,0,BLOCK,1.0
TXN002942643,2024-01-03 02:13:53.994270,ACC111746,ACC006144,1482.78,1,BLOCK,0.0
TXN002891473,2024-01-03 02:16:39.492930,ACC004768,ACC023898,42696.42,1,BLOCK,1.0
TXN002829601,2024-01-03 02:17:26.538709,ACC000787,ACC066164,66764.33,0,BLOCK,1.0
TXN002825624,2024-01-03 02:20:20.550626,ACC011004,ACC005880,12544.28,1,BLOCK,0.0
TXN002906074,2024-01-03 02:20:23.677590,ACC001810,ACC082430,74855.25,1,BLOCK,1.0
TXN001658521,2024-01-03 02:21:12.070525,ACC049878,ACC066048,53266.17,0,STEP_UP,0.0
TXN002995894,2024-01-03 02:22:48.375626,ACC002818,ACC114595,80833.7,0,BLOCK,1.0
TXN002917348,2024-01-03 02:23:40.577793,ACC104361,ACC001910,13887.61,1,BLOCK,0.0
TXN002944754,2024-01-03 02:23:41.821328,ACC003484,ACC034108,13429.84,0,BLOCK,1.0
TXN002891383,2024-01-03 02:25:45.664432,ACC148671,ACC005593,11818.46,1,BLOCK,0.0
TXN002046370,2024-01-03 02:28:45.274460,ACC021844,ACC065363,42006.7,0,STEP_UP,0.0
TXN002865030,2024-01-03 02:30:13.450347,ACC001097,ACC188092,49863.31,0,BLOCK,1.0
TXN002858051,2024-01-03 02:30:37.568345,ACC003479,ACC088152,56589.55,1,BLOCK,1.0
TXN002961990,2024-01-03 02:31:42.000000,ACC001448,ACC056126,4935.94,0,BLOCK,1.0
TXN002921202,2024-01-03 02:32:42.000000,ACC002804,ACC063145,1835.39,0,BLOCK,1.0
TXN002864009,2024-01-03 02:32:54.950340,ACC002507,ACC012299,44201.54,1,BLOCK,1.0
TXN002830822,2024-01-03 02:33:48.426695,ACC005520,ACC163822,21199.24,0,BLOCK,1.0
TXN002825631,2024-01-03 02:34:15.905430,ACC039025,ACC005880,13167.79,1,BLOCK,0.0
TXN002840103,2024-01-03 02:34:22.087192,ACC052504,ACC006109,397.29,1,BLOCK,0.0
TXN002919918,2024-01-03 02:34:58.176502,ACC000613,ACC000911,32942.13,1,BLOCK,1.0
TXN002989638,2024-01-03 02:35:20.345961,ACC004663,ACC094009,47102.73,1,BLOCK,1.0
TXN002977706,2024-01-03 02:36:27.785868,ACC171477,ACC001041,1542.27,1,BLOCK,0.0
TXN002962774,2024-01-03 02:36:45.312354,ACC173837,ACC000552,13539.01,1,BLOCK,0.0
TXN002990766,2024-01-03 02:37:58.188679,ACC202793,ACC004256,14469.26,1,BLOCK,0.0
TXN002942621,2024-01-03 02:38:21.753005,ACC149203,ACC006144,1010.6,1,BLOCK,0.0
TXN002940917,2024-01-03 02:39:05.810801,ACC003229,ACC185293,18259.34,0,BLOCK,1.0
TXN002944105,2024-01-03 02:41:22.320123,ACC135166,ACC002686,1219.23,1,BLOCK,0.0
TXN002937610,2024-01-03 02:41:42.000000,ACC006046,ACC088969,465.38,0,BLOCK,1.0
TXN002919149,2024-01-03 02:44:15.172703,ACC005566,ACC081135,44171.69,1,BLOCK,1.0
TXN002858293,2024-01-03 02:44:24.375874,ACC012505,ACC000089,915.19,1,BLOCK,0.0
TXN002975162,2024-01-03 02:44:48.089900,ACC002157,ACC004622,67451.25,1,BLOCK,1.0
TXN002916995,2024-01-03 02:45:04.882440,ACC076563,ACC002847,790.6,1,BLOCK,0.0
TXN002951109,2024-01-03 02:46:29.523260,ACC050826,ACC001477,12424.53,1,BLOCK,0.0
TXN002981248,2024-01-03 02:48:50.197973,ACC172355,ACC005970,12609.43,1,BLOCK,0.0
TXN002863432,2024-01-03 02:48:51.206006,ACC088270,ACC003806,398.76,1,BLOCK,0.0
TXN002859714,2024-01-03 02:49:17.854451,ACC006012,ACC075086,34844.81,0,BLOCK,1.0
TXN002919145,2024-01-03 02:50:42.670129,ACC005566,ACC017392,44148.69,1,BLOCK,1.0
TXN002869016,2024-01-03 02:50:47.103331,ACC004726,ACC182325,25607.9,0,BLOCK,1.0
TXN002925639,2024-01-03 02:51:17.405782,ACC000944,ACC025898,25694.26,0,BLOCK,1.0
TXN002977757,2024-01-03 02:51:31.299919,ACC004278,ACC052632,42150.14,1,BLOCK,1.0
TXN002917808,2024-01-03 02:52:53.163144,ACC051944,ACC004506,1294.73,1,BLOCK,0.0
TXN002933137,2024-01-03 02:58:02.980380,ACC001219,ACC060987,46946.74,1,BLOCK,1.0
TXN002944098,2024-01-03 02:58:16.600181,ACC008087,ACC002686,1656.23,1,BLOCK,0.0
TXN002879664,2024-01-03 03:00:56.698736,ACC003896,ACC196874,45415.44,1,BLOCK,1.0
TXN002881376,2024-01-03 03:02:35.649436,ACC190083,ACC001034,1006.36,1,BLOCK,0.0
TXN002831689,2024-01-03 03:05:01.621089,ACC096011,ACC002246,12526.42,1,BLOCK,0.0
TXN002982987,2024-01-03 03:06:00.275831,ACC106395,ACC001874,326.5,1,BLOCK,0.0
TXN002835370,2024-01-03 03:08:56.271087,ACC002199,ACC078011,45133.88,0,BLOCK,1.0
TXN002893296,2024-01-03 03:10:34.372908,ACC005971,ACC025588,73947.05,1,BLOCK,1.0
TXN002897813,2024-01-03 03:10:34.495501,ACC101772,ACC000350,14327.91,1,BLOCK,0.0
TXN002935619,2024-01-03 03:11:02.013030,ACC137909,ACC000810,775.56,1,BLOCK,0.0
TXN002962626,2024-01-03 03:12:39.411258,ACC003812,ACC088236,81896.01,1,BLOCK,1.0
TXN002916075,2024-01-03 03:12:50.618606,ACC000673,ACC149896,45361.4,1,BLOCK,1.0
TXN002886640,2024-01-03 03:12:58.121339,ACC003427,ACC145500,40241.47,1,BLOCK,1.0
TXN002947299,2024-01-03 03:13:01.000000,ACC005923,ACC172250,129.7,0,BLOCK,1.0
TXN002944650,2024-01-03 03:14:15.659775,ACC142058,ACC000537,1931.93,1,BLOCK,0.0
TXN002963379,2024-01-03 03:15:22.165250,ACC003976,ACC149586,15717.66,0,BLOCK,1.0
TXN002887391,2024-01-03 03:16:22.522815,ACC003011,ACC145265,38307.0,1,BLOCK,1.0
TXN002858289,2024-01-03 03:17:56.055195,ACC149023,ACC000089,1637.06,1,BLOCK,0.0
TXN002872800,2024-01-03 03:18:58.859796,ACC001092,ACC163783,25532.38,0,BLOCK,1.0
TXN002951116,2024-01-03 03:20:17.755617,ACC061848,ACC001477,14485.71,1,BLOCK,0.0
TXN002898257,2024-01-03 03:22:27.569382,ACC093575,ACC004689,12293.64,1,BLOCK,0.0
TXN002922537,2024-01-03 03:23:22.000000,ACC000868,ACC082112,351.07,0,BLOCK,1.0
TXN002982997,2024-01-03 03:23:27.472132,ACC114742,ACC001874,421.66,1,BLOCK,0.0
TXN002953044,2024-01-03 03:27:22.000000,ACC001760,ACC120624,2994.19,0,BLOCK,1.0
TXN002893292,2024-01-03 03:28:48.180603,ACC062972,ACC005971,10613.36,1,BLOCK,0.0
TXN002990775,2024-01-03 03:29:48.359740,ACC084329,ACC004256,12756.37,1,BLOCK,0.0
TXN002992203,2024-01-03 03:29:57.481643,ACC003651,ACC142414,47701.24,0,BLOCK,1.0
TXN002942632,2024-01-03 03:33:39.177298,ACC149203,ACC006144,779.27,1,BLOCK,0.0
TXN002894627,2024-01-03 03:36:17.543316,ACC202882,ACC005892,1817.12,1,BLOCK,0.0
TXN002937138,2024-01-03 03:38:56.055718,ACC074028,ACC000474,1404.91,1,BLOCK,0.0
TXN002933138,2024-01-03 03:39:35.743011,ACC001219,ACC064844,46635.7,1,BLOCK,1.0
TXN002866194,2024-01-03 03:40:12.986785,ACC003566,ACC018311,22953.79,0,BLOCK,1.0
TXN002901632,2024-01-03 03:41:29.147329,ACC003285,ACC182614,46379.86,0,BLOCK,1.0
TXN002926720,2024-01-03 03:41:56.417223,ACC002305,ACC003948,100000.0,1,BLOCK,1.0
TXN002870235,2024-01-03 03:42:46.531379,ACC063101,ACC003029,851.92,1,BLOCK,0.0
TXN002829167,2024-01-03 03:43:35.272577,ACC000396,ACC189995,14554.12,0,STEP_UP,1.0
TXN002869017,2024-01-03 03:43:35.595470,ACC004726,ACC182325,31173.29,0,BLOCK,1.0
TXN002891376,2024-01-03 03:44:00.321916,ACC089814,ACC005593,14610.18,1,BLOCK,0.0
TXN002916447,2024-01-03 03:44:48.046406,ACC077553,ACC005460,11317.42,1,BLOCK,0.0
TXN002931485,2024-01-03 03:45:50.016393,ACC048727,ACC003541,10008.41,1,BLOCK,0.0
TXN002932265,2024-01-03 03:46:14.430901,ACC186643,ACC005341,13175.37,1,BLOCK,0.0
TXN002932376,2024-01-03 03:47:15.609199,ACC003908,ACC157276,32288.81,0,BLOCK,1.0
TXN002832506,2024-01-03 03:47:38.794815,ACC140906,ACC004122,10963.79,1,BLOCK,0.0
TXN002885484,2024-01-03 03:48:34.836827,ACC003943,ACC077135,25839.96,0,BLOCK,1.0
TXN002887390,2024-01-03 03:50:35.943576,ACC003011,ACC117890,38256.61,1,BLOCK,1.0
TXN002973390,2024-01-03 03:54:07.360740,ACC033475,ACC000327,1543.31,1,BLOCK,0.0
TXN002990772,2024-01-03 03:54:09.095925,ACC189506,ACC004256,14608.16,1,BLOCK,0.0
TXN002908705,2024-01-03 03:58:53.692187,ACC103673,ACC000237,11084.24,1,BLOCK,0.0
TXN002818871,2024-01-03 04:00:58.226087,ACC002366,ACC118623,41868.82,1,BLOCK,1.0
TXN001646888,2024-01-03 04:02:20.054265,ACC161123,ACC071519,28409.1,0,STEP_UP,0.0
TXN002925373,2024-01-03 04:03:08.565917,ACC058907,ACC004038,14415.77,1,BLOCK,0.0
TXN002998249,2024-01-03 04:04:48.457963,ACC001588,ACC090423,19143.93,0,BLOCK,1.0
TXN002828221,2024-01-03 04:04:56.856585,ACC198292,ACC005563,1489.0,1,BLOCK,0.0
TXN002996158,2024-01-03 04:05:04.808518,ACC000827,ACC001007,100000.0,1,BLOCK,1.0
TXN001528675,2024-01-03 04:05:40.638130,ACC052985,ACC124352,71163.43,0,STEP_UP,0.0
TXN002944114,2024-01-03 04:06:32.369588,ACC009926,ACC002686,960.29,1,BLOCK,0.0
TXN002858026,2024-01-03 04:06:40.197076,ACC105687,ACC003479,11976.78,1,BLOCK,0.0
TXN002815653,2024-01-03 04:07:59.054382,ACC005629,ACC117603,45143.6,1,BLOCK,1.0
TXN002875659,2024-01-03 04:08:13.812159,ACC193567,ACC001104,1827.03,1,BLOCK,0.0
TXN002833955,2024-01-03 04:09:46.807022,ACC163098,ACC005964,11096.23,1,BLOCK,0.0
TXN002870249,2024-01-03 04:11:28.298663,ACC000490,ACC002503,182262.66,1,BLOCK,1.0
TXN002870222,2024-01-03 04:13:24.546972,ACC139980,ACC003029,1202.34,1,BLOCK,0.0
TXN002815651,2024-01-03 04:16:31.695288,ACC005629,ACC106182,44843.49,1,BLOCK,1.0
TXN002907147,2024-01-03 04:18:20.067672,ACC126384,ACC002714,1213.46,1,BLOCK,0.0
TXN002923242,2024-01-03 04:21:03.424588,ACC123580,ACC004704,11385.32,1,BLOCK,0.0
TXN002917132,2024-01-03 04:21:54.340178,ACC001901,ACC002351,135190.91,1,BLOCK,1.0
TXN002919146,2024-01-03 04:24:00.766137,ACC005566,ACC085900,44068.93,1,BLOCK,1.0
TXN002932195,2024-01-03 04:26:36.040434,ACC171929,ACC001295,14914.36,1,BLOCK,0.0
TXN002889189,2024-01-03 04:26:41.023490,ACC053277,ACC004695,601.22,1,BLOCK,0.0
TXN002929531,2024-01-03 04:27:54.978089,ACC001386,ACC116800,87316.81,1,BLOCK,1.0
TXN002840097,2024-01-03 04:28:10.030298,ACC201829,ACC006109,712.23,1,BLOCK,0.0
TXN002835291,2024-01-03 04:28:12.907023,ACC002693,ACC000135,79182.81,1,BLOCK,1.0
TXN002836787,2024-01-03 04:32:50.476018,ACC005402,ACC000531,44100.19,1,BLOCK,1.0
TXN002985464,2024-01-03 04:34:30.116216,ACC005464,ACC047506,22482.75,1,BLOCK,1.0
TXN002943888,2024-01-03 04:36:20.166898,ACC001771,ACC005373,66933.76,1,BLOCK,1.0
TXN002954301,2024-01-03 04:37:06.170547,ACC000435,ACC176778,46778.96,1,BLOCK,1.0
TXN002893288,2024-01-03 04:37:26.958791,ACC039024,ACC005971,14215.2,1,BLOCK,0.0
TXN002891394,2024-01-03 04:39:46.149702,ACC033368,ACC005593,12259.8,1,BLOCK,0.0
TXN002996451,2024-01-03 04:41:06.150511,ACC003646,ACC028377,28340.22,0,BLOCK,1.0
TXN002919150,2024-01-03 04:41:55.426792,ACC005566,ACC122975,44060.43,1,BLOCK,1.0
TXN002825633,2024-01-03 04:42:01.836205,ACC175074,ACC005880,10078.78,1,BLOCK,0.0
TXN002932176,2024-01-03 04:42:23.606054,ACC080066,ACC001295,10706.97,1,BLOCK,0.0
TXN002815652,2024-01-03 04:42:38.869056,ACC005629,ACC142603,45051.0,1,BLOCK,1.0
TXN001991148,2024-01-03 04:43:06.817881,ACC043723,ACC007895,84601.2,0,STEP_UP,0.0
TXN002935955,2024-01-03 04:43:45.177887,ACC002674,ACC188262,21714.24,0,BLOCK,1.0
TXN002983765,2024-01-03 04:49:12.905812,ACC009301,ACC000985,494.9,1,BLOCK,0.0
TXN002940918,2024-01-03 04:49:47.895775,ACC003229,ACC176480,10621.69,0,BLOCK,1.0
TXN002916441,2024-01-03 04:50:09.859846,ACC114531,ACC005460,10971.78,1,BLOCK,0.0
TXN002649330,2024-01-03 04:52:34.769681,ACC107912,ACC097129,27789.25,0,STEP_UP,0.0
TXN001582418,2024-01-03 04:52:52.643296,ACC172319,ACC179845,50380.13,0,STEP_UP,0.0
TXN002887392,2024-01-03 04:55:17.548906,ACC003011,ACC117890,38617.22,1,BLOCK,1.0
TXN002932185,2024-01-03 04:57:11.440248,ACC030939,ACC001295,13806.57,1,BLOCK,0.0
TXN002943889,2024-01-03 04:57:24.550679,ACC005373,ACC184576,63510.69,1,BLOCK,1.0
TXN002828214,2024-01-03 04:58:13.974654,ACC042575,ACC005563,1008.0,1,BLOCK,0.0
TXN001393472,2024-01-03 05:00:27.590530,ACC167859,ACC012362,68983.18,0,BLOCK,1.0
TXN002932178,2024-01-03 05:00:31.847236,ACC188068,ACC001295,13240.9,1,BLOCK,0.0
TXN002932174,2024-01-03 05:04:00.611406,ACC137667,ACC001295,12510.39,1,BLOCK,0.0
TXN002921524,2024-01-03 05:05:13.506270,ACC004161,ACC006695,35898.5,0,BLOCK,1.0
TXN002893286,2024-01-03 05:06:35.778272,ACC191043,ACC005971,10342.6,1,BLOCK,0.0
TXN002864012,2024-01-03 05:06:38.863388,ACC002507,ACC106253,44241.71,1,BLOCK,1.0
TXN000748905,2024-01-03 05:07:09.469774,ACC057288,ACC080107,27382.74,0,STEP_UP,0.0
TXN002944644,2024-01-03 05:08:06.604090,ACC081249,ACC000537,1054.98,1,BLOCK,0.0
TXN002833696,2024-01-03 05:09:24.594214,ACC133398,ACC003282,14444.82,1,BLOCK,0.0
TXN002919919,2024-01-03 05:09:56.353004,ACC000911,ACC001248,31953.87,1,BLOCK,1.0
TXN002954631,2024-01-03 05:10:10.545650,ACC004764,ACC005423,100000.0,1,BLOCK,1.0
TXN002866484,2024-01-03 05:11:10.620593,ACC168309,ACC003472,12859.14,1,BLOCK,0.0
TXN001658522,2024-01-03 05:11:42.108817,ACC049878,ACC055056,45184.02,0,STEP_UP,0.0
TXN002893310,2024-01-03 05:12:00.069608,ACC000222,ACC060236,12268.18,0,BLOCK,1.0
TXN002826736,2024-01-03 05:14:02.849757,ACC130342,ACC000965,11908.52,1,BLOCK,0.0
TXN002935976,2024-01-03 05:14:49.000000,ACC005143,ACC193990,45.09,0,STEP_UP,1.0
TXN002864011,2024-01-03 05:18:32.592501,ACC002507,ACC131032,44213.86,1,BLOCK,1.0
TXN002828278,2024-01-03 05:19:26.376338,ACC003079,ACC001520,63026.91,1,BLOCK,1.0
TXN002933146,2024-01-03 05:21:15.635784,ACC001219,ACC056110,46662.39,1,BLOCK,1.0
TXN002983778,2024-01-03 05:23:25.758820,ACC023949,ACC000985,554.1,1,BLOCK,0.0
TXN002932196,2024-01-03 05:23:35.024674,ACC123797,ACC001295,14626.12,1,BLOCK,0.0
TXN002854029,2024-01-03 05:25:17.565717,ACC070428,ACC002077,386.69,1,BLOCK,0.0
TXN002977743,2024-01-03 05:27:25.956871,ACC202143,ACC001041,830.6,1,BLOCK,0.0
TXN002916625,2024-01-03 05:27:53.587042,ACC112450,ACC001181,903.57,1,BLOCK,0.0
TXN002959086,2024-01-03 05:28:22.576666,ACC012007,ACC001391,1165.41,1,BLOCK,0.0
TXN002975163,2024-01-03 05:29:36.179799,ACC004622,ACC000986,65427.71,1,BLOCK,1.0
TXN002944107,2024-01-03 05:30:06.963674,ACC058363,ACC002686,993.02,1,BLOCK,0.0
TXN002944131,2024-01-03 05:30:35.355870,ACC061591,ACC002686,870.72,1,BLOCK,0.0
TXN002926612,2024-01-03 05:32:28.245441,ACC003466,ACC159439,33406.0,0,BLOCK,1.0
TXN002893311,2024-01-03 05:32:58.693212,ACC000222,ACC178846,21616.42,0,BLOCK,1.0
TXN002973404,2024-01-03 05:34:51.694077,ACC019077,ACC000327,1997.92,1,BLOCK,0.0
TXN002832874,2024-01-03 05:35:08.159236,ACC005951,ACC196615,69111.15,0,BLOCK,1.0
TXN002996452,2024-01-03 05:37:16.853636,ACC003646,ACC013415,36397.31,0,BLOCK,1.0
TXN002826924,2024-01-03 05:39:23.000000,ACC002477,ACC069871,1744.74,0,BLOCK,1.0
TXN002916073,2024-01-03 05:39:23.438746,ACC000673,ACC178533,45366.07,1,BLOCK,1.0
TXN002834634,2024-01-03 05:42:24.475342,ACC078726,ACC002483,240.06,1,BLOCK,0.0
TXN002894658,2024-01-03 05:47:03.298652,ACC009224,ACC005892,830.46,1,BLOCK,0.0
TXN001393470,2024-01-03 05:47:32.203405,ACC167859,ACC155279,66799.02,0,BLOCK,1.0
TXN002834759,2024-01-03 05:48:05.345918,ACC004995,ACC005560,177805.09,1,BLOCK,1.0
TXN002858283,2024-01-03 05:48:39.910639,ACC142953,ACC000089,791.58,1,BLOCK,0.0
TXN002825304,2024-01-03 05:49:55.463507,ACC008861,ACC005857,1935.72,1,BLOCK,0.0
TXN002834648,2024-01-03 05:50:22.917563,ACC062102,ACC002483,1024.33,1,BLOCK,0.0
TXN002939266,2024-01-03 05:50:38.836215,ACC060073,ACC002000,355.32,1,BLOCK,0.0
TXN002881906,2024-01-03 05:50:42.086289,ACC005799,ACC165712,12133.7,0,STEP_UP,1.0
TXN002888033,2024-01-03 05:51:11.288929,ACC095807,ACC003611,11514.12,1,BLOCK,0.0
TXN002842234,2024-01-03 05:52:30.151055,ACC002119,ACC109657,47095.39,0,BLOCK,1.0
TXN002972338,2024-01-03 05:52:42.495404,ACC002503,ACC017707,11292.11,0,BLOCK,1.0
TXN002937134,2024-01-03 05:52:54.240298,ACC107577,ACC000474,967.34,1,BLOCK,0.0
TXN002977758,2024-01-03 05:53:30.002787,ACC004278,ACC082588,42238.28,1,BLOCK,1.0
TXN002889141,2024-01-03 05:54:27.514153,ACC084399,ACC005810,13528.84,1,BLOCK,0.0
TXN002942642,2024-01-03 05:54:50.588254,ACC081124,ACC006144,915.95,1,BLOCK,0.0
TXN002961600,2024-01-03 05:56:52.072516,ACC004040,ACC003215,163987.91,1,BLOCK,1.0
TXN002921523,2024-01-03 05:57:10.899691,ACC004161,ACC121491,61490.84,0,BLOCK,1.0
TXN001528674,2024-01-03 06:01:47.404538,ACC052985,ACC032147,44513.15,0,STEP_UP,0.0
TXN002891377,2024-01-03 06:01:50.174800,ACC099734,ACC005593,14134.78,1,BLOCK,0.0
TXN002863452,2024-01-03 06:02:46.270580,ACC056539,ACC003806,1953.49,1,BLOCK,0.0
TXN002885483,2024-01-03 06:02:59.057622,ACC003943,ACC026216,46915.98,0,BLOCK,1.0
TXN002988096,2024-01-03 06:04:37.053666,ACC051370,ACC003554,547.77,1,BLOCK,0.0
TXN002944647,2024-01-03 06:04:41.158825,ACC013165,ACC000537,1669.66,1,BLOCK,0.0
TXN002961485,2024-01-03 06:04:53.662088,ACC001848,ACC131562,16331.58,0,BLOCK,1.0
TXN002969840,2024-01-03 06:05:19.987717,ACC050120,ACC001280,14628.53,1,BLOCK,0.0
TXN002917003,2024-01-03 06:05:59.173401,ACC150832,ACC002847,1829.25,1,BLOCK,0.0
TXN002864153,2024-01-03 06:08:49.467602,ACC001551,ACC015475,18390.01,0,BLOCK,1.0
TXN002894659,2024-01-03 06:11:27.124630,ACC204682,ACC005892,281.91,1,BLOCK,0.0
TXN002881380,2024-01-03 06:13:04.742124,ACC195205,ACC001034,224.2,1,BLOCK,0.0
TXN002891475,2024-01-03 06:14:10.951049,ACC004768,ACC091650,42902.81,1,BLOCK,1.0
TXN002870250,2024-01-03 06:17:12.447994,ACC002503,ACC002543,100000.0,1,BLOCK,1.0
TXN002891474,2024-01-03 06:20:30.321607,ACC004768,ACC094299,42813.11,1,BLOCK,1.0
TXN002891392,2024-01-03 06:20:49.078621,ACC108300,ACC005593,11832.63,1,BLOCK,0.0
TXN002833908,2024-01-03 06:23:54.173322,ACC002468,ACC002881,68989.17,1,BLOCK,1.0
TXN002959097,2024-01-03 06:24:21.043040,ACC056026,ACC001391,645.42,1,BLOCK,0.0
TXN002891387,2024-01-03 06:24:45.334919,ACC101849,ACC005593,10533.56,1,BLOCK,0.0
TXN002954888,2024-01-03 06:25:32.391317,ACC005820,ACC002718,100000.0,1,BLOCK,1.0
TXN002825281,2024-01-03 06:26:25.782645,ACC148542,ACC005857,1613.15,1,BLOCK,0.0
TXN002977767,2024-01-03 06:29:27.320859,ACC004278,ACC170350,42162.97,1,BLOCK,1.0
TXN002863431,2024-01-03 06:29:36.517774,ACC079784,ACC003806,879.71,1,BLOCK,0.0
TXN002996235,2024-01-03 06:34:27.231305,ACC018063,ACC003652,528.43,1,BLOCK,0.0
TXN002825626,2024-01-03 06:40:08.348644,ACC050165,ACC005880,12151.58,1,BLOCK,0.0
TXN002846943,2024-01-03 06:42:22.929897,ACC074922,ACC001820,11066.07,1,BLOCK,0.0
TXN002993693,2024-01-03 06:45:25.681525,ACC000126,ACC114213,32814.97,0,BLOCK,1.0
TXN002904112,2024-01-03 06:45:41.563955,ACC132691,ACC006096,13016.9,1,BLOCK,0.0
TXN002813912,2024-01-03 06:45:43.169797,ACC004864,ACC001369,51058.86,1,BLOCK,1.0
TXN002859978,2024-01-03 06:50:34.000000,ACC000724,ACC043092,2053.42,0,BLOCK,1.0
TXN002866499,2024-01-03 06:51:40.290514,ACC159834,ACC003472,12502.38,1,BLOCK,0.0
TXN002935539,2024-01-03 06:53:47.483465,ACC048126,ACC002624,11998.41,1,BLOCK,0.0
TXN002866483,2024-01-03 06:55:24.145189,ACC110140,ACC003472,14991.86,1,BLOCK,0.0
TXN002916593,2024-01-03 06:56:41.093729,ACC052705,ACC001181,1655.35,1,BLOCK,0.0
TXN002822188,2024-01-03 06:58:44.900570,ACC000358,ACC142100,35519.92,0,BLOCK,1.0
TXN002825623,2024-01-03 06:59:51.310980,ACC019025,ACC005880,13307.37,1,BLOCK,0.0
TXN002945474,2024-01-03 07:00:58.000000,ACC005980,ACC098237,949.64,0,BLOCK,1.0
TXN002902504,2024-01-03 07:02:02.000000,ACC093776,ACC005153,12285.94,0,BLOCK,0.0
TXN002820613,2024-01-03 07:02:55.000000,ACC003255,ACC007198,8791.38,0,BLOCK,1.0
TXN002981337,2024-01-03 07:02:55.751448,ACC005922,ACC001936,28952.67,1,BLOCK,1.0
TXN002941541,2024-01-03 07:03:00.000000,ACC001020,ACC031214,13538.54,0,BLOCK,1.0
TXN001646887,2024-01-03 07:03:15.732483,ACC161123,ACC035000,25608.89,0,STEP_UP,0.0
TXN002972501,2024-01-03 07:03:47.000000,ACC004835,ACC154669,330.72,0,BLOCK,1.0
TXN002825641,2024-01-03 07:04:52.871285,ACC012998,ACC005880,13093.28,1,BLOCK,0.0
TXN002979755,2024-01-03 07:04:58.000000,ACC001456,ACC138339,192.27,0,BLOCK,1.0
TXN002969159,2024-01-03 07:06:33.952951,ACC001861,ACC003663,57676.67,1,BLOCK,1.0
TXN002913289,2024-01-03 07:07:29.827948,ACC051025,ACC003765,11191.49,1,BLOCK,0.0
TXN002881388,2024-01-03 07:07:41.500580,ACC163025,ACC001034,579.99,1,BLOCK,0.0
TXN002864152,2024-01-03 07:09:22.081017,ACC001551,ACC015475,10988.46,0,STEP_UP,1.0
TXN002935604,2024-01-03 07:09:43.044162,ACC007111,ACC000810,1103.5,1,BLOCK,0.0
TXN002855047,2024-01-03 07:12:22.000000,ACC000086,ACC043036,3297.92,0,BLOCK,1.0
TXN002923590,2024-01-03 07:13:11.000000,ACC002527,ACC110655,477.78,0,BLOCK,1.0
TXN002829274,2024-01-03 07:14:08.065812,ACC000218,ACC025805,45525.42,1,BLOCK,1.0
TXN002933139,2024-01-03 07:14:30.906968,ACC001219,ACC156839,46987.95,1,BLOCK,1.0
TXN002910367,2024-01-03 07:15:26.638054,ACC055419,ACC003661,13336.85,1,BLOCK,0.0
TXN002905913,2024-01-03 07:17:29.000000,ACC000161,ACC190712,1525.55,0,BLOCK,1.0
TXN002977718,2024-01-03 07:17:30.219277,ACC053522,ACC001041,1672.89,1,BLOCK,0.0
TXN002873306,2024-01-03 07:17:38.166177,ACC106757,ACC000006,11056.05,1,BLOCK,0.0
TXN002866196,2024-01-03 07:20:21.855435,ACC003566,ACC058517,23354.14,0,BLOCK,1.0
TXN002920449,2024-01-03 07:22:36.000000,ACC003960,ACC084757,803.21,0,BLOCK,1.0
TXN002995140,2024-01-03 07:23:30.000000,ACC001742,ACC117224,279.16,0,BLOCK,1.0
TXN002926721,2024-01-03 07:23:52.834445,ACC003948,ACC004607,100000.0,1,BLOCK,1.0
TXN002994910,2024-01-03 07:24:18.996337,ACC000123,ACC146279,22221.94,1,BLOCK,1.0
TXN002873300,2024-01-03 07:24:26.261721,ACC117084,ACC000006,13643.96,1,BLOCK,0.0
TXN002914762,2024-01-03 07:24:58.000000,ACC003012,ACC145502,98.36,0,BLOCK,1.0
TXN002916986,2024-01-03 07:26:18.541291,ACC137962,ACC002847,675.85,1,BLOCK,0.0
TXN002989846,2024-01-03 07:26:33.000000,ACC003940,ACC062031,290.81,0,BLOCK,1.0
TXN002937121,2024-01-03 07:26:55.617696,ACC148503,ACC000474,279.63,1,BLOCK,0.0
TXN002889192,2024-01-03 07:28:23.662170,ACC178201,ACC004695,1781.33,1,BLOCK,0.0
TXN002872099,2024-01-03 07:28:26.000000,ACC002113,ACC067002,470.26,0,BLOCK,1.0
TXN002938176,2024-01-03 07:29:53.000000,ACC002889,ACC031447,743.45,0,BLOCK,1.0
TXN002977764,2024-01-03 07:30:18.149552,ACC004278,ACC059985,42310.69,1,BLOCK,1.0
TXN002933145,2024-01-03 07:30:29.703730,ACC001219,ACC138411,46879.5,1,BLOCK,1.0
TXN002859276,2024-01-03 07:31:01.000000,ACC002260,ACC043748,2674.31,0,BLOCK,1.0
TXN002899902,2024-01-03 07:32:42.000000,ACC005996,ACC063275,254.16,0,BLOCK,1.0
TXN002975845,2024-01-03 07:33:41.000000,ACC002900,ACC161036,1268.18,0,BLOCK,1.0
TXN002944595,2024-01-03 07:34:28.000000,ACC003740,ACC175019,14187.17,0,BLOCK,1.0
TXN002835371,2024-01-03 07:35:25.650931,ACC002199,ACC126966,66013.15,0,BLOCK,1.0
TXN002911818,2024-01-03 07:37:14.000000,ACC000793,ACC146555,68.9,0,BLOCK,1.0
TXN002973394,2024-01-03 07:37:32.061772,ACC048723,ACC000327,1484.29,1,BLOCK,0.0
TXN002892664,2024-01-03 07:37:33.000000,ACC000931,ACC013941,573.58,0,BLOCK,1.0
TXN002851758,2024-01-03 07:37:45.000000,ACC004114,ACC123790,1459.61,0,BLOCK,1.0
TXN002871749,2024-01-03 07:38:11.646618,ACC193738,ACC000762,10987.88,1,BLOCK,0.0
TXN002905576,2024-01-03 07:38:15.903603,ACC166491,ACC001693,13671.14,1,BLOCK,0.0
TXN002891482,2024-01-03 07:38:39.087687,ACC004768,ACC094299,42702.91,1,BLOCK,1.0
TXN002881205,2024-01-03 07:39:07.937242,ACC000508,ACC150303,65654.11,1,BLOCK,1.0
TXN002871763,2024-01-03 07:41:09.922129,ACC016993,ACC000762,12805.61,1,BLOCK,0.0
TXN002917459,2024-01-03 07:42:59.000000,ACC004513,ACC023879,11020.14,0,BLOCK,1.0
TXN002893293,2024-01-03 07:43:15.138318,ACC160786,ACC005971,12981.7,1,BLOCK,0.0
TXN002944125,2024-01-03 07:43:16.459809,ACC135166,ACC002686,511.75,1,BLOCK,0.0
TXN002919147,2024-01-03 07:44:27.592905,ACC005566,ACC017392,44119.13,1,BLOCK,1.0
TXN002919920,2024-01-03 07:44:54.529505,ACC001248,ACC003159,30995.25,1,BLOCK,1.0
TXN002963377,2024-01-03 07:45:18.523951,ACC003976,ACC014264,11751.91,0,STEP_UP,1.0
TXN002951398,2024-01-03 07:46:28.000000,ACC083488,ACC006073,34880.68,0,BLOCK,0.0
TXN002982168,2024-01-03 07:47:51.000000,ACC002531,ACC064107,782.76,0,BLOCK,1.0
TXN002873794,2024-01-03 07:49:36.832992,ACC003715,ACC166284,28208.14,0,BLOCK,1.0
TXN002996262,2024-01-03 07:50:28.038767,ACC179629,ACC003652,225.45,1,BLOCK,0.0
TXN002868166,2024-01-03 07:51:27.000000,ACC005841,ACC186432,1314.03,0,BLOCK,1.0
TXN002907152,2024-01-03 07:51:37.156285,ACC117891,ACC002714,1975.97,1,BLOCK,0.0
TXN002859569,2024-01-03 07:53:12.000000,ACC004378,ACC156618,1632.77,0,BLOCK,1.0
TXN002992204,2024-01-03 07:54:32.880149,ACC003651,ACC142414,74988.72,0,BLOCK,1.0
TXN002859706,2024-01-03 07:54:34.000000,ACC006012,ACC151428,98.63,0,BLOCK,1.0
TXN002916198,2024-01-03 07:55:09.000000,ACC002634,ACC069389,872.04,0,BLOCK,1.0
TXN002975693,2024-01-03 07:55:22.000000,ACC004429,ACC164726,2778.79,0,BLOCK,1.0
TXN002923137,2024-01-03 07:55:54.000000,ACC005713,ACC151159,660.47,0,BLOCK,1.0
TXN002971145,2024-01-03 07:56:15.000000,ACC000697,ACC108282,3251.46,0,BLOCK,1.0
TXN002980834,2024-01-03 07:59:51.432190,ACC002515,ACC013089,61250.9,0,BLOCK,1.0
TXN002037704,2024-01-03 08:00:00.000000,ACC039114,ACC110131,95642.27,0,STEP_UP,0.0
TXN001462736,2024-01-03 08:00:00.000000,ACC159639,ACC160516,149061.73,0,STEP_UP,0.0
TXN002922260,2024-01-03 08:00:00.000000,ACC117271,ACC001410,56609.45,0,BLOCK,0.0
TXN002895015,2024-01-03 08:00:00.000000,ACC033737,ACC000088,45601.74,0,BLOCK,0.0
TXN001559442,2024-01-03 08:00:00.000000,ACC034776,ACC158096,96044.12,0,STEP_UP,0.0
TXN002435425,2024-01-03 08:00:00.000000,ACC094117,ACC103126,140717.63,0,STEP_UP,0.0
TXN002955319,2024-01-03 08:00:00.000000,ACC089368,ACC005576,123175.66,0,BLOCK,0.0
TXN002263231,2024-01-03 08:00:00.000000,ACC008184,ACC127903,83032.83,0,STEP_UP,0.0
TXN002955192,2024-01-03 08:00:00.000000,ACC170529,ACC002749,25651.09,0,BLOCK,0.0
TXN002874874,2024-01-03 08:00:00.000000,ACC057169,ACC002816,133829.09,0,BLOCK,0.0
TXN002848268,2024-01-03 08:00:00.000000,ACC150192,ACC005336,98988.3,0,BLOCK,0.0
TXN002970463,2024-01-03 08:00:00.000000,ACC166528,ACC002497,56155.35,0,BLOCK,0.0
TXN001672512,2024-01-03 08:00:00.000000,ACC077206,ACC071351,93992.34,0,STEP_UP,0.0
TXN002828203,2024-01-03 08:00:04.816537,ACC042575,ACC005563,485.22,1,BLOCK,0.0
TXN002933149,2024-01-03 08:03:13.303329,ACC001219,ACC141013,46884.63,1,BLOCK,1.0
TXN002994674,2024-01-03 08:04:35.000000,ACC005993,ACC202524,3076.65,0,BLOCK,1.0
TXN002944643,2024-01-03 08:05:11.857117,ACC140610,ACC000537,1484.86,1,BLOCK,0.0
TXN001877540,2024-01-03 08:05:42.117152,ACC034884,ACC198695,34875.7,0,STEP_UP,0.0
TXN002988104,2024-01-03 08:05:57.950768,ACC113326,ACC003554,1609.6,1,BLOCK,0.0
TXN002894648,2024-01-03 08:07:01.497459,ACC104699,ACC005892,1767.61,1,BLOCK,0.0
TXN002046371,2024-01-03 08:07:41.105151,ACC021844,ACC175919,33857.43,0,STEP_UP,0.0
TXN002977759,2024-01-03 08:08:45.142224,ACC004278,ACC086367,42314.57,1,BLOCK,1.0
TXN002996159,2024-01-03 08:10:09.617037,ACC001007,ACC005744,100000.0,1,BLOCK,1.0
TXN002847796,2024-01-03 08:10:34.851361,ACC004226,ACC151170,25566.14,0,BLOCK,1.0
TXN002977760,2024-01-03 08:10:41.333540,ACC004278,ACC181452,42019.67,1,BLOCK,1.0
TXN002861025,2024-01-03 08:11:48.000000,ACC002051,ACC147769,1860.91,0,BLOCK,1.0
TXN002932184,2024-01-03 08:12:43.695632,ACC171929,ACC001295,10579.44,1,BLOCK,0.0
TXN002988320,2024-01-03 08:12:54.000000,ACC003781,ACC182723,1188.66,0,BLOCK,1.0
TXN002975164,2024-01-03 08:14:24.269699,ACC000986,ACC005413,63464.88,1,BLOCK,1.0
TXN002893279,2024-01-03 08:14:28.690420,ACC160786,ACC005971,13206.01,1,BLOCK,0.0
TXN002826263,2024-01-03 08:16:14.357279,ACC002683,ACC005168,100000.0,1,BLOCK,1.0
TXN002944638,2024-01-03 08:16:59.542253,ACC081249,ACC000537,886.17,1,BLOCK,0.0
TXN002858300,2024-01-03 08:17:43.354083,ACC180796,ACC000089,374.08,1,BLOCK,0.0
TXN002891398,2024-01-03 08:19:28.621755,ACC092103,ACC005593,11281.75,1,BLOCK,0.0
TXN002944126,2024-01-03 08:20:11.763313,ACC012926,ACC002686,391.9,1,BLOCK,0.0
TXN002825634,2024-01-03 08:21:06.225457,ACC128580,ACC005880,12912.65,1,BLOCK,0.0
TXN002884553,2024-01-03 08:24:36.000000,ACC004927,ACC042176,4388.63,0,BLOCK,1.0
TXN002917771,2024-01-03 08:26:09.399759,ACC000883,ACC175484,45489.6,1,BLOCK,1.0
TXN002923246,2024-01-03 08:26:20.990097,ACC105956,ACC004704,12077.08,1,BLOCK,0.0
TXN002943655,2024-01-03 08:28:51.010650,ACC172585,ACC000397,1921.19,1,BLOCK,0.0
TXN002875806,2024-01-03 08:28:54.222159,ACC001339,ACC002384,57472.48,1,BLOCK,1.0
TXN002973408,2024-01-03 08:29:36.243090,ACC124579,ACC000327,956.01,1,BLOCK,0.0
TXN002877164,2024-01-03 08:32:35.000000,ACC000306,ACC013600,228.56,0,BLOCK,1.0
TXN002915188,2024-01-03 08:32:47.394815,ACC004524,ACC001082,45324.94,1,BLOCK,1.0
TXN002970464,2024-01-03 08:33:14.916045,ACC002497,ACC169058,37582.47,0,BLOCK,1.0
TXN002917795,2024-01-03 08:33:21.666221,ACC100640,ACC004506,445.19,1,BLOCK,0.0
TXN002971632,2024-01-03 08:34:06.000000,ACC005445,ACC017723,618.34,0,BLOCK,1.0
TXN002863435,2024-01-03 08:34:57.302096,ACC074747,ACC003806,1531.63,1,BLOCK,0.0
TXN002916997,2024-01-03 08:35:29.077420,ACC118992,ACC002847,207.07,1,BLOCK,0.0
TXN002919148,2024-01-03 08:39:21.098888,ACC005566,ACC122975,44121.5,1,BLOCK,1.0
TXN002825635,2024-01-03 08:39:24.141590,ACC128580,ACC005880,10252.93,1,BLOCK,0.0
TXN000456209,2024-01-03 08:41:26.055876,ACC168206,ACC114961,49540.3,0,STEP_UP,0.0
TXN002944636,2024-01-03 08:42:52.882398,ACC170830,ACC000537,723.62,1,BLOCK,0.0
TXN002917133,2024-01-03 08:43:48.680357,ACC002351,ACC004080,131135.18,1,BLOCK,1.0
TXN002995083,2024-01-03 08:49:27.000000,ACC001240,ACC167342,219.79,0,BLOCK,1.0
TXN002866195,2024-01-03 08:50:09.057977,ACC003566,ACC085044,28321.12,0,BLOCK,1.0
TXN002997583,2024-01-03 08:51:07.000000,ACC000549,ACC102994,4095.12,0,BLOCK,1.0
TXN002933001,2024-01-03 08:53:27.000000,ACC001787,ACC102147,52.68,0,BLOCK,1.0
TXN002856514,2024-01-03 08:53:46.325443,ACC174802,ACC005360,1372.7,1,BLOCK,0.0
TXN002942888,2024-01-03 08:57:51.129127,ACC003195,ACC063645,30848.69,0,BLOCK,1.0
TXN002835678,2024-01-03 08:58:00.000000,ACC000629,ACC068084,390.4,0,BLOCK,1.0
TXN002829278,2024-01-03 08:59:33.178027,ACC000218,ACC153289,45649.28,1,BLOCK,1.0
TXN002913516,2024-01-03 09:00:00.000000,ACC037495,ACC000974,148111.86,0,BLOCK,0.0
TXN002877133,2024-01-03 09:00:00.000000,ACC070060,ACC000392,90321.49,0,BLOCK,0.0
TXN000796979,2024-01-03 09:00:00.000000,ACC173325,ACC163014,68688.92,0,STEP_UP,0.0
TXN001312787,2024-01-03 09:00:00.000000,ACC018004,ACC146164,49058.5,0,STEP_UP,0.0
TXN000604028,2024-01-03 09:00:00.000000,ACC181696,ACC199516,94539.46,0,STEP_UP,0.0
TXN002760198,2024-01-03 09:00:00.000000,ACC194701,ACC172778,74282.5,0,STEP_UP,0.0
TXN000062885,2024-01-03 09:00:00.000000,ACC016972,ACC073618,70629.87,0,STEP_UP,0.0
TXN002979942,2024-01-03 09:00:20.089938,ACC000590,ACC019855,51711.51,0,BLOCK,1.0
TXN002983012,2024-01-03 09:01:10.564697,ACC150432,ACC001874,491.17,1,BLOCK,0.0
TXN002913284,2024-01-03 09:01:25.259145,ACC129863,ACC003765,11734.79,1,BLOCK,0.0
TXN002937125,2024-01-03 09:01:49.994556,ACC060099,ACC000474,846.39,1,BLOCK,0.0
TXN002977765,2024-01-03 09:02:51.594159,ACC004278,ACC104726,42287.83,1,BLOCK,1.0
TXN002944095,2024-01-03 09:04:01.034240,ACC009926,ACC002686,1954.51,1,BLOCK,0.0
TXN002952031,2024-01-03 09:04:28.000000,ACC000450,ACC099728,409.18,0,BLOCK,1.0
TXN002990224,2024-01-03 09:04:57.000000,ACC002258,ACC047372,11090.3,0,BLOCK,1.0
TXN002836788,2024-01-03 09:05:40.952036,ACC000531,ACC001519,42777.18,1,BLOCK,1.0
TXN002891373,2024-01-03 09:06:36.297125,ACC039341,ACC005593,10138.0,1,BLOCK,0.0
TXN002833907,2024-01-03 09:07:35.966683,ACC002881,ACC192214,62873.71,1,BLOCK,1.0
TXN002829602,2024-01-03 09:07:59.461924,ACC000787,ACC066164,54183.86,0,BLOCK,1.0
TXN002979943,2024-01-03 09:08:25.382850,ACC000590,ACC088483,67890.3,0,BLOCK,1.0
TXN002933147,2024-01-03 09:11:16.174974,ACC001219,ACC168922,46808.29,1,BLOCK,1.0
TXN000254616,2024-01-03 09:12:25.000000,ACC139791,ACC152295,75307.1,0,STEP_UP,0.0
TXN002939551,2024-01-03 09:17:10.000000,ACC005315,ACC181153,1949.47,0,BLOCK,1.0
TXN002916078,2024-01-03 09:18:04.795877,ACC000673,ACC054371,45484.06,1,BLOCK,1.0
TXN000197147,2024-01-03 09:18:08.959942,ACC043678,ACC096790,44068.61,0,STEP_UP,0.0
TXN002887393,2024-01-03 09:19:02.150460,ACC003011,ACC130005,38337.43,1,BLOCK,1.0
TXN002855191,2024-01-03 09:19:19.000000,ACC004972,ACC164146,1049.86,0,BLOCK,1.0
TXN002967275,2024-01-03 09:20:21.000000,ACC005409,ACC075852,1180.5,0,BLOCK,1.0
TXN002921160,2024-01-03 09:23:57.000000,ACC006040,ACC158735,203.6,0,BLOCK,1.0
TXN002816359,2024-01-03 09:24:11.000000,ACC002731,ACC141454,731.07,0,BLOCK,1.0
TXN002815648,2024-01-03 09:24:55.870321,ACC005629,ACC068541,44809.79,1,BLOCK,1.0
TXN002815130,2024-01-03 09:25:18.734561,ACC005180,ACC001738,100000.0,1,BLOCK,1.0
TXN002979944,2024-01-03 09:26:56.272769,ACC000590,ACC125177,56743.65,0,BLOCK,1.0
TXN002858721,2024-01-03 09:27:07.330872,ACC168768,ACC005325,774.85,1,BLOCK,0.0
TXN002931840,2024-01-03 09:31:45.489242,ACC004391,ACC040790,15901.52,0,BLOCK,1.0
TXN002999470,2024-01-03 09:33:54.140852,ACC002221,ACC001679,100000.0,1,BLOCK,1.0
TXN002846381,2024-01-03 09:34:13.252419,ACC004166,ACC005595,59073.08,1,BLOCK,1.0
TXN002825016,2024-01-03 09:35:05.000000,ACC003891,ACC050919,196.73,0,BLOCK,1.0
TXN002861558,2024-01-03 09:35:54.479605,ACC001645,ACC010476,127635.88,1,BLOCK,1.0
TXN002819082,2024-01-03 09:37:04.000000,ACC003951,ACC045805,2219.18,0,BLOCK,1.0
TXN002917341,2024-01-03 09:38:34.314776,ACC152086,ACC001910,12778.16,1,BLOCK,0.0
TXN002988081,2024-01-03 09:38:35.742005,ACC039371,ACC003554,1580.56,1,BLOCK,0.0
TXN002855852,2024-01-03 09:40:03.724330,ACC092370,ACC000699,11545.73,1,BLOCK,0.0
TXN002923018,2024-01-03 09:40:58.000000,ACC001704,ACC076503,470.62,0,BLOCK,1.0
TXN002851902,2024-01-03 09:41:44.000000,ACC004124,ACC116288,4262.02,0,BLOCK,1.0
TXN002878871,2024-01-03 09:42:24.000000,ACC001989,ACC191693,1839.25,0,BLOCK,1.0
TXN002939275,2024-01-03 09:43:03.900055,ACC118553,ACC002000,1910.83,1,BLOCK,0.0
TXN002854026,2024-01-03 09:44:38.023761,ACC177003,ACC002077,1395.24,1,BLOCK,0.0
TXN002871761,2024-01-03 09:47:22.091440,ACC016993,ACC000762,11294.15,1,BLOCK,0.0
TXN002916614,2024-01-03 09:47:40.168773,ACC013781,ACC001181,721.88,1,BLOCK,0.0
TXN002917863,2024-01-03 09:48:25.000000,ACC005542,ACC181549,10.39,0,BLOCK,1.0
TXN002927912,2024-01-03 09:48:57.000000,ACC004825,ACC198168,4189.79,0,BLOCK,1.0
TXN002949686,2024-01-03 09:52:13.000000,ACC000332,ACC157472,254.5,0,BLOCK,1.0
TXN002891386,2024-01-03 09:52:28.646964,ACC099734,ACC005593,10294.5,1,BLOCK,0.0
TXN002825637,2024-01-03 09:53:00.745802,ACC188504,ACC005880,14434.13,1,BLOCK,0.0
TXN002911728,2024-01-03 09:57:02.000000,ACC000848,ACC034703,1318.21,0,BLOCK,1.0
TXN002828215,2024-01-03 09:57:25.904494,ACC126842,ACC005563,1839.77,1,BLOCK,0.0
TXN002959005,2024-01-03 10:00:00.000000,ACC148387,ACC002491,58291.83,0,BLOCK,0.0
TXN002867454,2024-01-03 10:00:00.000000,ACC204857,ACC003997,107791.83,0,BLOCK,0.0
TXN002974253,2024-01-03 10:00:00.000000,ACC096969,ACC003075,29295.53,0,BLOCK,0.0
TXN002964526,2024-01-03 10:00:00.000000,ACC072079,ACC000586,66385.86,0,BLOCK,0.0
TXN002634558,2024-01-03 10:00:00.000000,ACC025392,ACC118055,129453.85,0,STEP_UP,0.0
TXN002964529,2024-01-03 10:00:00.000000,ACC026772,ACC000586,144079.85,0,BLOCK,0.0
TXN002997224,2024-01-03 10:00:00.000000,ACC153360,ACC000688,65446.1,0,BLOCK,0.0
TXN000721375,2024-01-03 10:00:00.000000,ACC064255,ACC196574,32989.45,0,STEP_UP,0.0
TXN002961424,2024-01-03 10:00:00.000000,ACC175193,ACC006141,111304.3,0,BLOCK,0.0
TXN002996535,2024-01-03 10:00:11.155465,ACC095256,ACC000754,1486.81,1,BLOCK,0.0
TXN002846838,2024-01-03 10:00:14.000000,ACC000519,ACC147223,323.81,0,BLOCK,1.0
TXN002858280,2024-01-03 10:00:31.000000,ACC000089,ACC183897,3474.79,0,BLOCK,1.0
TXN002852671,2024-01-03 10:00:53.000000,ACC002788,ACC103726,28.78,0,BLOCK,1.0
TXN002888032,2024-01-03 10:01:01.051649,ACC095807,ACC003611,14728.83,1,BLOCK,0.0
TXN002848270,2024-01-03 10:01:18.117704,ACC005336,ACC038319,53290.01,0,BLOCK,1.0
TXN002925751,2024-01-03 10:02:42.463372,ACC041317,ACC003975,10413.75,1,BLOCK,0.0
TXN002995192,2024-01-03 10:03:32.870609,ACC159639,ACC001007,12367.34,1,BLOCK,0.0
TXN002958532,2024-01-03 10:04:17.000000,ACC003635,ACC151327,274.39,0,BLOCK,1.0
TXN002868843,2024-01-03 10:04:49.000000,ACC002647,ACC184529,390.92,0,BLOCK,1.0
TXN002941037,2024-01-03 10:05:38.000000,ACC004145,ACC016201,2840.49,0,BLOCK,1.0
TXN002893316,2024-01-03 10:06:25.590506,ACC129599,ACC000222,1393.1,1,BLOCK,0.0
TXN002936734,2024-01-03 10:07:18.370099,ACC124303,ACC004221,11470.11,1,BLOCK,0.0
TXN002908977,2024-01-03 10:08:43.000000,ACC005149,ACC012292,603.67,0,BLOCK,1.0
TXN002918967,2024-01-03 10:09:26.380730,ACC002559,ACC092299,21959.21,1,BLOCK,1.0
TXN002844672,2024-01-03 10:09:31.998768,ACC003675,ACC151074,226493.5,1,BLOCK,1.0
TXN002849353,2024-01-03 10:09:55.000000,ACC005389,ACC049740,990.75,0,BLOCK,1.0
TXN002847848,2024-01-03 10:11:12.000000,ACC001299,ACC056527,1246.13,0,BLOCK,1.0
TXN002944110,2024-01-03 10:14:32.556721,ACC135166,ACC002686,910.51,1,BLOCK,0.0
TXN002854035,2024-01-03 10:15:06.263738,ACC058994,ACC002077,1087.98,1,BLOCK,0.0
TXN002838605,2024-01-03 10:15:14.000000,ACC003283,ACC167152,353.66,0,BLOCK,1.0
TXN002939121,2024-01-03 10:15:58.000000,ACC001615,ACC025624,826.74,0,BLOCK,1.0
TXN002835228,2024-01-03 10:19:34.000000,ACC002568,ACC165451,404.48,0,BLOCK,1.0
TXN002954632,2024-01-03 10:20:21.091301,ACC005423,ACC004819,139290.91,1,BLOCK,1.0
TXN002946453,2024-01-03 10:21:04.000000,ACC067439,ACC005015,16071.63,0,BLOCK,0.0
TXN002995183,2024-01-03 10:21:26.597552,ACC157764,ACC001007,10054.75,1,BLOCK,0.0
TXN002828222,2024-01-03 10:22:55.620220,ACC068961,ACC005563,853.37,1,BLOCK,0.0
TXN002823709,2024-01-03 10:24:32.000000,ACC002611,ACC157137,9158.86,0,BLOCK,1.0
TXN002925548,2024-01-03 10:25:09.000000,ACC003713,ACC196158,462.54,0,BLOCK,1.0
TXN002944243,2024-01-03 10:27:35.018977,ACC031846,ACC003932,1616.97,1,BLOCK,0.0
TXN002942618,2024-01-03 10:27:35.406422,ACC184788,ACC006144,600.19,1,BLOCK,0.0
TXN002924262,2024-01-03 10:28:21.000000,ACC004308,ACC145562,3524.42,0,BLOCK,1.0
TXN002932272,2024-01-03 10:29:06.614203,ACC025538,ACC005341,14657.58,1,BLOCK,0.0
TXN002959089,2024-01-03 10:30:38.599806,ACC071351,ACC001391,1483.93,1,BLOCK,0.0
TXN002997888,2024-01-03 10:30:40.000000,ACC003056,ACC189781,810.97,0,BLOCK,1.0
TXN000748906,2024-01-03 10:30:53.402953,ACC057288,ACC044837,26191.37,0,STEP_UP,0.0
TXN002988980,2024-01-03 10:31:23.000000,ACC003642,ACC077722,465.98,0,BLOCK,1.0
TXN002935527,2024-01-03 10:31:23.858553,ACC082261,ACC002624,12547.86,1,BLOCK,0.0
TXN002944753,2024-01-03 10:32:34.248438,ACC003484,ACC079017,17927.88,0,BLOCK,1.0
TXN002996251,2024-01-03 10:34:08.473161,ACC126818,ACC003652,281.49,1,BLOCK,0.0
TXN002906075,2024-01-03 10:34:15.554944,ACC005490,ACC001810,40049.28,1,BLOCK,1.0
TXN002951550,2024-01-03 10:34:18.110421,ACC141901,ACC001406,11284.11,1,BLOCK,0.0
TXN002849009,2024-01-03 10:34:40.000000,ACC005354,ACC120953,731.82,0,BLOCK,1.0
TXN002959098,2024-01-03 10:35:28.121623,ACC090035,ACC001391,1380.8,1,BLOCK,0.0
TXN002982856,2024-01-03 10:35:40.000000,ACC000502,ACC185696,4292.14,0,BLOCK,1.0
TXN002421023,2024-01-03 10:36:55.607466,ACC044523,ACC085367,40924.75,0,STEP_UP,0.0
TXN002831185,2024-01-03 10:37:07.000000,ACC001228,ACC014945,3229.32,0,BLOCK,1.0
TXN002897204,2024-01-03 10:38:52.000000,ACC000928,ACC054267,453.52,0,BLOCK,1.0
TXN002828279,2024-01-03 10:38:52.752676,ACC001520,ACC004987,61136.11,1,BLOCK,1.0
TXN002844291,2024-01-03 10:39:21.000000,ACC004516,ACC028221,1252.17,0,BLOCK,1.0
TXN002847253,2024-01-03 10:39:32.410309,ACC005933,ACC020480,16340.1,1,STEP_UP,1.0
TXN002814447,2024-01-03 10:40:35.972520,ACC143937,ACC003449,1837.81,1,BLOCK,0.0
TXN002960941,2024-01-03 10:40:58.000000,ACC003053,ACC040074,310.56,0,BLOCK,1.0
TXN002855635,2024-01-03 10:41:09.000000,ACC004525,ACC096190,16777.71,0,BLOCK,1.0
TXN002876537,2024-01-03 10:42:53.000000,ACC000097,ACC162441,445.52,0,BLOCK,1.0
TXN002977744,2024-01-03 10:48:07.962464,ACC112034,ACC001041,315.46,1,BLOCK,0.0
TXN002922316,2024-01-03 10:48:33.744658,ACC078901,ACC002211,14663.94,1,BLOCK,0.0
TXN002955321,2024-01-03 10:48:35.058180,ACC005576,ACC108945,70853.98,0,BLOCK,1.0
TXN002967980,2024-01-03 10:51:20.636189,ACC001921,ACC103375,75626.5,0,BLOCK,1.0
TXN002884668,2024-01-03 10:53:08.895972,ACC005123,ACC001824,36212.14,1,BLOCK,1.0
TXN002973397,2024-01-03 10:54:12.817160,ACC124579,ACC000327,850.86,1,BLOCK,0.0
TXN002964531,2024-01-03 10:54:45.859531,ACC000586,ACC026772,57108.22,0,BLOCK,1.0
TXN002814444,2024-01-03 10:55:15.460700,ACC042188,ACC003449,614.91,1,BLOCK,0.0
TXN002816579,2024-01-03 10:58:19.283804,ACC001319,ACC001505,131479.42,1,BLOCK,1.0
TXN002830116,2024-01-03 10:58:45.000000,ACC003389,ACC109909,197.09,0,BLOCK,1.0
TXN002935603,2024-01-03 10:59:29.087659,ACC021507,ACC000810,874.74,1,BLOCK,0.0
TXN002977567,2024-01-03 10:59:43.000000,ACC004693,ACC006222,2558.7,0,BLOCK,1.0
TXN002965955,2024-01-03 10:59:55.000000,ACC002935,ACC113193,77.36,0,BLOCK,1.0
TXN000949634,2024-01-03 11:00:00.000000,ACC184562,ACC136896,43581.94,0,STEP_UP,0.0
TXN002939127,2024-01-03 11:00:00.000000,ACC174968,ACC001615,126355.04,0,BLOCK,0.0
TXN002812718,2024-01-03 11:00:00.000000,ACC191388,ACC031959,119317.1,0,STEP_UP,0.0
TXN002848348,2024-01-03 11:00:00.000000,ACC059086,ACC004625,146150.05,0,BLOCK,0.0
TXN002882838,2024-01-03 11:00:00.000000,ACC116750,ACC004953,100684.01,0,BLOCK,0.0
TXN002852802,2024-01-03 11:00:00.000000,ACC131283,ACC000940,95790.46,0,BLOCK,0.0
TXN002158780,2024-01-03 11:00:00.000000,ACC129432,ACC025611,31993.43,0,STEP_UP,0.0
TXN002850543,2024-01-03 11:00:00.000000,ACC020865,ACC000020,51398.5,0,BLOCK,0.0
TXN002847247,2024-01-03 11:00:00.000000,ACC144760,ACC005933,112060.4,0,BLOCK,0.0
TXN002982316,2024-01-03 11:02:00.000000,ACC004569,ACC071808,1127.96,0,BLOCK,1.0
TXN002875661,2024-01-03 11:03:39.313965,ACC172020,ACC001104,1173.84,1,BLOCK,0.0
TXN002850882,2024-01-03 11:03:50.509731,ACC117828,ACC000559,11330.42,1,BLOCK,0.0
TXN002948560,2024-01-03 11:04:02.000000,ACC000121,ACC012379,35.74,0,BLOCK,1.0
TXN002954540,2024-01-03 11:04:22.000000,ACC005225,ACC108711,968.35,0,BLOCK,1.0
TXN002954623,2024-01-03 11:04:37.000000,ACC002102,ACC082325,1341.56,0,BLOCK,1.0
TXN002926722,2024-01-03 11:05:49.251668,ACC004607,ACC005994,100000.0,1,BLOCK,1.0
TXN002979192,2024-01-03 11:06:54.000000,ACC003840,ACC129746,934.2,0,BLOCK,1.0
TXN002836075,2024-01-03 11:06:56.000000,ACC003359,ACC115066,1036.55,0,BLOCK,1.0
TXN002831792,2024-01-03 11:07:12.000000,ACC005784,ACC053116,12083.88,0,BLOCK,1.0
TXN002855844,2024-01-03 11:07:55.360678,ACC204298,ACC000699,12180.81,1,BLOCK,0.0
TXN002861614,2024-01-03 11:09:39.679779,ACC022270,ACC002295,14667.84,1,BLOCK,0.0
TXN002853193,2024-01-03 11:09:43.056816,ACC034669,ACC005381,1338.92,1,BLOCK,0.0
TXN002865738,2024-01-03 11:10:46.000000,ACC003574,ACC147399,2158.62,0,BLOCK,1.0
TXN002931272,2024-01-03 11:11:36.000000,ACC002555,ACC160878,382.38,0,BLOCK,1.0
TXN002835176,2024-01-03 11:11:40.000000,ACC004335,ACC030223,91.59,0,BLOCK,1.0
TXN002827094,2024-01-03 11:13:09.169119,ACC110733,ACC001133,14418.21,1,BLOCK,0.0
TXN002815775,2024-01-03 11:13:57.782835,ACC002083,ACC193520,78237.86,1,BLOCK,1.0
TXN002890477,2024-01-03 11:14:53.000000,ACC000546,ACC074547,2032.44,0,BLOCK,1.0
TXN002870237,2024-01-03 11:14:56.513508,ACC130665,ACC003029,1448.08,1,BLOCK,0.0
TXN002896987,2024-01-03 11:17:09.000000,ACC001273,ACC177000,1211.2,0,BLOCK,1.0
TXN002606688,2024-01-03 11:18:10.477920,ACC170969,ACC030243,52901.54,0,STEP_UP,0.0
TXN002942624,2024-01-03 11:18:30.894165,ACC103863,ACC006144,1610.93,1,BLOCK,0.0
TXN001749213,2024-01-03 11:18:37.085020,ACC084133,ACC148703,40668.67,0,STEP_UP,0.0
TXN002969885,2024-01-03 11:18:44.000000,ACC002865,ACC120378,221.2,0,BLOCK,1.0
TXN002937112,2024-01-03 11:22:27.153740,ACC136794,ACC000474,216.29,1,BLOCK,0.0
TXN002990508,2024-01-03 11:24:45.000000,ACC003788,ACC102399,900.89,0,BLOCK,1.0
TXN002955229,2024-01-03 11:27:06.000000,ACC000447,ACC051259,335.48,0,BLOCK,1.0
TXN002881373,2024-01-03 11:30:04.191464,ACC044481,ACC001034,474.98,1,BLOCK,0.0
TXN002877504,2024-01-03 11:31:01.000000,ACC004967,ACC166946,698.56,0,BLOCK,1.0
TXN002832499,2024-01-03 11:31:12.127728,ACC061661,ACC004122,13960.84,1,BLOCK,0.0
TXN002907726,2024-01-03 11:31:44.000000,ACC000597,ACC148987,166.16,0,BLOCK,1.0
TXN002935534,2024-01-03 11:32:15.535076,ACC149154,ACC002624,14808.05,1,BLOCK,0.0
TXN002977560,2024-01-03 11:32:39.000000,ACC004693,ACC124287,2480.83,0,BLOCK,1.0
TXN000959600,2024-01-03 11:33:15.632516,ACC143163,ACC037240,66411.38,0,STEP_UP,0.0
TXN002963630,2024-01-03 11:34:16.000000,ACC003757,ACC078119,658.04,0,BLOCK,1.0
TXN002851766,2024-01-03 11:34:37.000000,ACC004114,ACC068912,75.9,0,BLOCK,1.0
TXN002938658,2024-01-03 11:35:17.000000,ACC004780,ACC050586,746.21,0,BLOCK,1.0
TXN002996268,2024-01-03 11:36:20.287638,ACC077058,ACC003652,616.78,1,BLOCK,0.0
TXN002875375,2024-01-03 11:37:18.000000,ACC005382,ACC125521,4126.08,0,BLOCK,1.0
TXN001528676,2024-01-03 11:39:09.032094,ACC052985,ACC064811,78243.67,0,STEP_UP,0.0
TXN002938199,2024-01-03 11:39:29.000000,ACC003361,ACC069281,540.22,0,BLOCK,1.0
TXN002916081,2024-01-03 11:39:58.045683,ACC000673,ACC173700,45296.34,1,BLOCK,1.0
TXN002846948,2024-01-03 11:40:45.870240,ACC152421,ACC001820,12926.85,1,BLOCK,0.0
TXN002836680,2024-01-03 11:43:44.000000,ACC001427,ACC080803,307.86,0,BLOCK,1.0
TXN002908094,2024-01-03 11:43:47.000000,ACC002648,ACC097394,340.16,0,BLOCK,1.0
TXN002895864,2024-01-03 11:43:47.000000,ACC005740,ACC127052,291.47,0,BLOCK,1.0
TXN002985465,2024-01-03 11:43:47.457916,ACC001039,ACC005464,44954.2,1,BLOCK,1.0
TXN002981255,2024-01-03 11:43:54.538611,ACC083587,ACC005970,10547.62,1,BLOCK,0.0
TXN002959108,2024-01-03 11:44:48.857108,ACC012007,ACC001391,427.28,1,BLOCK,0.0
TXN002887780,2024-01-03 11:44:49.000000,ACC001357,ACC044589,2751.69,0,BLOCK,1.0
TXN002985986,2024-01-03 11:46:32.000000,ACC005361,ACC062820,388.23,0,BLOCK,1.0
TXN002986205,2024-01-03 11:47:15.000000,ACC000445,ACC176580,10984.53,0,BLOCK,1.0
TXN002943344,2024-01-03 11:51:56.000000,ACC002111,ACC194808,602.41,0,BLOCK,1.0
TXN002863825,2024-01-03 11:52:02.000000,ACC002919,ACC077760,4061.48,0,BLOCK,1.0
TXN002933141,2024-01-03 11:52:12.658733,ACC001219,ACC156839,46687.22,1,BLOCK,1.0
TXN002830610,2024-01-03 11:53:41.000000,ACC004676,ACC151893,1632.92,0,BLOCK,1.0
TXN002851339,2024-01-03 11:54:14.000000,ACC004503,ACC110993,2760.9,0,BLOCK,1.0
TXN002862809,2024-01-03 11:54:26.000000,ACC001893,ACC055277,905.93,0,BLOCK,1.0
TXN002939296,2024-01-03 11:54:33.623602,ACC029842,ACC002000,1558.19,1,BLOCK,0.0
TXN002819538,2024-01-03 11:56:45.000000,ACC005028,ACC072410,6793.06,0,BLOCK,1.0
TXN002886044,2024-01-03 11:56:53.000000,ACC000644,ACC052375,446.58,0,BLOCK,1.0
TXN002926732,2024-01-03 11:57:42.000000,ACC005948,ACC155957,6349.56,0,BLOCK,1.0
TXN002962766,2024-01-03 11:59:26.258540,ACC100749,ACC000552,11958.2,1,BLOCK,0.0
TXN002960237,2024-01-03 11:59:29.000000,ACC001277,ACC065519,126.25,0,BLOCK,1.0
TXN002851200,2024-01-03 11:59:34.000000,ACC000967,ACC150105,300.93,0,BLOCK,1.0
TXN002844729,2024-01-03 12:00:00.000000,ACC008045,ACC003748,134456.83,0,BLOCK,0.0
TXN002921624,2024-01-03 12:00:00.000000,ACC060998,ACC002284,149204.7,0,BLOCK,0.0
TXN001992708,2024-01-03 12:00:00.000000,ACC109094,ACC182730,51631.61,0,STEP_UP,0.0
TXN000782379,2024-01-03 12:00:00.000000,ACC080158,ACC068751,112795.4,0,STEP_UP,0.0
TXN002970255,2024-01-03 12:00:00.000000,ACC159892,ACC002963,97823.3,0,BLOCK,0.0
TXN002960654,2024-01-03 12:00:00.000000,ACC059640,ACC001640,106325.58,0,BLOCK,0.0
TXN002854892,2024-01-03 12:00:00.000000,ACC026446,ACC002956,34364.29,0,BLOCK,0.0
TXN002910773,2024-01-03 12:00:00.000000,ACC195617,ACC000849,92957.23,0,BLOCK,0.0
TXN002656085,2024-01-03 12:00:00.000000,ACC101974,ACC032363,143516.27,0,STEP_UP,0.0
TXN001391640,2024-01-03 12:00:00.000000,ACC153596,ACC120818,133128.16,0,STEP_UP,0.0
TXN002976114,2024-01-03 12:00:16.000000,ACC001499,ACC153734,60.93,0,BLOCK,1.0
TXN002997713,2024-01-03 12:04:22.898738,ACC002035,ACC070566,36961.23,0,BLOCK,1.0
TXN002883426,2024-01-03 12:04:51.000000,ACC003621,ACC050485,928.95,0,BLOCK,1.0
TXN002885289,2024-01-03 12:05:45.849586,ACC001698,ACC146566,83253.4,1,BLOCK,1.0
TXN002902732,2024-01-03 12:05:50.410499,ACC003279,ACC003105,73710.09,1,BLOCK,1.0
TXN003000487,2024-01-03 12:07:28.000000,ACC006035,ACC111868,3788.27,0,BLOCK,1.0
TXN002853291,2024-01-03 12:07:32.000000,ACC002480,ACC130324,40.43,0,BLOCK,1.0
TXN002916077,2024-01-03 12:08:18.968534,ACC000673,ACC063645,45403.02,1,BLOCK,1.0
TXN002871733,2024-01-03 12:09:04.000000,ACC003782,ACC094378,1976.66,0,BLOCK,1.0
TXN002837569,2024-01-03 12:09:25.380331,ACC001834,ACC002433,47829.87,1,BLOCK,1.0
TXN002832391,2024-01-03 12:11:16.000000,ACC001747,ACC020597,2313.51,0,BLOCK,1.0
TXN002939283,2024-01-03 12:14:09.745670,ACC064297,ACC002000,314.37,1,BLOCK,0.0
TXN002961486,2024-01-03 12:14:27.608810,ACC001848,ACC044282,27810.24,0,BLOCK,1.0
TXN002996160,2024-01-03 12:15:14.425555,ACC005744,ACC004552,156500.29,1,BLOCK,1.0
TXN002817162,2024-01-03 12:15:17.000000,ACC004961,ACC121954,1687.88,0,BLOCK,1.0
TXN002858050,2024-01-03 12:16:15.064791,ACC003479,ACC088152,78527.6,1,BLOCK,1.0
TXN002917790,2024-01-03 12:16:15.873680,ACC012022,ACC004506,1604.33,1,BLOCK,0.0
TXN002836746,2024-01-03 12:16:40.000000,ACC002413,ACC065006,52.56,0,BLOCK,1.0
TXN002996066,2024-01-03 12:17:58.388819,ACC089274,ACC004583,1819.43,1,BLOCK,0.0
TXN002867456,2024-01-03 12:19:55.837911,ACC003997,ACC152253,57927.79,0,BLOCK,1.0
TXN002954516,2024-01-03 12:21:42.708885,ACC000176,ACC005954,42048.24,1,BLOCK,1.0
TXN002917001,2024-01-03 12:22:11.655158,ACC007135,ACC002847,747.95,1,BLOCK,0.0
TXN002916080,2024-01-03 12:22:15.681830,ACC000673,ACC153450,45599.03,1,BLOCK,1.0
TXN002988492,2024-01-03 12:22:50.000000,ACC000926,ACC015366,1156.33,0,BLOCK,1.0
TXN002980017,2024-01-03 12:23:32.000000,ACC000270,ACC198869,2833.32,0,BLOCK,1.0
TXN002953648,2024-01-03 12:23:41.000000,ACC010477,ACC000527,30659.67,0,BLOCK,0.0
TXN002996540,2024-01-03 12:24:21.977304,ACC075071,ACC000754,1073.2,1,BLOCK,0.0
TXN002864791,2024-01-03 12:24:24.000000,ACC003411,ACC178127,1549.22,0,BLOCK,1.0
TXN002995184,2024-01-03 12:27:17.411907,ACC157764,ACC001007,10224.32,1,BLOCK,0.0
TXN002839928,2024-01-03 12:27:30.000000,ACC000503,ACC161908,141.9,0,BLOCK,1.0
TXN002963976,2024-01-03 12:28:24.000000,ACC003501,ACC055664,1053.01,0,BLOCK,1.0
TXN002956105,2024-01-03 12:29:28.000000,ACC005781,ACC032341,6143.83,0,BLOCK,1.0
TXN002847588,2024-01-03 12:30:01.500067,ACC002458,ACC148060,46674.35,1,BLOCK,1.0
TXN002894027,2024-01-03 12:30:34.054811,ACC003858,ACC075107,44587.27,1,BLOCK,1.0
TXN002918652,2024-01-03 12:30:49.000000,ACC004014,ACC058220,463.23,0,BLOCK,1.0
TXN002917000,2024-01-03 12:31:04.033541,ACC007135,ACC002847,1379.52,1,BLOCK,0.0
TXN002888199,2024-01-03 12:31:19.000000,ACC000308,ACC197889,53.22,0,BLOCK,1.0
TXN002842907,2024-01-03 12:31:22.000000,ACC000384,ACC194690,8648.76,0,BLOCK,1.0
TXN002962777,2024-01-03 12:32:04.150293,ACC038491,ACC000552,10886.7,1,BLOCK,0.0
TXN002972654,2024-01-03 12:33:40.000000,ACC000046,ACC006304,2873.94,0,BLOCK,1.0
TXN002943658,2024-01-03 12:33:44.684858,ACC049044,ACC000397,874.06,1,BLOCK,0.0
TXN002915803,2024-01-03 12:33:48.000000,ACC004619,ACC141323,510.69,0,BLOCK,1.0
TXN000959601,2024-01-03 12:35:21.103615,ACC143163,ACC140925,56792.53,0,STEP_UP,0.0
TXN002872419,2024-01-03 12:36:01.000000,ACC005527,ACC192102,995.91,0,BLOCK,1.0
TXN002881374,2024-01-03 12:40:09.724334,ACC167124,ACC001034,254.05,1,BLOCK,0.0
TXN002873425,2024-01-03 12:41:26.000000,ACC004814,ACC023994,1781.24,0,BLOCK,1.0
TXN002918835,2024-01-03 12:41:28.000000,ACC003101,ACC080682,632.99,0,BLOCK,1.0
TXN002917103,2024-01-03 12:45:19.000000,ACC002595,ACC135940,6122.77,0,BLOCK,1.0
TXN002864275,2024-01-03 12:46:12.000000,ACC002756,ACC183744,160.54,0,BLOCK,1.0
TXN002917587,2024-01-03 12:47:06.000000,ACC112216,ACC005317,24587.83,0,BLOCK,0.0
TXN002856536,2024-01-03 12:48:30.856355,ACC033907,ACC005360,274.87,1,BLOCK,0.0
TXN002996453,2024-01-03 12:50:11.908616,ACC003646,ACC013415,44087.77,0,BLOCK,1.0
TXN002855847,2024-01-03 12:52:00.677066,ACC172268,ACC000699,10235.41,1,BLOCK,0.0
TXN002935626,2024-01-03 12:54:02.490751,ACC050668,ACC000810,203.77,1,BLOCK,0.0
TXN002979704,2024-01-03 12:54:56.000000,ACC003393,ACC097399,1022.43,0,BLOCK,1.0
TXN002858140,2024-01-03 12:55:47.000000,ACC000098,ACC138267,498.02,0,BLOCK,1.0
TXN002857110,2024-01-03 13:00:00.000000,ACC144970,ACC001261,136243.51,0,BLOCK,0.0
TXN002928778,2024-01-03 13:00:00.000000,ACC182341,ACC002141,109205.0,0,BLOCK,0.0
TXN001594821,2024-01-03 13:00:00.000000,ACC040837,ACC180642,48511.1,0,STEP_UP,0.0
TXN002898194,2024-01-03 13:00:00.000000,ACC180968,ACC002065,41191.35,0,BLOCK,0.0
TXN001092867,2024-01-03 13:00:00.000000,ACC193475,ACC080051,139851.8,0,STEP_UP,0.0
TXN002906531,2024-01-03 13:00:00.000000,ACC139097,ACC005032,37682.48,0,BLOCK,0.0
TXN002515954,2024-01-03 13:00:00.000000,ACC066750,ACC146497,65232.03,0,STEP_UP,0.0
TXN002580990,2024-01-03 13:00:00.000000,ACC072872,ACC101139,115866.78,0,STEP_UP,0.0
TXN002823062,2024-01-03 13:00:26.000000,ACC000956,ACC163760,1228.42,0,BLOCK,1.0
TXN000440945,2024-01-03 13:00:42.000000,ACC105489,ACC131199,27027.34,0,STEP_UP,0.0
TXN000139580,2024-01-03 13:01:28.916188,ACC122335,ACC164709,48725.96,0,STEP_UP,0.0
TXN002996246,2024-01-03 13:01:34.713221,ACC149137,ACC003652,1959.66,1,BLOCK,0.0
TXN002970678,2024-01-03 13:01:45.000000,ACC000946,ACC146358,8140.53,0,BLOCK,1.0
TXN002969649,2024-01-03 13:03:16.000000,ACC001559,ACC125994,3148.81,0,BLOCK,1.0
TXN002853199,2024-01-03 13:03:34.683939,ACC152887,ACC005381,1744.14,1,BLOCK,0.0
TXN002896095,2024-01-03 13:04:10.072063,ACC005324,ACC121828,21251.78,1,BLOCK,1.0
TXN002933140,2024-01-03 13:04:21.142996,ACC001219,ACC156839,46688.72,1,BLOCK,1.0
TXN002970928,2024-01-03 13:04:48.000000,ACC004850,ACC013135,910.72,0,BLOCK,1.0
TXN002900179,2024-01-03 13:04:53.000000,ACC003212,ACC104453,1064.31,0,BLOCK,1.0
TXN002917134,2024-01-03 13:05:43.020535,ACC004080,ACC001311,100000.0,1,BLOCK,1.0
TXN002935615,2024-01-03 13:06:43.230855,ACC021507,ACC000810,1493.43,1,BLOCK,0.0
TXN002887897,2024-01-03 13:08:06.000000,ACC001940,ACC089861,30279.16,0,BLOCK,1.0
TXN002858714,2024-01-03 13:08:16.191619,ACC042621,ACC005325,989.72,1,BLOCK,0.0
TXN002955778,2024-01-03 13:08:38.000000,ACC004416,ACC017612,1417.41,0,BLOCK,1.0
TXN002843628,2024-01-03 13:10:54.966490,ACC198649,ACC003919,11099.48,1,BLOCK,0.0
TXN002848269,2024-01-03 13:11:00.639717,ACC005336,ACC025837,55120.65,0,BLOCK,1.0
TXN002944648,2024-01-03 13:11:05.346433,ACC009312,ACC000537,1664.52,1,BLOCK,0.0
TXN002958436,2024-01-03 13:11:44.000000,ACC005127,ACC106682,2786.52,0,BLOCK,1.0
TXN002948978,2024-01-03 13:12:08.000000,ACC003208,ACC067304,733.68,0,BLOCK,1.0
TXN002890672,2024-01-03 13:12:47.000000,ACC000906,ACC019659,467.78,0,BLOCK,1.0
TXN002822251,2024-01-03 13:15:30.000000,ACC000131,ACC180843,19013.02,0,BLOCK,1.0
TXN002831529,2024-01-03 13:16:11.000000,ACC006121,ACC164560,4987.06,0,BLOCK,1.0
TXN002817518,2024-01-03 13:17:02.000000,ACC005525,ACC025942,11777.33,0,BLOCK,1.0
TXN002882840,2024-01-03 13:19:20.441014,ACC004953,ACC062321,57655.87,0,BLOCK,1.0
TXN001290624,2024-01-03 13:19:23.520559,ACC076520,ACC145142,33932.21,0,STEP_UP,0.0
TXN002863310,2024-01-03 13:21:02.000000,ACC002417,ACC169231,115.06,0,BLOCK,1.0
TXN002911271,2024-01-03 13:21:23.000000,ACC003066,ACC032357,841.64,0,BLOCK,1.0
TXN002837570,2024-01-03 13:21:50.805064,ACC002433,ACC098206,44514.6,1,BLOCK,1.0
TXN002922326,2024-01-03 13:21:57.201302,ACC009708,ACC002211,14105.46,1,BLOCK,0.0
TXN002844312,2024-01-03 13:22:11.000000,ACC002344,ACC111631,995.77,0,BLOCK,1.0
TXN002908454,2024-01-03 13:23:50.000000,ACC001686,ACC187254,1187.96,0,BLOCK,1.0
TXN000227447,2024-01-03 13:27:03.000000,ACC028441,ACC111126,32360.61,0,STEP_UP,0.0
TXN002850890,2024-01-03 13:27:43.431213,ACC011824,ACC000559,13541.8,1,BLOCK,0.0
TXN002942627,2024-01-03 13:27:59.843019,ACC059496,ACC006144,785.56,1,BLOCK,0.0
TXN002867455,2024-01-03 13:28:56.767174,ACC003997,ACC046488,46177.63,0,BLOCK,1.0
TXN002905352,2024-01-03 13:29:09.000000,ACC002913,ACC081560,1030.9,0,BLOCK,1.0
TXN002902731,2024-01-03 13:30:24.293204,ACC003105,ACC186241,98154.23,1,BLOCK,1.0
TXN002949897,2024-01-03 13:30:48.000000,ACC000002,ACC126760,425.99,0,BLOCK,1.0
TXN002877135,2024-01-03 13:31:29.084787,ACC000392,ACC141757,41183.18,0,BLOCK,1.0
TXN002919152,2024-01-03 13:31:35.272838,ACC005566,ACC023293,44106.28,1,BLOCK,1.0
TXN002871752,2024-01-03 13:33:31.909259,ACC085373,ACC000762,12265.31,1,BLOCK,0.0
TXN002967253,2024-01-03 13:34:44.372446,ACC036917,ACC002203,1501.24,1,BLOCK,0.0
TXN002881389,2024-01-03 13:34:46.792520,ACC071142,ACC001034,1787.93,1,BLOCK,0.0
TXN002835207,2024-01-03 13:37:00.000000,ACC005889,ACC197294,581.67,0,BLOCK,1.0
TXN002936729,2024-01-03 13:37:22.662500,ACC058066,ACC004221,10285.98,1,BLOCK,0.0
TXN002833697,2024-01-03 13:37:36.814641,ACC133398,ACC003282,11811.35,1,BLOCK,0.0
TXN002977725,2024-01-03 13:37:59.263780,ACC180805,ACC001041,1781.35,1,BLOCK,0.0
TXN002836789,2024-01-03 13:38:31.428055,ACC001519,ACC002424,41493.87,1,BLOCK,1.0
TXN002947332,2024-01-03 13:39:17.000000,ACC006032,ACC067947,265.02,0,BLOCK,1.0
TXN002988107,2024-01-03 13:40:43.717416,ACC087134,ACC003554,1259.19,1,BLOCK,0.0
TXN002904090,2024-01-03 13:41:50.000000,ACC006096,ACC141113,61.04,0,BLOCK,1.0
TXN002867234,2024-01-03 13:42:24.000000,ACC004094,ACC021188,1076.54,0,BLOCK,1.0
TXN002996073,2024-01-03 13:42:28.990893,ACC152240,ACC004583,921.14,1,BLOCK,0.0
TXN002881361,2024-01-03 13:42:41.728843,ACC129819,ACC001034,1957.89,1,BLOCK,0.0
TXN002915083,2024-01-03 13:43:09.000000,ACC004838,ACC037691,1033.54,0,BLOCK,1.0
TXN002912293,2024-01-03 13:44:02.000000,ACC002352,ACC116998,642.4,0,BLOCK,1.0
TXN002887460,2024-01-03 13:45:19.000000,ACC000805,ACC179484,220.14,0,BLOCK,1.0
TXN002933132,2024-01-03 13:45:32.000000,ACC001219,ACC029520,363.24,0,BLOCK,1.0
TXN002873255,2024-01-03 13:46:11.000000,ACC000006,ACC058013,4448.05,0,BLOCK,1.0
TXN002885485,2024-01-03 13:46:13.067331,ACC003943,ACC133829,47107.5,0,BLOCK,1.0
TXN002825280,2024-01-03 13:48:01.908320,ACC081784,ACC005857,1387.69,1,BLOCK,0.0
TXN002869546,2024-01-03 13:48:02.000000,ACC000685,ACC122766,166.62,0,BLOCK,1.0
TXN002890627,2024-01-03 13:48:28.000000,ACC005569,ACC109627,957.94,0,BLOCK,1.0
TXN002881379,2024-01-03 13:50:47.860932,ACC049605,ACC001034,690.34,1,BLOCK,0.0
TXN002950861,2024-01-03 13:56:03.000000,ACC200649,ACC005171,14727.67,0,BLOCK,0.0
TXN002815649,2024-01-03 13:57:13.119256,ACC005629,ACC117603,44815.69,1,BLOCK,1.0
TXN002992895,2024-01-03 14:00:00.000000,ACC026129,ACC002737,121080.28,0,BLOCK,0.0
TXN002884682,2024-01-03 14:00:00.000000,ACC061104,ACC001533,43159.4,0,BLOCK,0.0
TXN000856095,2024-01-03 14:00:00.000000,ACC028228,ACC045338,108182.48,0,STEP_UP,0.0
TXN002989619,2024-01-03 14:00:00.000000,ACC132641,ACC004663,137783.61,0,BLOCK,0.0
TXN002817174,2024-01-03 14:00:00.000000,ACC042320,ACC004961,49182.73,0,BLOCK,0.0
TXN002915301,2024-01-03 14:00:00.000000,ACC081895,ACC000672,21719.99,0,BLOCK,0.0
TXN002982639,2024-01-03 14:00:00.000000,ACC174054,ACC002836,71755.38,0,BLOCK,0.0
TXN002912103,2024-01-03 14:00:37.830887,ACC040234,ACC004773,11131.95,1,BLOCK,0.0
TXN002914117,2024-01-03 14:00:50.000000,ACC002329,ACC042705,128.49,0,BLOCK,1.0
TXN002979103,2024-01-03 14:00:54.000000,ACC000404,ACC020827,125.73,0,BLOCK,1.0
TXN002915189,2024-01-03 14:04:04.519203,ACC001082,ACC107422,43980.56,1,BLOCK,1.0
TXN002826704,2024-01-03 14:04:09.000000,ACC002734,ACC014710,1004.48,0,BLOCK,1.0
TXN002957780,2024-01-03 14:04:32.000000,ACC001050,ACC027112,217.01,0,BLOCK,1.0
TXN002814696,2024-01-03 14:06:05.000000,ACC002163,ACC025182,1660.17,0,BLOCK,1.0
TXN002818870,2024-01-03 14:06:45.488245,ACC002366,ACC118623,88292.13,1,BLOCK,1.0
TXN002967649,2024-01-03 14:07:32.000000,ACC004252,ACC170990,872.15,0,BLOCK,1.0
TXN002896698,2024-01-03 14:09:52.000000,ACC005553,ACC144497,1010.27,0,BLOCK,1.0
TXN002925765,2024-01-03 14:11:07.390092,ACC064581,ACC003975,13006.42,1,BLOCK,0.0
TXN002847249,2024-01-03 14:11:49.467803,ACC005933,ACC102452,59226.08,0,BLOCK,1.0
TXN002856522,2024-01-03 14:12:57.563782,ACC181660,ACC005360,982.15,1,BLOCK,0.0
TXN002917800,2024-01-03 14:13:02.747105,ACC116987,ACC004506,1602.54,1,BLOCK,0.0
TXN002983015,2024-01-03 14:13:17.784479,ACC201171,ACC001874,1552.72,1,BLOCK,0.0
TXN002985898,2024-01-03 14:13:21.000000,ACC004042,ACC023302,738.21,0,BLOCK,1.0
TXN002862945,2024-01-03 14:14:12.000000,ACC004116,ACC058418,2793.34,0,BLOCK,1.0
TXN002951122,2024-01-03 14:14:47.481787,ACC001477,ACC057652,159910.15,1,BLOCK,1.0
TXN002897239,2024-01-03 14:16:36.000000,ACC003655,ACC098994,11843.83,0,BLOCK,1.0
TXN002889724,2024-01-03 14:19:21.000000,ACC001646,ACC147452,392.35,0,BLOCK,1.0
TXN002871261,2024-01-03 14:19:31.000000,ACC004158,ACC126850,5253.08,0,BLOCK,1.0
TXN002843424,2024-01-03 14:20:41.000000,ACC004179,ACC182544,1612.85,0,BLOCK,1.0
TXN002944132,2024-01-03 14:22:00.497605,ACC008087,ACC002686,782.96,1,BLOCK,0.0
TXN002887807,2024-01-03 14:22:04.000000,ACC001678,ACC144147,250.37,0,BLOCK,1.0
TXN002989761,2024-01-03 14:26:00.000000,ACC000584,ACC093602,8211.87,0,BLOCK,1.0
TXN002898195,2024-01-03 14:28:31.966416,ACC002065,ACC180968,15696.0,0,BLOCK,1.0
TXN002913519,2024-01-03 14:33:56.570662,ACC000974,ACC163523,51456.64,0,BLOCK,1.0
TXN002971718,2024-01-03 14:36:52.000000,ACC002952,ACC102797,331.05,0,BLOCK,1.0
TXN002959007,2024-01-03 14:38:37.414333,ACC002491,ACC100996,19183.27,0,BLOCK,1.0
TXN002917788,2024-01-03 14:40:05.501342,ACC150014,ACC004506,403.27,1,BLOCK,0.0
TXN002815650,2024-01-03 14:41:08.377902,ACC005629,ACC176647,45110.69,1,BLOCK,1.0
TXN002837567,2024-01-03 14:43:37.472900,ACC001834,ACC002433,13592.13,1,BLOCK,1.0
TXN002859374,2024-01-03 14:43:57.000000,ACC000728,ACC108857,1482.37,0,BLOCK,1.0
TXN002829506,2024-01-03 14:44:07.000000,ACC004373,ACC029862,46.61,0,BLOCK,1.0
TXN002863456,2024-01-03 14:46:15.243010,ACC021862,ACC003806,441.72,1,BLOCK,0.0
TXN002993647,2024-01-03 14:50:35.000000,ACC005598,ACC073518,544.57,0,BLOCK,1.0
TXN002997312,2024-01-03 14:50:45.000000,ACC002125,ACC049445,1414.53,0,BLOCK,1.0
TXN002981617,2024-01-03 14:51:56.000000,ACC050456,ACC001037,38731.68,0,BLOCK,0.0
TXN002890950,2024-01-03 14:54:46.000000,ACC003994,ACC199593,511.84,0,BLOCK,1.0
TXN002836360,2024-01-03 14:55:50.000000,ACC003861,ACC170162,1992.74,0,BLOCK,1.0
TXN002937115,2024-01-03 14:57:31.344003,ACC069689,ACC000474,1725.3,1,BLOCK,0.0
TXN002879750,2024-01-03 14:58:30.000000,ACC005752,ACC032853,3871.11,0,BLOCK,1.0
TXN002826931,2024-01-03 15:00:00.000000,ACC062591,ACC002477,73507.72,0,BLOCK,0.0
TXN002881902,2024-01-03 15:00:00.000000,ACC013457,ACC005799,125426.86,0,BLOCK,0.0
TXN002953248,2024-01-03 15:00:00.000000,ACC006540,ACC001428,110130.81,0,BLOCK,0.0
TXN001252983,2024-01-03 15:00:00.000000,ACC157181,ACC183706,56269.68,0,STEP_UP,0.0
TXN002892153,2024-01-03 15:00:00.000000,ACC116532,ACC001998,130787.07,0,BLOCK,0.0
TXN002949144,2024-01-03 15:00:00.000000,ACC162562,ACC001010,26611.96,0,BLOCK,0.0
TXN002824565,2024-01-03 15:00:00.000000,ACC190242,ACC002427,70836.06,0,BLOCK,0.0
TXN002847248,2024-01-03 15:00:08.338638,ACC005933,ACC121175,46057.65,0,BLOCK,1.0
TXN002850892,2024-01-03 15:02:21.139030,ACC011824,ACC000559,11891.11,1,BLOCK,0.0
TXN003000456,2024-01-03 15:02:25.000000,ACC000690,ACC108064,245.62,0,BLOCK,1.0
TXN002858282,2024-01-03 15:02:28.302492,ACC136120,ACC000089,1140.44,1,BLOCK,0.0
TXN002813920,2024-01-03 15:02:56.774596,ACC004864,ACC001369,87075.52,1,BLOCK,1.0
TXN002984714,2024-01-03 15:04:30.000000,ACC004264,ACC187005,3225.96,0,BLOCK,1.0
TXN002936726,2024-01-03 15:04:59.065661,ACC176130,ACC004221,10231.18,1,BLOCK,0.0
TXN002985108,2024-01-03 15:05:00.000000,ACC002263,ACC027812,201.09,0,BLOCK,1.0
TXN002878672,2024-01-03 15:05:41.000000,ACC002909,ACC148051,4171.45,0,BLOCK,1.0
TXN002955194,2024-01-03 15:05:57.504618,ACC002749,ACC063329,11906.74,0,BLOCK,1.0
TXN002894644,2024-01-03 15:07:47.603549,ACC129633,ACC005892,1140.93,1,BLOCK,0.0
TXN002828198,2024-01-03 15:07:57.072864,ACC017292,ACC005563,950.19,1,BLOCK,0.0
TXN001355512,2024-01-03 15:08:03.852663,ACC148284,ACC015795,30133.24,0,STEP_UP,0.0
TXN002893315,2024-01-03 15:09:27.297655,ACC077894,ACC000222,1270.33,1,BLOCK,0.0
TXN002913280,2024-01-03 15:12:05.437772,ACC129863,ACC003765,13246.5,1,BLOCK,0.0
TXN002854139,2024-01-03 15:13:01.000000,ACC003856,ACC041377,120.97,0,BLOCK,1.0
TXN002833691,2024-01-03 15:13:12.339861,ACC125663,ACC003282,12983.19,1,BLOCK,0.0
TXN002899338,2024-01-03 15:13:37.000000,ACC005181,ACC154115,265.26,0,BLOCK,1.0
TXN002939298,2024-01-03 15:15:21.083603,ACC064297,ACC002000,1690.03,1,BLOCK,0.0
TXN002825642,2024-01-03 15:16:13.684000,ACC005880,ACC196631,168891.81,1,BLOCK,1.0
TXN002992898,2024-01-03 15:19:58.638581,ACC002737,ACC110034,41778.06,0,BLOCK,1.0
TXN002889312,2024-01-03 15:20:16.000000,ACC005411,ACC034878,213.63,0,BLOCK,1.0
TXN002990170,2024-01-03 15:22:21.000000,ACC000571,ACC122308,178.42,0,BLOCK,1.0
TXN002864015,2024-01-03 15:22:38.410714,ACC002507,ACC012299,44230.84,1,BLOCK,1.0
TXN002910358,2024-01-03 15:24:51.422115,ACC029932,ACC003661,12375.64,1,BLOCK,0.0
TXN002939287,2024-01-03 15:27:29.136669,ACC121579,ACC002000,923.31,1,BLOCK,0.0
TXN000484824,2024-01-03 15:29:50.910117,ACC122661,ACC110007,78720.67,0,STEP_UP,0.0
TXN002954633,2024-01-03 15:30:31.636951,ACC004819,ACC002102,135112.18,1,BLOCK,1.0
TXN002984414,2024-01-03 15:31:17.000000,ACC000060,ACC153410,204.12,0,BLOCK,1.0
TXN002865442,2024-01-03 15:31:58.257386,ACC158635,ACC005451,469.9,1,BLOCK,0.0
TXN002933143,2024-01-03 15:32:34.869697,ACC001219,ACC089219,46841.44,1,BLOCK,1.0
TXN002850544,2024-01-03 15:33:47.336739,ACC000020,ACC063740,27454.01,0,BLOCK,1.0
TXN002996250,2024-01-03 15:33:57.207865,ACC194204,ACC003652,797.93,1,BLOCK,0.0
TXN002922261,2024-01-03 15:34:58.890955,ACC001410,ACC113894,22397.06,0,BLOCK,1.0
TXN002844673,2024-01-03 15:35:19.810609,ACC003675,ACC151074,109290.11,1,BLOCK,1.0
TXN002832343,2024-01-03 15:35:54.000000,ACC001604,ACC075974,222.9,0,BLOCK,1.0
TXN002875919,2024-01-03 15:39:19.000000,ACC196761,ACC002591,18820.14,0,BLOCK,0.0
TXN002974240,2024-01-03 15:41:40.000000,ACC070335,ACC003075,39713.11,0,BLOCK,0.0
TXN002889196,2024-01-03 15:41:59.676382,ACC088990,ACC004695,1891.48,1,BLOCK,0.0
TXN002935602,2024-01-03 15:42:33.751105,ACC199434,ACC000810,753.9,1,BLOCK,0.0
TXN002826579,2024-01-03 15:43:23.000000,ACC001764,ACC119059,178.91,0,BLOCK,1.0
TXN002940064,2024-01-03 15:43:35.000000,ACC003226,ACC135964,526.41,0,BLOCK,1.0
TXN002974179,2024-01-03 15:44:06.000000,ACC004229,ACC167986,501.17,0,BLOCK,1.0
TXN002829277,2024-01-03 15:44:32.348117,ACC000218,ACC142742,45594.1,1,BLOCK,1.0
TXN002881367,2024-01-03 15:45:37.281593,ACC160150,ACC001034,258.64,1,BLOCK,0.0
TXN002908695,2024-01-03 15:45:39.089674,ACC195049,ACC000237,10209.89,1,BLOCK,0.0
TXN002883580,2024-01-03 15:48:56.000000,ACC003565,ACC194619,629.6,0,BLOCK,1.0
TXN002852106,2024-01-03 15:49:04.000000,ACC005728,ACC195306,3978.13,0,BLOCK,1.0
TXN002939267,2024-01-03 15:53:42.006920,ACC075210,ACC002000,1962.83,1,BLOCK,0.0
TXN002814063,2024-01-03 15:56:17.000000,ACC004422,ACC182883,623.18,0,BLOCK,1.0
TXN002822543,2024-01-03 15:57:13.000000,ACC000321,ACC172722,273.79,0,BLOCK,1.0
TXN002939128,2024-01-03 15:57:17.942693,ACC001615,ACC006245,62575.07,0,BLOCK,1.0
TXN002917804,2024-01-03 15:57:22.387755,ACC106965,ACC004506,257.89,1,BLOCK,0.0
TXN002972432,2024-01-03 15:58:10.000000,ACC004225,ACC187780,19001.91,0,BLOCK,1.0
TXN002828280,2024-01-03 15:58:19.129014,ACC004987,ACC000800,59302.02,1,BLOCK,1.0
TXN002939273,2024-01-03 15:58:27.259043,ACC187727,ACC002000,1733.58,1,BLOCK,0.0
TXN002855857,2024-01-03 15:58:31.983548,ACC100391,ACC000699,12149.99,1,BLOCK,0.0
TXN002886525,2024-01-03 16:00:00.000000,ACC125370,ACC000572,82237.46,0,BLOCK,0.0
TXN002864909,2024-01-03 16:00:00.000000,ACC030148,ACC005287,51975.17,0,BLOCK,0.0
TXN000899499,2024-01-03 16:00:00.000000,ACC167854,ACC052825,129118.81,0,STEP_UP,0.0
TXN002920629,2024-01-03 16:00:00.000000,ACC071585,ACC003677,96211.57,0,BLOCK,0.0
TXN002791843,2024-01-03 16:00:00.000000,ACC071065,ACC138321,49618.28,0,STEP_UP,0.0
TXN002864801,2024-01-03 16:00:00.000000,ACC137528,ACC003411,37483.74,0,BLOCK,0.0
TXN002565734,2024-01-03 16:00:00.000000,ACC027006,ACC017714,45084.63,0,STEP_UP,0.0
TXN002848394,2024-01-03 16:00:00.000000,ACC127806,ACC000378,121388.98,0,BLOCK,0.0
TXN002870233,2024-01-03 16:00:34.510750,ACC063101,ACC003029,1524.68,1,BLOCK,0.0
TXN002839477,2024-01-03 16:02:21.000000,ACC000692,ACC038361,148.59,0,BLOCK,1.0
TXN002937130,2024-01-03 16:02:44.449047,ACC121492,ACC000474,1396.71,1,BLOCK,0.0
TXN002940415,2024-01-03 16:02:47.000000,ACC001861,ACC121439,27995.6,0,BLOCK,1.0
TXN002954882,2024-01-03 16:03:40.000000,ACC002718,ACC031151,615.46,0,BLOCK,1.0
TXN002889640,2024-01-03 16:04:06.000000,ACC000591,ACC138785,1285.29,0,BLOCK,1.0
TXN002813921,2024-01-03 16:06:12.162921,ACC001369,ACC066610,81246.84,1,BLOCK,1.0
TXN002942874,2024-01-03 16:08:02.000000,ACC003195,ACC096137,1227.62,0,BLOCK,1.0
TXN001730657,2024-01-03 16:09:29.714116,ACC163431,ACC181848,30399.3,0,STEP_UP,0.0
TXN002905642,2024-01-03 16:10:56.000000,ACC004482,ACC027920,2029.6,0,BLOCK,1.0
TXN002852803,2024-01-03 16:12:34.464877,ACC000940,ACC177922,30996.12,0,BLOCK,1.0
TXN002856510,2024-01-03 16:12:49.039908,ACC169029,ACC005360,862.81,1,BLOCK,0.0
TXN002865448,2024-01-03 16:14:15.187067,ACC032227,ACC005451,1579.45,1,BLOCK,0.0
TXN002876945,2024-01-03 16:14:23.000000,ACC000813,ACC104683,726.32,0,BLOCK,1.0
TXN002923808,2024-01-03 16:14:36.000000,ACC000198,ACC097085,5666.45,0,BLOCK,1.0
TXN001528882,2024-01-03 16:15:04.034318,ACC071149,ACC169668,61756.78,0,STEP_UP,0.0
TXN002990771,2024-01-03 16:15:08.513731,ACC032814,ACC004256,12731.73,1,BLOCK,0.0
TXN002971719,2024-01-03 16:15:27.000000,ACC002952,ACC028295,77.01,0,BLOCK,1.0
TXN002863906,2024-01-03 16:16:33.000000,ACC003521,ACC185828,459.17,0,BLOCK,1.0
TXN002920642,2024-01-03 16:16:43.000000,ACC000266,ACC009973,12506.53,0,BLOCK,1.0
TXN002943673,2024-01-03 16:17:15.994712,ACC104890,ACC000397,740.64,1,BLOCK,0.0
TXN002814431,2024-01-03 16:17:20.631276,ACC045032,ACC003449,224.12,1,BLOCK,0.0
TXN002944641,2024-01-03 16:19:49.083670,ACC181434,ACC000537,641.34,1,BLOCK,0.0
TXN002991950,2024-01-03 16:22:12.000000,ACC001706,ACC163815,141.49,0,BLOCK,1.0
TXN002898147,2024-01-03 16:24:04.000000,ACC001269,ACC168331,620.92,0,BLOCK,1.0
TXN002959853,2024-01-03 16:24:20.000000,ACC003865,ACC040347,205.52,0,BLOCK,1.0
TXN002867011,2024-01-03 16:24:32.000000,ACC000904,ACC109607,797.53,0,BLOCK,1.0
TXN002835287,2024-01-03 16:28:06.000000,ACC000135,ACC162265,530.44,0,BLOCK,1.0
TXN002961648,2024-01-03 16:29:24.000000,ACC004654,ACC095778,45193.14,0,BLOCK,1.0
TXN002821048,2024-01-03 16:30:45.000000,ACC005979,ACC150745,1727.66,0,BLOCK,1.0
TXN002921706,2024-01-03 16:32:04.000000,ACC003328,ACC180352,122.26,0,BLOCK,1.0
TXN002913518,2024-01-03 16:32:58.018403,ACC000974,ACC007890,81136.61,0,BLOCK,1.0
TXN002864022,2024-01-03 16:34:36.859670,ACC002507,ACC012299,44059.42,1,BLOCK,1.0
TXN002882727,2024-01-03 16:35:55.000000,ACC006010,ACC048887,1123.94,0,BLOCK,1.0
TXN002882396,2024-01-03 16:37:55.000000,ACC003890,ACC026883,2850.32,0,BLOCK,1.0
TXN002936743,2024-01-03 16:38:37.625282,ACC040700,ACC004221,10020.69,1,BLOCK,0.0
TXN002898040,2024-01-03 16:40:59.000000,ACC001752,ACC153361,1248.73,0,BLOCK,1.0
TXN002970466,2024-01-03 16:44:34.835880,ACC002497,ACC155815,37595.63,0,BLOCK,1.0
TXN002944115,2024-01-03 16:44:54.896297,ACC017056,ACC002686,745.32,1,BLOCK,0.0
TXN003000252,2024-01-03 16:45:12.000000,ACC000379,ACC085916,153.24,0,BLOCK,1.0
TXN002988234,2024-01-03 16:46:53.000000,ACC000337,ACC198419,395.57,0,BLOCK,1.0
TXN002986314,2024-01-03 16:47:17.000000,ACC001790,ACC046366,446.1,0,BLOCK,1.0
TXN002922317,2024-01-03 16:47:52.156600,ACC078901,ACC002211,12684.11,1,BLOCK,0.0
TXN002996076,2024-01-03 16:48:00.201985,ACC153695,ACC004583,902.47,1,BLOCK,0.0
TXN002922262,2024-01-03 16:48:53.451599,ACC001410,ACC117271,26964.86,0,BLOCK,1.0
TXN002936741,2024-01-03 16:50:22.786726,ACC120007,ACC004221,13871.07,1,BLOCK,0.0
TXN002882880,2024-01-03 16:51:20.000000,ACC000707,ACC118427,445.8,0,BLOCK,1.0
TXN001528881,2024-01-03 16:52:02.133297,ACC071149,ACC157800,37556.59,0,STEP_UP,0.0
TXN002925372,2024-01-03 16:52:52.165662,ACC058907,ACC004038,14098.47,1,BLOCK,0.0
TXN002861438,2024-01-03 16:53:20.234137,ACC060339,ACC001889,10973.55,1,BLOCK,0.0
TXN002974627,2024-01-03 16:53:49.000000,ACC000227,ACC014068,64.46,0,BLOCK,1.0
TXN002819908,2024-01-03 16:54:08.000000,ACC002143,ACC152822,199.07,0,BLOCK,1.0
TXN002955193,2024-01-03 16:54:10.207151,ACC002749,ACC086603,9575.49,0,BLOCK,1.0
TXN002889446,2024-01-03 16:54:42.000000,ACC004767,ACC145259,830.9,0,BLOCK,1.0
TXN002916449,2024-01-03 16:59:01.944720,ACC005460,ACC129062,132884.76,1,BLOCK,1.0
TXN002937108,2024-01-03 16:59:47.626086,ACC156148,ACC000474,275.53,1,BLOCK,0.0
TXN002833171,2024-01-03 17:00:00.000000,ACC181602,ACC000795,57252.8,0,BLOCK,0.0
TXN002855243,2024-01-03 17:00:00.000000,ACC143271,ACC001075,32865.12,0,BLOCK,0.0
TXN002861825,2024-01-03 17:00:00.000000,ACC106074,ACC003996,138410.63,0,BLOCK,0.0
TXN002837772,2024-01-03 17:00:00.000000,ACC136112,ACC001805,143589.72,0,BLOCK,0.0
TXN002929264,2024-01-03 17:00:00.000000,ACC053759,ACC003672,43136.59,0,BLOCK,0.0
TXN000664779,2024-01-03 17:00:00.000000,ACC117441,ACC023297,32371.11,0,STEP_UP,0.0
TXN002874349,2024-01-03 17:01:22.000000,ACC002187,ACC056108,480.83,0,BLOCK,1.0
TXN002943664,2024-01-03 17:01:27.339634,ACC049044,ACC000397,1190.74,1,BLOCK,0.0
TXN002850545,2024-01-03 17:01:41.821775,ACC000020,ACC114158,17617.54,0,BLOCK,1.0
TXN002876064,2024-01-03 17:03:30.000000,ACC001120,ACC024877,596.31,0,BLOCK,1.0
TXN002973401,2024-01-03 17:04:48.929628,ACC124483,ACC000327,1059.53,1,BLOCK,0.0
TXN002825295,2024-01-03 17:05:32.988547,ACC126852,ACC005857,1619.6,1,BLOCK,0.0
TXN002845934,2024-01-03 17:05:42.000000,ACC002564,ACC087230,277.75,0,BLOCK,1.0
TXN002832500,2024-01-03 17:06:21.515204,ACC061661,ACC004122,14099.48,1,BLOCK,0.0
TXN002856517,2024-01-03 17:06:53.283891,ACC122721,ACC005360,1421.97,1,BLOCK,0.0
TXN002979415,2024-01-03 17:08:35.000000,ACC002567,ACC113789,93.29,0,BLOCK,1.0
TXN002883583,2024-01-03 17:08:36.000000,ACC003565,ACC182264,148.16,0,BLOCK,1.0
TXN002950724,2024-01-03 17:10:44.000000,ACC003076,ACC035649,10238.86,0,BLOCK,1.0
TXN002942640,2024-01-03 17:14:54.484102,ACC100300,ACC006144,1177.19,1,BLOCK,0.0
TXN002983001,2024-01-03 17:15:29.822350,ACC193673,ACC001874,1249.58,1,BLOCK,0.0
TXN002996253,2024-01-03 17:18:17.302386,ACC200987,ACC003652,1715.28,1,BLOCK,0.0
TXN002606689,2024-01-03 17:18:27.324800,ACC170969,ACC028535,62894.22,0,STEP_UP,0.0
TXN002819705,2024-01-03 17:20:12.378970,ACC019435,ACC001784,12365.26,1,BLOCK,0.0
TXN002858712,2024-01-03 17:21:29.466227,ACC012916,ACC005325,1975.25,1,BLOCK,0.0
TXN002892700,2024-01-03 17:22:19.175797,ACC001797,ACC003854,75234.76,1,BLOCK,1.0
TXN001730655,2024-01-03 17:22:48.967533,ACC163431,ACC181848,34683.47,0,STEP_UP,0.0
TXN002889188,2024-01-03 17:23:22.559927,ACC172684,ACC004695,1036.05,1,BLOCK,0.0
TXN002875655,2024-01-03 17:27:09.984569,ACC111478,ACC001104,1797.14,1,BLOCK,0.0
TXN002895931,2024-01-03 17:27:13.000000,ACC001355,ACC078273,101.9,0,BLOCK,1.0
TXN002827081,2024-01-03 17:33:26.640018,ACC016173,ACC001133,14460.44,1,BLOCK,0.0
TXN002977703,2024-01-03 17:33:35.000000,ACC001041,ACC118214,2299.12,0,BLOCK,1.0
TXN002822143,2024-01-03 17:36:42.000000,ACC004399,ACC010007,1369.27,0,BLOCK,1.0
TXN002905575,2024-01-03 17:37:01.529106,ACC166491,ACC001693,11355.36,1,BLOCK,0.0
TXN002865792,2024-01-03 17:40:36.000000,ACC003347,ACC157292,1934.6,0,BLOCK,1.0
TXN002992038,2024-01-03 17:40:58.000000,ACC199502,ACC000634,55421.18,0,BLOCK,0.0
TXN002967877,2024-01-03 17:42:02.000000,ACC004565,ACC180388,201.47,0,BLOCK,1.0
TXN002983018,2024-01-03 17:45:35.971654,ACC056817,ACC001874,763.96,1,BLOCK,0.0
TXN002936728,2024-01-03 17:46:14.374413,ACC015518,ACC004221,13283.56,1,BLOCK,0.0
TXN000118643,2024-01-03 17:46:56.525964,ACC186585,ACC134434,80527.1,0,STEP_UP,0.0
TXN002946920,2024-01-03 17:47:34.000000,ACC005682,ACC113155,619.79,0,BLOCK,1.0
TXN002877549,2024-01-03 17:47:46.135360,ACC128795,ACC003933,14782.16,1,BLOCK,0.0
TXN002999377,2024-01-03 17:48:25.000000,ACC004596,ACC137445,895.32,0,BLOCK,1.0
TXN002854893,2024-01-03 17:49:22.538422,ACC002956,ACC040510,10495.87,0,BLOCK,1.0
TXN002944646,2024-01-03 17:50:28.435683,ACC170830,ACC000537,1753.1,1,BLOCK,0.0
TXN002907160,2024-01-03 17:51:07.963148,ACC011534,ACC002714,894.04,1,BLOCK,0.0
TXN002961425,2024-01-03 17:51:40.105043,ACC006141,ACC045117,56140.69,0,BLOCK,1.0
TXN002910775,2024-01-03 17:53:13.165524,ACC000849,ACC172188,53115.68,0,BLOCK,1.0
TXN002825290,2024-01-03 17:55:42.331562,ACC049508,ACC005857,861.7,1,BLOCK,0.0
TXN002853209,2024-01-03 17:56:27.526911,ACC128790,ACC005381,408.68,1,BLOCK,0.0
TXN001671838,2024-01-03 17:56:29.810784,ACC184137,ACC020102,64317.57,0,STEP_UP,0.0
TXN002925489,2024-01-03 17:56:51.000000,ACC004510,ACC039042,220.88,0,BLOCK,1.0
TXN002832511,2024-01-03 17:58:30.093316,ACC195970,ACC004122,14628.37,1,BLOCK,0.0
TXN002916984,2024-01-03 17:58:41.395022,ACC014614,ACC002847,1643.76,1,BLOCK,0.0
TXN002901145,2024-01-03 18:00:00.000000,ACC055367,ACC003780,67102.74,0,BLOCK,0.0
TXN002995177,2024-01-03 18:00:00.000000,ACC161325,ACC001007,46977.46,0,BLOCK,0.0
TXN002924281,2024-01-03 18:00:00.000000,ACC177682,ACC004308,25011.54,0,BLOCK,0.0
TXN001777909,2024-01-03 18:00:00.000000,ACC176271,ACC063398,109450.52,0,STEP_UP,0.0
TXN002960426,2024-01-03 18:00:00.000000,ACC120463,ACC001773,67173.88,0,BLOCK,0.0
TXN002856392,2024-01-03 18:00:00.000000,ACC056150,ACC000167,93786.41,0,BLOCK,0.0
TXN002856440,2024-01-03 18:00:00.000000,ACC008953,ACC002942,96305.82,0,BLOCK,0.0
TXN002912864,2024-01-03 18:00:00.000000,ACC178769,ACC001852,85460.38,0,BLOCK,0.0
TXN002940431,2024-01-03 18:00:00.000000,ACC175919,ACC001861,122753.44,0,BLOCK,0.0
TXN001085745,2024-01-03 18:00:00.000000,ACC159541,ACC203337,93499.69,0,STEP_UP,0.0
TXN002875228,2024-01-03 18:00:00.000000,ACC124301,ACC003938,136162.55,0,BLOCK,0.0
TXN002944112,2024-01-03 18:01:29.559213,ACC191244,ACC002686,575.78,1,BLOCK,0.0
TXN002973389,2024-01-03 18:05:01.509952,ACC009414,ACC000327,1653.72,1,BLOCK,0.0
TXN002896711,2024-01-03 18:06:03.000000,ACC000245,ACC076615,131.9,0,BLOCK,1.0
TXN002917803,2024-01-03 18:13:42.726617,ACC194057,ACC004506,1673.31,1,BLOCK,0.0
TXN002916719,2024-01-03 18:14:00.000000,ACC004761,ACC090023,2462.13,0,BLOCK,1.0
TXN002977762,2024-01-03 18:15:19.217283,ACC004278,ACC082588,42199.78,1,BLOCK,1.0
TXN002874875,2024-01-03 18:16:01.915382,ACC002816,ACC012096,66774.67,0,BLOCK,1.0
TXN002916076,2024-01-03 18:19:26.135879,ACC000673,ACC204455,45427.45,1,BLOCK,1.0
TXN002906532,2024-01-03 18:21:14.220852,ACC005032,ACC039750,24680.7,0,BLOCK,1.0
TXN002833957,2024-01-03 18:22:48.862345,ACC005964,ACC164823,218816.56,1,BLOCK,1.0
TXN002919269,2024-01-03 18:23:04.000000,ACC001381,ACC063685,364.92,0,BLOCK,1.0
TXN002941118,2024-01-03 18:24:18.000000,ACC000278,ACC066425,388.43,0,BLOCK,1.0
TXN002889201,2024-01-03 18:27:41.764928,ACC140668,ACC004695,869.1,1,BLOCK,0.0
TXN002919151,2024-01-03 18:29:05.412059,ACC005566,ACC115422,43899.65,1,BLOCK,1.0
TXN002935599,2024-01-03 18:31:00.247723,ACC107498,ACC000810,1977.97,1,BLOCK,0.0
TXN002990332,2024-01-03 18:36:22.000000,ACC002698,ACC106219,97.8,0,BLOCK,1.0
TXN002938315,2024-01-03 18:37:14.000000,ACC000871,ACC103450,715.1,0,BLOCK,1.0
TXN002840095,2024-01-03 18:38:06.255043,ACC065718,ACC006109,1871.44,1,BLOCK,0.0
TXN002969857,2024-01-03 18:39:08.501769,ACC116533,ACC001280,14176.98,1,BLOCK,0.0
TXN002861982,2024-01-03 18:39:49.000000,ACC005737,ACC095548,12990.77,0,BLOCK,1.0
TXN001671839,2024-01-03 18:41:30.442891,ACC184137,ACC168750,64213.53,0,STEP_UP,0.0
TXN002892154,2024-01-03 18:41:40.397435,ACC001998,ACC055643,38253.48,0,BLOCK,1.0
TXN002921600,2024-01-03 18:44:14.000000,ACC002284,ACC063539,759.31,0,BLOCK,1.0
TXN002915303,2024-01-03 18:47:10.551716,ACC000672,ACC031524,11265.3,0,BLOCK,1.0
TXN002861447,2024-01-03 18:48:45.000000,ACC000173,ACC115976,889.91,0,BLOCK,1.0
TXN002815131,2024-01-03 18:50:37.469123,ACC001738,ACC000153,100000.0,1,BLOCK,1.0
TXN002929265,2024-01-03 18:52:52.295634,ACC003672,ACC143279,22215.56,0,BLOCK,1.0
TXN002869072,2024-01-03 18:53:40.000000,ACC003257,ACC187536,179.64,0,BLOCK,1.0
TXN002911562,2024-01-03 18:54:15.000000,ACC003935,ACC201359,3409.86,0,BLOCK,1.0
TXN002891479,2024-01-03 18:54:52.023427,ACC004768,ACC012886,42604.09,1,BLOCK,1.0
TXN002990768,2024-01-03 18:55:53.276046,ACC007742,ACC004256,12122.48,1,BLOCK,0.0
TXN002940304,2024-01-03 18:56:20.000000,ACC002482,ACC012785,2694.89,0,BLOCK,1.0
TXN002891400,2024-01-03 18:57:13.900637,ACC005593,ACC037271,206392.11,1,BLOCK,1.0
TXN002850889,2024-01-03 18:57:38.147817,ACC033384,ACC000559,10144.27,1,BLOCK,0.0
TXN002989226,2024-01-03 19:02:32.000000,ACC000855,ACC075899,451.5,0,BLOCK,1.0
TXN002986852,2024-01-03 19:04:08.000000,ACC000157,ACC060148,1569.01,0,BLOCK,1.0
TXN002996257,2024-01-03 19:05:13.335207,ACC126818,ACC003652,1850.0,1,BLOCK,0.0
TXN002847584,2024-01-03 19:05:19.158933,ACC002458,ACC034122,46929.31,1,BLOCK,1.0
TXN002990769,2024-01-03 19:05:33.926589,ACC180432,ACC004256,13839.46,1,BLOCK,0.0
TXN002974254,2024-01-03 19:05:47.945138,ACC003075,ACC007835,10254.48,0,BLOCK,1.0
TXN002999471,2024-01-03 19:07:48.281703,ACC001679,ACC005714,157046.13,1,BLOCK,1.0
TXN002855948,2024-01-03 19:10:30.000000,ACC000701,ACC026349,174.78,0,BLOCK,1.0
TXN002977761,2024-01-03 19:10:57.407267,ACC004278,ACC007669,42150.1,1,BLOCK,1.0
TXN002894636,2024-01-03 19:11:56.101279,ACC165854,ACC005892,1752.02,1,BLOCK,0.0
TXN002917785,2024-01-03 19:18:03.622078,ACC045715,ACC004506,222.75,1,BLOCK,0.0
TXN002923248,2024-01-03 19:19:11.345464,ACC004704,ACC160185,81066.07,1,BLOCK,1.0
TXN002893314,2024-01-03 19:20:22.644718,ACC107905,ACC000222,1620.77,1,BLOCK,0.0
TXN002944241,2024-01-03 19:24:21.999781,ACC022768,ACC003932,1882.81,1,BLOCK,0.0
TXN002917786,2024-01-03 19:24:31.525100,ACC060913,ACC004506,782.61,1,BLOCK,0.0
TXN002902733,2024-01-03 19:25:46.520668,ACC003105,ACC186241,69187.04,1,BLOCK,1.0
TXN002982995,2024-01-03 19:27:20.639828,ACC056817,ACC001874,1074.01,1,BLOCK,0.0
TXN002848349,2024-01-03 19:28:56.032943,ACC004625,ACC089872,96359.92,0,BLOCK,1.0
TXN002864013,2024-01-03 19:33:31.868729,ACC002507,ACC164746,44061.55,1,BLOCK,1.0
TXN002935259,2024-01-03 19:34:30.000000,ACC003115,ACC079389,122.97,0,BLOCK,1.0
TXN002946501,2024-01-03 19:35:19.000000,ACC001491,ACC064891,8402.51,0,BLOCK,1.0
TXN002983779,2024-01-03 19:36:17.900874,ACC100087,ACC000985,1913.83,1,BLOCK,0.0
TXN002816574,2024-01-03 19:38:36.000000,ACC072328,ACC001262,10553.04,0,BLOCK,0.0
TXN002929267,2024-01-03 19:41:05.463131,ACC003672,ACC072997,22527.6,0,BLOCK,1.0
TXN002931484,2024-01-03 19:41:20.383814,ACC048727,ACC003541,14368.93,1,BLOCK,0.0
TXN001713517,2024-01-03 19:46:47.125524,ACC042120,ACC112835,34404.84,0,STEP_UP,0.0
TXN001153191,2024-01-03 19:50:47.485843,ACC176925,ACC092721,50007.15,0,STEP_UP,0.0
TXN002983002,2024-01-03 19:52:53.366297,ACC145439,ACC001874,528.16,1,BLOCK,0.0
TXN002863460,2024-01-03 19:53:10.255518,ACC074747,ACC003806,1336.82,1,BLOCK,0.0
TXN002875805,2024-01-03 19:54:43.185179,ACC002384,ACC080566,56055.97,1,BLOCK,1.0
TXN002906076,2024-01-03 19:57:41.926888,ACC001810,ACC082430,37312.85,1,BLOCK,1.0
TXN002864623,2024-01-03 19:59:22.000000,ACC032883,ACC001563,13899.51,0,BLOCK,0.0
TXN002864912,2024-01-03 20:03:21.427435,ACC005287,ACC018871,29282.13,0,BLOCK,1.0
TXN002996061,2024-01-03 20:03:34.302047,ACC135200,ACC004583,1572.15,1,BLOCK,0.0
TXN002917014,2024-01-03 20:04:05.090876,ACC033379,ACC002847,213.38,1,BLOCK,0.0
TXN002877534,2024-01-03 20:05:03.881487,ACC180283,ACC003933,11252.51,1,BLOCK,0.0
TXN002920630,2024-01-03 20:09:06.500304,ACC003677,ACC166343,49178.33,0,BLOCK,1.0
TXN002826932,2024-01-03 20:10:22.608851,ACC002477,ACC130850,25301.99,0,BLOCK,1.0
TXN001153190,2024-01-03 20:10:26.769008,ACC176925,ACC185650,51288.11,0,STEP_UP,0.0
TXN002967259,2024-01-03 20:12:56.854151,ACC195518,ACC002203,1904.96,1,BLOCK,0.0
TXN002929532,2024-01-03 20:15:47.164940,ACC001386,ACC116800,56095.72,1,BLOCK,1.0
TXN002994911,2024-01-03 20:16:17.546821,ACC002390,ACC000123,92275.43,1,BLOCK,1.0
TXN002854030,2024-01-03 20:17:02.016210,ACC117563,ACC002077,455.18,1,BLOCK,0.0
TXN002873060,2024-01-03 20:18:46.000000,ACC004406,ACC067124,28405.67,0,BLOCK,1.0
TXN002855244,2024-01-03 20:18:51.432021,ACC001075,ACC023851,17941.52,0,BLOCK,1.0
TXN002995189,2024-01-03 20:22:57.019849,ACC018308,ACC001007,14879.91,1,BLOCK,0.0
TXN002990782,2024-01-03 20:26:13.000000,ACC000960,ACC137220,11536.59,0,BLOCK,1.0
TXN002917345,2024-01-03 20:28:26.153672,ACC031673,ACC001910,12408.49,1,BLOCK,0.0
TXN002917807,2024-01-03 20:28:34.385989,ACC111918,ACC004506,788.06,1,BLOCK,0.0
TXN002814438,2024-01-03 20:29:22.199167,ACC065038,ACC003449,746.6,1,BLOCK,0.0
TXN002877553,2024-01-03 20:29:58.619236,ACC142385,ACC003933,13942.97,1,BLOCK,0.0
TXN002891478,2024-01-03 20:33:49.009945,ACC004768,ACC091650,42928.47,1,BLOCK,1.0
TXN002898143,2024-01-03 20:33:55.642887,ACC004512,ACC121113,74024.54,1,BLOCK,1.0
TXN002982640,2024-01-03 20:34:48.141010,ACC002836,ACC028020,31513.69,0,BLOCK,1.0
TXN002895449,2024-01-03 20:35:21.000000,ACC001703,ACC026785,387.83,0,BLOCK,1.0
TXN002901146,2024-01-03 20:39:11.277385,ACC003780,ACC193279,38923.7,0,BLOCK,1.0
TXN002959091,2024-01-03 20:40:34.839347,ACC056026,ACC001391,318.37,1,BLOCK,0.0
TXN002846938,2024-01-03 20:40:37.533742,ACC152421,ACC001820,14222.1,1,BLOCK,0.0
TXN002907161,2024-01-03 20:41:38.667544,ACC149374,ACC002714,1792.62,1,BLOCK,0.0
TXN002977740,2024-01-03 20:42:01.156845,ACC070498,ACC001041,1487.53,1,BLOCK,0.0
TXN002864018,2024-01-03 20:43:39.955774,ACC002507,ACC131032,44414.98,1,BLOCK,1.0
TXN002996263,2024-01-03 20:44:31.246179,ACC200987,ACC003652,1601.66,1,BLOCK,0.0
TXN002893333,2024-01-03 20:44:58.735023,ACC114779,ACC000222,1890.93,1,BLOCK,0.0
TXN002896491,2024-01-03 20:46:11.000000,ACC003454,ACC024909,1071.02,0,BLOCK,1.0
TXN002858302,2024-01-03 20:48:17.381512,ACC096480,ACC000089,1578.86,1,BLOCK,0.0
TXN001031514,2024-01-03 20:51:00.679467,ACC023579,ACC170491,51650.43,0,STEP_UP,0.0
TXN002828212,2024-01-03 20:53:02.196768,ACC198292,ACC005563,1399.04,1,BLOCK,0.0
TXN002851026,2024-01-03 20:53:46.000000,ACC005701,ACC061191,105.83,0,BLOCK,1.0
TXN002853186,2024-01-03 20:54:21.610893,ACC025097,ACC005381,524.89,1,BLOCK,0.0
TXN002997225,2024-01-03 20:54:31.110296,ACC000688,ACC077577,30287.27,0,BLOCK,1.0
TXN002886527,2024-01-03 20:56:53.041468,ACC000572,ACC046559,26627.96,0,BLOCK,1.0
TXN002915948,2024-01-03 20:59:29.000000,ACC002505,ACC085231,21440.62,0,BLOCK,1.0
TXN002901148,2024-01-03 20:59:29.718074,ACC003780,ACC094252,18655.66,0,BLOCK,1.0
TXN002870231,2024-01-03 21:01:02.779854,ACC011765,ACC003029,1247.98,1,BLOCK,0.0
TXN002853184,2024-01-03 21:01:39.645089,ACC114919,ACC005381,1378.75,1,BLOCK,0.0
TXN002875668,2024-01-03 21:02:00.342219,ACC157503,ACC001104,866.25,1,BLOCK,0.0
TXN002998143,2024-01-03 21:03:56.000000,ACC000027,ACC094888,1398.74,0,BLOCK,1.0
TXN002884684,2024-01-03 21:05:32.481217,ACC001533,ACC069386,13046.5,0,BLOCK,1.0
TXN002837573,2024-01-03 21:07:32.487549,ACC001834,ACC002433,50815.09,1,BLOCK,1.0
TXN002935541,2024-01-03 21:08:01.731372,ACC048126,ACC002624,13990.85,1,BLOCK,0.0
TXN002951551,2024-01-03 21:08:55.890611,ACC100049,ACC001406,12648.33,1,BLOCK,0.0
TXN002840090,2024-01-03 21:10:37.197041,ACC012081,ACC006109,819.53,1,BLOCK,0.0
TXN002228413,2024-01-03 21:10:42.028286,ACC183371,ACC024977,26156.58,0,STEP_UP,0.0
TXN000363842,2024-01-03 21:13:10.818490,ACC084884,ACC068223,73411.06,0,STEP_UP,0.0
TXN002877134,2024-01-03 21:14:41.208292,ACC000392,ACC160653,24399.02,0,BLOCK,1.0
TXN002823280,2024-01-03 21:15:24.000000,ACC002472,ACC073200,909.58,0,BLOCK,1.0
TXN002935613,2024-01-03 21:16:30.770351,ACC050668,ACC000810,1055.15,1,BLOCK,0.0
TXN002889193,2024-01-03 21:16:32.255857,ACC166639,ACC004695,242.99,1,BLOCK,0.0
TXN002914481,2024-01-03 21:20:44.000000,ACC001508,ACC155471,54.59,0,BLOCK,1.0
TXN002881904,2024-01-03 21:25:44.402886,ACC005799,ACC083735,35591.55,0,BLOCK,1.0
TXN002944111,2024-01-03 21:26:09.107774,ACC135166,ACC002686,1119.6,1,BLOCK,0.0
TXN002996238,2024-01-03 21:27:32.753618,ACC179612,ACC003652,515.14,1,BLOCK,0.0
TXN002937119,2024-01-03 21:28:34.128725,ACC103925,ACC000474,773.24,1,BLOCK,0.0
TXN002856441,2024-01-03 21:28:35.176564,ACC002942,ACC151233,35263.44,0,BLOCK,1.0
TXN002858287,2024-01-03 21:29:11.435939,ACC015858,ACC000089,1468.84,1,BLOCK,0.0
TXN002939271,2024-01-03 21:30:58.287149,ACC089765,ACC002000,1537.85,1,BLOCK,0.0
TXN002935630,2024-01-03 21:33:46.741253,ACC096650,ACC000810,829.97,1,BLOCK,0.0
TXN002138365,2024-01-03 21:38:50.892256,ACC060863,ACC175494,26104.27,0,STEP_UP,0.0
TXN002844730,2024-01-03 21:39:40.927406,ACC003748,ACC035385,53588.31,0,BLOCK,1.0
TXN002932269,2024-01-03 21:40:53.547326,ACC127889,ACC005341,11630.3,1,BLOCK,0.0
TXN002873298,2024-01-03 21:42:24.171010,ACC117084,ACC000006,12135.44,1,BLOCK,0.0
TXN002834639,2024-01-03 21:44:40.167366,ACC094507,ACC002483,1120.7,1,BLOCK,0.0
TXN002996071,2024-01-03 21:45:39.126230,ACC089274,ACC004583,1015.37,1,BLOCK,0.0
TXN002897803,2024-01-03 21:45:43.946194,ACC114307,ACC000350,13850.08,1,BLOCK,0.0
TXN002963591,2024-01-03 21:54:37.000000,ACC005162,ACC184433,1370.59,0,BLOCK,1.0
TXN002816580,2024-01-03 21:56:38.567609,ACC001505,ACC002283,100000.0,1,BLOCK,1.0
TXN002985466,2024-01-03 21:59:27.596880,ACC005464,ACC047506,43208.32,1,BLOCK,1.0
TXN002967260,2024-01-03 22:00:06.062799,ACC164652,ACC002203,474.59,1,BLOCK,0.0
TXN002888042,2024-01-03 22:01:25.198606,ACC042305,ACC003611,10238.64,1,BLOCK,0.0
TXN002858049,2024-01-03 22:04:12.802069,ACC003479,ACC088152,169487.92,1,BLOCK,1.0
TXN002894641,2024-01-03 22:04:43.981612,ACC032678,ACC005892,720.71,1,BLOCK,0.0
TXN002933142,2024-01-03 22:04:48.688723,ACC001219,ACC089219,46628.15,1,BLOCK,1.0
TXN002824955,2024-01-03 22:06:45.000000,ACC001438,ACC131934,290.33,0,BLOCK,1.0
TXN002826742,2024-01-03 22:08:30.117618,ACC111124,ACC000965,13510.32,1,BLOCK,0.0
TXN002875807,2024-01-03 22:09:55.051123,ACC002384,ACC080566,56254.17,1,BLOCK,1.0
TXN002881903,2024-01-03 22:11:40.196191,ACC005799,ACC169466,64704.27,0,BLOCK,1.0
TXN002977763,2024-01-03 22:14:37.132158,ACC004278,ACC082588,42347.49,1,BLOCK,1.0
TXN002840086,2024-01-03 22:15:03.206124,ACC059098,ACC006109,921.97,1,BLOCK,0.0
TXN002964528,2024-01-03 22:21:09.179993,ACC000586,ACC037037,35760.79,0,BLOCK,1.0
TXN002901147,2024-01-03 22:23:54.964450,ACC003780,ACC128939,21007.04,0,BLOCK,1.0
TXN002944239,2024-01-03 22:27:00.373779,ACC052830,ACC003932,1842.81,1,BLOCK,0.0
TXN002924845,2024-01-03 22:31:43.879721,ACC069459,ACC002981,10178.12,1,BLOCK,0.0
TXN002819710,2024-01-03 22:34:34.505157,ACC098667,ACC001784,10992.1,1,BLOCK,0.0
TXN002895016,2024-01-03 22:36:34.769422,ACC000088,ACC086675,23294.81,0,BLOCK,1.0
TXN002931477,2024-01-03 22:39:27.051805,ACC035536,ACC003541,12997.41,1,BLOCK,0.0
TXN002861560,2024-01-03 22:40:42.838026,ACC001645,ACC010476,37219.91,1,BLOCK,1.0
TXN002858717,2024-01-03 22:41:34.281754,ACC029964,ACC005325,1784.9,1,BLOCK,0.0
TXN002949147,2024-01-03 22:42:25.523907,ACC001010,ACC027044,16881.99,0,BLOCK,1.0
TXN002871751,2024-01-03 22:43:23.126128,ACC085373,ACC000762,14590.69,1,BLOCK,0.0
TXN002840082,2024-01-03 22:44:48.729106,ACC088708,ACC006109,875.53,1,BLOCK,0.0
TXN002937117,2024-01-03 22:45:08.689649,ACC176571,ACC000474,795.71,1,BLOCK,0.0
TXN001153189,2024-01-03 22:47:02.434032,ACC176925,ACC026590,69805.86,0,STEP_UP,0.0
TXN002929266,2024-01-03 22:48:42.668264,ACC003672,ACC182501,17728.36,0,BLOCK,1.0
TXN002917007,2024-01-03 22:49:10.494919,ACC076563,ACC002847,225.94,1,BLOCK,0.0
TXN002964530,2024-01-03 22:49:25.164115,ACC000586,ACC080861,39650.81,0,BLOCK,1.0
TXN002856393,2024-01-03 22:51:14.606146,ACC000167,ACC109682,28538.9,0,BLOCK,1.0
TXN002873308,2024-01-03 22:51:26.228655,ACC106757,ACC000006,12290.26,1,BLOCK,0.0
TXN002864014,2024-01-03 22:51:36.358948,ACC002507,ACC144681,44334.18,1,BLOCK,1.0
TXN002124070,2024-01-03 22:52:18.349105,ACC075758,ACC143094,67021.79,0,STEP_UP,0.0
TXN002939129,2024-01-03 22:53:01.789593,ACC001615,ACC081256,65361.22,0,BLOCK,1.0
TXN002864016,2024-01-03 22:53:44.266199,ACC002507,ACC082219,44159.17,1,BLOCK,1.0
TXN002983771,2024-01-03 22:54:22.278364,ACC058505,ACC000985,929.49,1,BLOCK,0.0
TXN002897672,2024-01-03 22:55:13.595491,ACC002657,ACC005618,12888.45,1,BLOCK,1.0
TXN002949145,2024-01-03 22:56:38.230319,ACC001010,ACC138213,17993.72,0,BLOCK,1.0
TXN002944642,2024-01-03 23:01:29.331113,ACC181434,ACC000537,1201.85,1,BLOCK,0.0
TXN002935628,2024-01-03 23:04:51.719757,ACC051833,ACC000810,1679.67,1,BLOCK,0.0
TXN002925693,2024-01-03 23:06:23.000000,ACC004178,ACC110108,832.0,0,BLOCK,1.0
TXN002850546,2024-01-03 23:07:19.019717,ACC000020,ACC118498,31486.89,0,BLOCK,1.0
TXN002943672,2024-01-03 23:12:56.495034,ACC078914,ACC000397,468.47,1,BLOCK,0.0
TXN002940433,2024-01-03 23:13:39.355717,ACC001861,ACC051386,57485.11,0,BLOCK,1.0
TXN002923542,2024-01-03 23:19:01.000000,ACC002426,ACC149039,143.2,0,BLOCK,1.0
TXN002974255,2024-01-03 23:19:26.743603,ACC003075,ACC121164,12955.17,0,BLOCK,1.0
TXN002916079,2024-01-03 23:21:49.759302,ACC000673,ACC204455,45474.87,1,BLOCK,1.0
TXN002944631,2024-01-03 23:22:01.607123,ACC116414,ACC000537,1169.8,1,BLOCK,0.0
TXN002988083,2024-01-03 23:22:35.966186,ACC179278,ACC003554,1368.54,1,BLOCK,0.0
TXN002847586,2024-01-03 23:23:41.063561,ACC002458,ACC192888,46661.66,1,BLOCK,1.0
TXN002833958,2024-01-03 23:24:56.749420,ACC005964,ACC164823,98152.67,1,BLOCK,1.0
TXN002969389,2024-01-03 23:25:08.000000,ACC003617,ACC064435,222.69,0,BLOCK,1.0
TXN002855845,2024-01-03 23:25:33.339032,ACC204298,ACC000699,11099.21,1,BLOCK,0.0
TXN002833909,2024-01-03 23:27:15.689683,ACC002881,ACC192214,63115.2,1,BLOCK,1.0
TXN002910774,2024-01-03 23:27:59.873191,ACC000849,ACC095696,39694.0,0,BLOCK,1.0
TXN002421022,2024-01-03 23:32:37.124287,ACC044523,ACC149618,50562.76,0,STEP_UP,0.0
TXN002922321,2024-01-03 23:33:47.871733,ACC177108,ACC002211,12487.8,1,BLOCK,0.0
TXN002916617,2024-01-03 23:35:18.470920,ACC112450,ACC001181,382.1,1,BLOCK,0.0
TXN002960657,2024-01-03 23:36:28.473061,ACC001640,ACC049411,39783.57,0,BLOCK,1.0
TXN002888040,2024-01-03 23:36:55.988810,ACC033970,ACC003611,12628.25,1,BLOCK,0.0
TXN002817176,2024-01-03 23:40:08.949947,ACC004961,ACC056533,19932.84,0,BLOCK,1.0
TXN002889191,2024-01-03 23:42:11.545810,ACC176772,ACC004695,1379.05,1,BLOCK,0.0
TXN002959102,2024-01-03 23:42:48.515860,ACC035565,ACC001391,1053.71,1,BLOCK,0.0
TXN002840091,2024-01-03 23:43:18.282760,ACC106333,ACC006109,442.31,1,BLOCK,0.0
TXN002837574,2024-01-03 23:47:45.919300,ACC002433,ACC098206,49309.13,1,BLOCK,1.0
TXN002865436,2024-01-03 23:49:42.771918,ACC111223,ACC005451,1013.55,1,BLOCK,0.0
TXN002857111,2024-01-03 23:49:58.889027,ACC001261,ACC075840,60366.98,0,BLOCK,1.0
TXN002826739,2024-01-03 23:52:07.687793,ACC172228,ACC000965,11844.12,1,BLOCK,0.0
TXN002856521,2024-01-03 23:55:32.107925,ACC067952,ACC005360,1745.26,1,BLOCK,0.0
TXN001355513,2024-01-03 23:57:57.846378,ACC148284,ACC140094,44539.75,0,STEP_UP,0.0
TXN002825356,2024-01-03 23:59:38.000000,ACC002579,ACC146235,1721.33,0,BLOCK,1.0
TXN002828822,2024-01-04 00:00:00.000000,ACC000149,ACC006078,63680.23,1,BLOCK,0.613
TXN002961910,2024-01-04 00:00:00.000000,ACC004265,ACC004627,114097.95,1,BLOCK,1.0
TXN002858078,2024-01-04 00:00:00.000000,ACC002504,ACC000865,78321.83,1,BLOCK,1.0
TXN002991619,2024-01-04 00:00:00.000000,ACC002753,ACC002904,184569.69,1,BLOCK,1.0
TXN002814941,2024-01-04 00:00:00.000000,ACC001679,ACC000648,18473.39,1,BLOCK,1.0
TXN002965092,2024-01-04 00:00:00.000000,ACC000286,ACC005499,74308.17,1,BLOCK,1.0
TXN002934443,2024-01-04 00:00:00.000000,ACC003545,ACC004211,74354.97,1,BLOCK,1.0
TXN002938137,2024-01-04 00:00:00.000000,ACC000202,ACC002265,56763.55,1,BLOCK,1.0
TXN002857014,2024-01-04 00:00:00.000000,ACC001091,ACC001180,21197.77,1,BLOCK,1.0
TXN002983645,2024-01-04 00:00:00.000000,ACC003098,ACC002307,99450.1,1,BLOCK,1.0
TXN002822534,2024-01-04 00:00:00.000000,ACC004004,ACC001719,76169.93,1,BLOCK,1.0
TXN002944172,2024-01-04 00:00:00.000000,ACC004749,ACC001544,87248.48,1,BLOCK,1.0
TXN002886826,2024-01-04 00:00:00.000000,ACC004170,ACC005492,85850.71,1,BLOCK,1.0
TXN002951221,2024-01-04 00:00:00.000000,ACC004289,ACC002237,34676.82,1,BLOCK,1.0
TXN002871376,2024-01-04 00:00:00.000000,ACC005189,ACC004800,182722.27,1,BLOCK,1.0
TXN002855079,2024-01-04 00:00:00.000000,ACC005921,ACC004428,82937.38,1,BLOCK,1.0
TXN002829492,2024-01-04 00:00:00.000000,ACC003705,ACC005503,126720.49,1,BLOCK,1.0
TXN002926854,2024-01-04 00:00:00.000000,ACC004342,ACC003611,100000.0,1,BLOCK,1.0
TXN002881263,2024-01-04 00:00:00.000000,ACC003991,ACC044736,39099.92,1,BLOCK,1.0
TXN002860152,2024-01-04 00:00:00.000000,ACC002113,ACC004946,29708.98,1,BLOCK,1.0
TXN002911901,2024-01-04 00:00:00.000000,ACC003061,ACC002527,72338.36,1,BLOCK,1.0
TXN002923211,2024-01-04 00:00:00.000000,ACC000562,ACC000078,38541.88,1,BLOCK,1.0
TXN002816725,2024-01-04 00:00:00.000000,ACC000260,ACC005394,12885.58,1,BLOCK,1.0
TXN002899306,2024-01-04 00:00:00.000000,ACC000401,ACC003701,92156.04,1,BLOCK,1.0
TXN002838812,2024-01-04 00:00:00.000000,ACC002369,ACC001523,91638.61,1,BLOCK,1.0
TXN002998753,2024-01-04 00:00:00.000000,ACC005370,ACC097187,45066.16,1,BLOCK,1.0
TXN002877015,2024-01-04 00:00:00.000000,ACC003215,ACC003833,46285.01,1,BLOCK,1.0
TXN002828202,2024-01-04 00:01:31.363356,ACC126842,ACC005563,1281.09,1,BLOCK,0.0
TXN002925388,2024-01-04 00:02:23.543884,ACC070448,ACC004038,10456.02,1,BLOCK,0.0
TXN002916987,2024-01-04 00:02:52.164451,ACC041034,ACC002847,966.92,1,BLOCK,0.0
TXN002955320,2024-01-04 00:04:17.790473,ACC005576,ACC165831,71002.89,0,BLOCK,1.0
TXN002970256,2024-01-04 00:04:43.303106,ACC002963,ACC042286,53891.42,0,BLOCK,0.985
TXN002983016,2024-01-04 00:08:20.363095,ACC145439,ACC001874,1718.07,1,BLOCK,0.0
TXN002910371,2024-01-04 00:09:32.927578,ACC003661,ACC013936,48967.34,1,BLOCK,1.0
TXN002884683,2024-01-04 00:11:22.565840,ACC001533,ACC203958,14513.05,0,BLOCK,1.0
TXN002960427,2024-01-04 00:11:27.676993,ACC001773,ACC013101,26559.51,0,BLOCK,1.0
TXN002970465,2024-01-04 00:11:29.967402,ACC002497,ACC034383,18946.19,0,BLOCK,1.0
TXN002996536,2024-01-04 00:12:53.986311,ACC203080,ACC000754,1948.92,1,BLOCK,0.0
TXN002900843,2024-01-04 00:13:23.850355,ACC157903,ACC001623,12570.94,1,BLOCK,0.0
TXN002912865,2024-01-04 00:13:50.102864,ACC001852,ACC093740,50478.54,0,BLOCK,1.0
TXN002989620,2024-01-04 00:14:27.777118,ACC004663,ACC016280,79933.38,0,BLOCK,1.0
TXN002824568,2024-01-04 00:15:23.020455,ACC002427,ACC183657,41009.31,0,BLOCK,1.0
TXN001587089,2024-01-04 00:15:47.909773,ACC173554,ACC154081,27652.79,0,STEP_UP,0.0
TXN002997673,2024-01-04 00:15:54.244981,ACC073441,ACC001617,14519.04,1,BLOCK,0.0
TXN002995193,2024-01-04 00:16:07.197195,ACC159639,ACC001007,13048.31,1,BLOCK,0.0
TXN002919368,2024-01-04 00:21:19.124068,ACC064938,ACC004648,11798.66,1,BLOCK,0.0
TXN002833172,2024-01-04 00:21:35.941953,ACC000795,ACC161326,18488.19,0,BLOCK,1.0
TXN002817177,2024-01-04 00:21:54.909854,ACC004961,ACC134252,20578.85,0,BLOCK,1.0
TXN000294132,2024-01-04 00:22:37.281018,ACC180030,ACC182264,28300.53,0,STEP_UP,0.0
TXN002898197,2024-01-04 00:23:52.596193,ACC002065,ACC052907,11246.28,0,BLOCK,1.0
TXN002937116,2024-01-04 00:27:03.263596,ACC107577,ACC000474,274.92,1,BLOCK,0.0
TXN002939189,2024-01-04 00:30:06.007978,ACC174941,ACC000587,12694.54,1,BLOCK,0.0
TXN002858715,2024-01-04 00:33:05.521625,ACC029964,ACC005325,400.77,1,BLOCK,0.0
TXN002976439,2024-01-04 00:33:54.993639,ACC103840,ACC004332,12236.89,1,BLOCK,0.0
TXN002846954,2024-01-04 00:34:02.602408,ACC094046,ACC001820,11135.35,1,BLOCK,0.0
TXN002920507,2024-01-04 00:34:30.764120,ACC013931,ACC004963,12682.6,1,BLOCK,0.0
TXN002900852,2024-01-04 00:35:09.592076,ACC195277,ACC001623,13550.18,1,BLOCK,0.0
TXN002822535,2024-01-04 00:38:28.288749,ACC001719,ACC062729,73803.63,1,BLOCK,1.0
TXN002900850,2024-01-04 00:39:57.400993,ACC195277,ACC001623,12559.97,1,BLOCK,0.0
TXN002923444,2024-01-04 00:41:57.772203,ACC078972,ACC004052,11092.74,1,BLOCK,0.0
TXN002955789,2024-01-04 00:42:33.308043,ACC163963,ACC004416,14275.01,1,BLOCK,0.0
TXN000294131,2024-01-04 00:43:08.058212,ACC180030,ACC066193,37038.5,0,STEP_UP,0.0
TXN002834650,2024-01-04 00:44:14.627722,ACC189329,ACC002483,928.85,1,BLOCK,0.0
TXN000902129,2024-01-04 00:44:43.950742,ACC146845,ACC178068,89172.26,0,STEP_UP,0.0
TXN002884685,2024-01-04 00:49:58.688404,ACC001533,ACC024979,13661.99,0,BLOCK,1.0
TXN002933144,2024-01-04 00:50:24.447723,ACC001219,ACC064844,46851.11,1,BLOCK,1.0
TXN002846774,2024-01-04 00:53:00.000000,ACC002301,ACC036433,7095.9,0,BLOCK,1.0
TXN002919387,2024-01-04 00:54:15.172828,ACC004648,ACC161284,71956.26,1,BLOCK,1.0
TXN000902130,2024-01-04 00:55:32.369433,ACC146845,ACC105021,57262.99,0,STEP_UP,0.0
TXN002935620,2024-01-04 01:01:31.507639,ACC067056,ACC000810,1529.24,1,BLOCK,0.0
TXN002920516,2024-01-04 01:02:27.146398,ACC134505,ACC004963,14035.44,1,BLOCK,0.0
TXN002998754,2024-01-04 01:04:55.723204,ACC005370,ACC053910,45293.77,1,BLOCK,1.0
TXN002845068,2024-01-04 01:05:52.536934,ACC053411,ACC002758,10867.13,1,BLOCK,0.0
TXN002939270,2024-01-04 01:06:02.325904,ACC029842,ACC002000,991.55,1,BLOCK,0.0
TXN002813913,2024-01-04 01:08:37.928545,ACC001369,ACC066610,46711.42,1,BLOCK,1.0
TXN002959094,2024-01-04 01:08:38.351897,ACC153301,ACC001391,1417.35,1,BLOCK,0.0
TXN002997665,2024-01-04 01:08:42.290953,ACC135051,ACC001617,10000.52,1,BLOCK,0.0
TXN002827080,2024-01-04 01:09:01.290903,ACC016173,ACC001133,12146.36,1,BLOCK,0.0
TXN002950226,2024-01-04 01:14:12.090041,ACC035996,ACC002982,12850.27,1,BLOCK,0.0
TXN002857112,2024-01-04 01:15:37.122441,ACC001261,ACC111810,80211.64,0,BLOCK,1.0
TXN002919374,2024-01-04 01:21:56.436377,ACC026156,ACC004648,12233.58,1,BLOCK,0.0
TXN002879665,2024-01-04 01:29:14.917994,ACC003338,ACC003896,91679.09,1,BLOCK,1.0
TXN002858294,2024-01-04 01:30:40.591211,ACC203676,ACC000089,1753.37,1,BLOCK,0.0
TXN002917015,2024-01-04 01:32:11.409798,ACC204372,ACC002847,396.12,1,BLOCK,0.0
TXN002969867,2024-01-04 01:33:39.016743,ACC001615,ACC004925,76087.17,1,BLOCK,1.0
TXN002955322,2024-01-04 01:34:38.255024,ACC005576,ACC132181,40968.8,0,BLOCK,1.0
TXN002995191,2024-01-04 01:34:51.974668,ACC122908,ACC001007,11752.21,1,BLOCK,0.0
TXN002919372,2024-01-04 01:35:14.663655,ACC064938,ACC004648,11068.95,1,BLOCK,0.0
TXN002861601,2024-01-04 01:36:48.637457,ACC113472,ACC002295,12872.67,1,BLOCK,0.0
TXN002902734,2024-01-04 01:37:46.543388,ACC003279,ACC003105,96412.84,1,BLOCK,1.0
TXN002846951,2024-01-04 01:41:53.539924,ACC152421,ACC001820,10373.4,1,BLOCK,0.0
TXN002944119,2024-01-04 01:42:41.810748,ACC093176,ACC002686,1003.22,1,BLOCK,0.0
TXN000657800,2024-01-04 01:46:25.377553,ACC070274,ACC135287,35329.13,0,STEP_UP,0.0
TXN002840094,2024-01-04 01:47:27.770411,ACC160495,ACC006109,525.14,1,BLOCK,0.0
TXN002817019,2024-01-04 01:49:34.903107,ACC041248,ACC004613,12321.81,1,BLOCK,0.0
TXN002907153,2024-01-04 01:49:43.475769,ACC185332,ACC002714,1619.4,1,BLOCK,0.0
TXN002983646,2024-01-04 01:51:35.659098,ACC002307,ACC101386,94652.23,1,BLOCK,1.0
TXN002815776,2024-01-04 01:51:58.692224,ACC002525,ACC002083,45743.65,1,BLOCK,1.0
TXN002928780,2024-01-04 01:53:53.445994,ACC002141,ACC181256,42557.31,0,BLOCK,1.0
TXN002892743,2024-01-04 01:54:17.000000,ACC002196,ACC022428,2984.64,0,BLOCK,1.0
TXN002920521,2024-01-04 01:54:56.568422,ACC190916,ACC004963,11297.88,1,BLOCK,0.0
TXN002920518,2024-01-04 01:55:22.729927,ACC162984,ACC004963,12050.22,1,BLOCK,0.0
TXN001528880,2024-01-04 01:56:28.205565,ACC071149,ACC064786,74428.89,0,STEP_UP,0.0
TXN002861828,2024-01-04 01:56:59.085518,ACC003996,ACC106074,85177.6,0,BLOCK,1.0
TXN002976430,2024-01-04 01:57:01.074433,ACC089230,ACC004332,12629.01,1,BLOCK,0.0
TXN002919153,2024-01-04 01:57:07.448720,ACC005566,ACC085900,44012.06,1,BLOCK,1.0
TXN002940432,2024-01-04 01:57:20.340419,ACC001861,ACC150827,70298.64,0,BLOCK,1.0
TXN002829280,2024-01-04 01:58:38.711250,ACC000218,ACC050227,45560.38,1,BLOCK,1.0
TXN002964461,2024-01-04 02:01:29.330095,ACC204630,ACC000496,10199.75,1,BLOCK,0.0
TXN002905542,2024-01-04 02:10:56.313492,ACC059881,ACC005039,11995.82,1,BLOCK,0.0
TXN002825678,2024-01-04 02:11:42.228345,ACC003697,ACC004491,56069.29,1,BLOCK,1.0
TXN002833351,2024-01-04 02:11:48.467508,ACC087952,ACC004968,1120.39,1,BLOCK,0.0
TXN002915192,2024-01-04 02:12:30.356531,ACC004524,ACC001082,79507.78,1,BLOCK,1.0
TXN002828196,2024-01-04 02:12:41.671264,ACC083805,ACC005563,409.81,1,BLOCK,0.0
TXN002992896,2024-01-04 02:12:51.304285,ACC002737,ACC044039,52521.54,0,BLOCK,1.0
TXN002863428,2024-01-04 02:12:59.663788,ACC118344,ACC003806,1721.79,1,BLOCK,0.0
TXN002965093,2024-01-04 02:13:40.311225,ACC005499,ACC071906,70482.13,1,BLOCK,1.0
TXN002920510,2024-01-04 02:13:50.934332,ACC149688,ACC004963,12108.13,1,BLOCK,0.0
TXN002907820,2024-01-04 02:14:05.565084,ACC053247,ACC002742,932.0,1,BLOCK,0.0
TXN002853206,2024-01-04 02:17:00.624440,ACC025097,ACC005381,380.15,1,BLOCK,0.0
TXN002996236,2024-01-04 02:17:37.882480,ACC115235,ACC003652,641.1,1,BLOCK,0.0
TXN002884669,2024-01-04 02:23:57.806602,ACC001824,ACC105384,33657.9,1,BLOCK,1.0
TXN002947565,2024-01-04 02:24:21.692187,ACC129636,ACC003002,13917.08,1,BLOCK,0.0
TXN002975500,2024-01-04 02:28:25.714006,ACC038959,ACC003842,14375.73,1,BLOCK,0.0
TXN002856513,2024-01-04 02:28:34.312570,ACC174802,ACC005360,408.71,1,BLOCK,0.0
TXN002939272,2024-01-04 02:29:30.753357,ACC029842,ACC002000,491.36,1,BLOCK,0.0
TXN000456208,2024-01-04 02:32:11.776524,ACC168206,ACC028014,46877.01,0,STEP_UP,0.0
TXN002943063,2024-01-04 02:32:22.778767,ACC098988,ACC000041,11592.75,1,BLOCK,0.0
TXN002877136,2024-01-04 02:34:04.908147,ACC000392,ACC160653,50317.74,0,BLOCK,1.0
TXN002944097,2024-01-04 02:34:07.027937,ACC061591,ACC002686,1221.11,1,BLOCK,0.0
TXN002907807,2024-01-04 02:34:30.378916,ACC163186,ACC002742,1148.24,1,BLOCK,0.0
TXN002833355,2024-01-04 02:37:02.695102,ACC096739,ACC004968,758.94,1,BLOCK,0.0
TXN002920509,2024-01-04 02:38:03.016608,ACC118933,ACC004963,10571.61,1,BLOCK,0.0
TXN000456210,2024-01-04 02:38:13.776506,ACC168206,ACC187929,26721.32,0,STEP_UP,0.0
TXN002900845,2024-01-04 02:43:36.138978,ACC168736,ACC001623,11031.3,1,BLOCK,0.0
TXN002919373,2024-01-04 02:45:13.145507,ACC183041,ACC004648,11747.61,1,BLOCK,0.0
TXN002825679,2024-01-04 02:46:14.327509,ACC004491,ACC098539,51791.41,1,BLOCK,1.0
TXN000363840,2024-01-04 02:46:43.045918,ACC084884,ACC039909,54901.27,0,STEP_UP,0.0
TXN002853208,2024-01-04 02:47:36.396207,ACC080077,ACC005381,1896.96,1,BLOCK,0.0
TXN002960655,2024-01-04 02:48:27.056482,ACC001640,ACC145542,34869.33,0,BLOCK,1.0
TXN002856394,2024-01-04 02:48:58.591199,ACC000167,ACC148898,44992.54,0,BLOCK,1.0
TXN002916620,2024-01-04 02:49:25.848292,ACC020204,ACC001181,696.05,1,BLOCK,0.0
TXN002920515,2024-01-04 02:52:04.086231,ACC104257,ACC004963,11870.46,1,BLOCK,0.0
TXN002865702,2024-01-04 02:52:14.766729,ACC017340,ACC004011,13999.73,1,BLOCK,0.0
TXN000139581,2024-01-04 02:54:14.456650,ACC122335,ACC132887,30904.49,0,STEP_UP,0.0
TXN002959085,2024-01-04 02:54:35.956236,ACC035565,ACC001391,1886.94,1,BLOCK,0.0
TXN002843617,2024-01-04 02:54:53.494107,ACC050706,ACC003919,12909.76,1,BLOCK,0.0
TXN002877172,2024-01-04 02:55:07.000000,ACC000306,ACC161612,829.92,0,BLOCK,1.0
TXN002919383,2024-01-04 02:55:46.856657,ACC183041,ACC004648,10341.91,1,BLOCK,0.0
TXN002950225,2024-01-04 02:56:34.393215,ACC052528,ACC002982,12275.98,1,BLOCK,0.0
TXN002953250,2024-01-04 02:57:16.612503,ACC001428,ACC122088,39329.55,0,BLOCK,1.0
TXN002814440,2024-01-04 02:57:37.050520,ACC045032,ACC003449,1490.59,1,BLOCK,0.0
TXN002864802,2024-01-04 02:57:37.359735,ACC003411,ACC061424,19054.23,0,BLOCK,1.0
TXN002905561,2024-01-04 02:57:49.980407,ACC055063,ACC005039,11471.25,1,BLOCK,0.0
TXN002881369,2024-01-04 02:59:15.318062,ACC195205,ACC001034,1874.89,1,BLOCK,0.0
TXN002881386,2024-01-04 03:08:26.708268,ACC167124,ACC001034,1617.09,1,BLOCK,0.0
TXN002919388,2024-01-04 03:11:32.156731,ACC004648,ACC161284,47646.51,1,BLOCK,1.0
TXN002997669,2024-01-04 03:14:13.771171,ACC101344,ACC001617,14976.52,1,BLOCK,0.0
TXN002946131,2024-01-04 03:16:33.643156,ACC151776,ACC002266,1079.25,1,BLOCK,0.0
TXN002951548,2024-01-04 03:20:53.224662,ACC192399,ACC001406,11050.64,1,BLOCK,0.0
TXN002721587,2024-01-04 03:21:20.784353,ACC185420,ACC054876,56294.07,0,STEP_UP,0.0
TXN002944250,2024-01-04 03:23:06.489653,ACC141940,ACC003932,1333.64,1,BLOCK,0.0
TXN002957987,2024-01-04 03:25:37.513504,ACC141234,ACC003464,13578.11,1,BLOCK,0.0
TXN002997675,2024-01-04 03:28:20.617104,ACC011150,ACC001617,10689.71,1,BLOCK,0.0
TXN002840096,2024-01-04 03:31:23.340508,ACC059127,ACC006109,295.81,1,BLOCK,0.0
TXN002997679,2024-01-04 03:34:10.410728,ACC023606,ACC001617,11831.39,1,BLOCK,0.0
TXN002721588,2024-01-04 03:34:29.448741,ACC185420,ACC115824,83039.61,0,STEP_UP,0.0
TXN002817020,2024-01-04 03:35:24.544482,ACC117540,ACC004613,13588.08,1,BLOCK,0.0
TXN002981269,2024-01-04 03:37:08.182885,ACC034448,ACC005970,11140.36,1,BLOCK,0.0
TXN002959006,2024-01-04 03:38:36.559687,ACC002491,ACC015726,20687.59,0,BLOCK,1.0
TXN002939292,2024-01-04 03:38:47.144668,ACC032819,ACC002000,1589.11,1,BLOCK,0.0
TXN002840105,2024-01-04 03:40:25.916456,ACC159508,ACC006109,439.0,1,BLOCK,0.0
TXN002853203,2024-01-04 03:41:44.053724,ACC113335,ACC005381,1042.87,1,BLOCK,0.0
TXN002891234,2024-01-04 03:43:02.000000,ACC005313,ACC072970,1828.66,0,BLOCK,1.0
TXN002867457,2024-01-04 03:43:32.756591,ACC003997,ACC124813,39562.3,0,BLOCK,1.0
TXN000363841,2024-01-04 03:46:39.769841,ACC084884,ACC022666,57136.88,0,STEP_UP,0.0
TXN002939182,2024-01-04 03:49:23.525550,ACC102684,ACC000587,14693.93,1,BLOCK,0.0
TXN002915193,2024-01-04 03:50:36.572723,ACC001082,ACC107422,76198.47,1,BLOCK,1.0
TXN002837773,2024-01-04 03:54:47.151134,ACC001805,ACC075502,86730.59,0,BLOCK,1.0
TXN002881264,2024-01-04 03:56:13.677542,ACC003991,ACC144847,39248.43,1,BLOCK,1.0
TXN002981338,2024-01-04 03:57:31.350918,ACC001936,ACC191496,27261.92,1,BLOCK,1.0
TXN002942626,2024-01-04 03:58:06.928043,ACC047606,ACC006144,1917.7,1,BLOCK,0.0
TXN002964463,2024-01-04 04:00:26.139551,ACC048865,ACC000496,13313.05,1,BLOCK,0.0
TXN002998757,2024-01-04 04:01:48.809208,ACC005370,ACC155678,45339.32,1,BLOCK,1.0
TXN002921475,2024-01-04 04:02:20.000000,ACC005467,ACC107643,477.14,0,BLOCK,1.0
TXN002998759,2024-01-04 04:03:31.806324,ACC005370,ACC097187,45090.34,1,BLOCK,1.0
TXN002719990,2024-01-04 04:07:37.099405,ACC029131,ACC006450,41037.92,0,STEP_UP,0.0
TXN002932280,2024-01-04 04:08:09.093986,ACC005341,ACC105773,51492.81,1,BLOCK,1.0
TXN002907172,2024-01-04 04:09:59.710327,ACC092049,ACC002714,1179.04,1,BLOCK,0.0
TXN002882839,2024-01-04 04:12:04.602289,ACC004953,ACC115674,40175.94,0,BLOCK,1.0
TXN002935611,2024-01-04 04:13:10.216050,ACC112888,ACC000810,214.03,1,BLOCK,0.0
TXN002995178,2024-01-04 04:13:14.120922,ACC001007,ACC189040,21045.61,0,BLOCK,1.0
TXN002902735,2024-01-04 04:14:50.366792,ACC003105,ACC186241,90391.66,1,BLOCK,1.0
TXN002815132,2024-01-04 04:15:56.203684,ACC000153,ACC004930,174406.42,1,BLOCK,1.0
TXN002953251,2024-01-04 04:17:11.927273,ACC001428,ACC069729,56283.73,0,BLOCK,1.0
TXN002953249,2024-01-04 04:18:01.143086,ACC001428,ACC122088,40004.88,0,BLOCK,1.0
TXN000745327,2024-01-04 04:18:26.029145,ACC064940,ACC061307,28444.85,0,STEP_UP,0.0
TXN002913517,2024-01-04 04:19:23.537113,ACC000974,ACC159828,55744.78,0,BLOCK,1.0
TXN002960656,2024-01-04 04:23:18.830186,ACC001640,ACC006536,68787.33,0,BLOCK,1.0
TXN002995185,2024-01-04 04:26:01.000091,ACC018308,ACC001007,11746.94,1,BLOCK,0.0
TXN002915190,2024-01-04 04:27:05.054082,ACC004524,ACC001082,41603.04,1,BLOCK,1.0
TXN002925100,2024-01-04 04:30:08.000000,ACC004044,ACC064508,4324.62,0,BLOCK,1.0
TXN002899335,2024-01-04 04:31:00.000000,ACC005181,ACC074400,10151.37,0,BLOCK,1.0
TXN002919371,2024-01-04 04:31:35.918452,ACC096114,ACC004648,13041.73,1,BLOCK,0.0
TXN002814435,2024-01-04 04:32:30.900282,ACC176482,ACC003449,1819.62,1,BLOCK,0.0
TXN002973392,2024-01-04 04:34:22.162646,ACC022466,ACC000327,1984.47,1,BLOCK,0.0
TXN002875666,2024-01-04 04:36:41.098621,ACC032744,ACC001104,827.7,1,BLOCK,0.0
TXN002955791,2024-01-04 04:38:12.033808,ACC024283,ACC004416,13614.53,1,BLOCK,0.0
TXN002886827,2024-01-04 04:38:14.014816,ACC005492,ACC041874,81023.34,1,BLOCK,1.0
TXN002973412,2024-01-04 04:38:33.868810,ACC091424,ACC000327,723.27,1,BLOCK,0.0
TXN000657798,2024-01-04 04:40:01.281008,ACC070274,ACC006870,50781.65,0,STEP_UP,0.0
TXN002999472,2024-01-04 04:41:42.422555,ACC005714,ACC003047,100000.0,1,BLOCK,1.0
TXN001587090,2024-01-04 04:43:57.961372,ACC173554,ACC093428,25567.72,0,STEP_UP,0.0
TXN000745328,2024-01-04 04:44:50.623293,ACC064940,ACC078749,42479.96,0,STEP_UP,0.0
TXN002924283,2024-01-04 04:45:26.654014,ACC004308,ACC114698,7265.18,0,BLOCK,1.0
TXN002944252,2024-01-04 04:49:10.772847,ACC063845,ACC003932,1457.72,1,BLOCK,0.0
TXN002848395,2024-01-04 04:50:38.350736,ACC000378,ACC187470,57428.72,0,BLOCK,1.0
TXN002817022,2024-01-04 04:53:30.160955,ACC024916,ACC004613,11932.17,1,BLOCK,0.0
TXN002950223,2024-01-04 04:56:00.126824,ACC063135,ACC002982,14088.01,1,BLOCK,0.0
TXN002996538,2024-01-04 04:56:36.420463,ACC149998,ACC000754,233.98,1,BLOCK,0.0
TXN002919379,2024-01-04 04:56:40.797962,ACC050934,ACC004648,12464.75,1,BLOCK,0.0
TXN002829493,2024-01-04 05:00:25.304482,ACC005503,ACC000784,100000.0,1,BLOCK,1.0
TXN002954518,2024-01-04 05:00:51.261555,ACC000176,ACC005954,96344.66,1,BLOCK,1.0
TXN002855080,2024-01-04 05:01:33.116895,ACC004428,ACC077700,77699.11,1,BLOCK,1.0
TXN002919384,2024-01-04 05:02:28.031127,ACC044137,ACC004648,11061.15,1,BLOCK,0.0
TXN002917811,2024-01-04 05:02:56.415636,ACC171108,ACC004506,1422.12,1,BLOCK,0.0
TXN002846959,2024-01-04 05:04:01.932483,ACC001820,ACC075898,77575.69,1,BLOCK,1.0
TXN002912866,2024-01-04 05:04:09.337227,ACC001852,ACC178769,47954.92,0,BLOCK,1.0
TXN002824566,2024-01-04 05:05:27.204389,ACC002427,ACC189740,39012.2,0,BLOCK,1.0
TXN002944634,2024-01-04 05:06:04.947646,ACC062347,ACC000537,901.71,1,BLOCK,0.0
TXN002924284,2024-01-04 05:07:27.801203,ACC004308,ACC177682,15054.78,0,BLOCK,1.0
TXN002964527,2024-01-04 05:08:25.245316,ACC000586,ACC056703,25449.41,0,BLOCK,1.0
TXN002998755,2024-01-04 05:12:20.600179,ACC005370,ACC140912,45210.64,1,BLOCK,1.0
TXN002935607,2024-01-04 05:14:52.083045,ACC070522,ACC000810,1233.68,1,BLOCK,0.0
TXN002825299,2024-01-04 05:15:41.018994,ACC151135,ACC005857,1096.28,1,BLOCK,0.0
TXN002840099,2024-01-04 05:17:33.878805,ACC032503,ACC006109,636.86,1,BLOCK,0.0
TXN002915191,2024-01-04 05:17:57.341951,ACC001082,ACC107422,40764.27,1,BLOCK,1.0
TXN002990778,2024-01-04 05:20:27.214500,ACC004256,ACC136530,121357.14,1,BLOCK,1.0
TXN002992897,2024-01-04 05:20:59.831125,ACC002737,ACC118464,50038.79,0,BLOCK,1.0
TXN002932279,2024-01-04 05:21:32.399105,ACC005341,ACC105773,102063.3,1,BLOCK,1.0
TXN002944106,2024-01-04 05:30:11.594101,ACC093176,ACC002686,1694.77,1,BLOCK,0.0
TXN002861827,2024-01-04 05:34:32.622444,ACC003996,ACC194419,42242.69,0,BLOCK,1.0
TXN002920523,2024-01-04 05:35:34.465355,ACC004963,ACC008701,63493.04,1,BLOCK,1.0
TXN002907165,2024-01-04 05:37:18.341254,ACC126384,ACC002714,1310.53,1,BLOCK,0.0
TXN002983757,2024-01-04 05:40:55.077895,ACC072731,ACC000985,780.37,1,BLOCK,0.0
TXN002973395,2024-01-04 05:41:50.435007,ACC167829,ACC000327,358.52,1,BLOCK,0.0
TXN002921625,2024-01-04 05:42:51.470028,ACC002284,ACC062196,47628.51,0,BLOCK,1.0
TXN002834643,2024-01-04 05:45:02.747058,ACC092949,ACC002483,1384.33,1,BLOCK,0.0
TXN002981250,2024-01-04 05:45:18.385901,ACC048864,ACC005970,11233.59,1,BLOCK,0.0
TXN002950229,2024-01-04 05:47:38.280470,ACC151490,ACC002982,11633.5,1,BLOCK,0.0
TXN002870217,2024-01-04 05:51:12.762071,ACC131878,ACC003029,437.07,1,BLOCK,0.0
TXN002828218,2024-01-04 05:51:16.312066,ACC181160,ACC005563,960.97,1,BLOCK,0.0
TXN002943047,2024-01-04 05:53:52.680328,ACC145349,ACC000041,14159.66,1,BLOCK,0.0
TXN002967251,2024-01-04 05:54:15.613727,ACC079363,ACC002203,379.62,1,BLOCK,0.0
TXN002919378,2024-01-04 05:57:09.085905,ACC044638,ACC004648,11491.21,1,BLOCK,0.0
TXN002871758,2024-01-04 05:57:39.289927,ACC052328,ACC000762,10906.02,1,BLOCK,0.0
TXN002913278,2024-01-04 05:58:05.109391,ACC079628,ACC003765,13690.18,1,BLOCK,0.0
TXN002992284,2024-01-04 05:58:13.048926,ACC150337,ACC000341,1770.99,1,BLOCK,0.0
TXN002983774,2024-01-04 05:59:37.471802,ACC100087,ACC000985,1333.59,1,BLOCK,0.0
TXN002830603,2024-01-04 06:04:23.000000,ACC004676,ACC160180,1852.8,0,BLOCK,1.0
TXN002891480,2024-01-04 06:05:04.496118,ACC004768,ACC127958,42820.86,1,BLOCK,1.0
TXN002944632,2024-01-04 06:05:23.206522,ACC161692,ACC000537,1048.64,1,BLOCK,0.0
TXN002982989,2024-01-04 06:08:30.675886,ACC056817,ACC001874,279.52,1,BLOCK,0.0
TXN002828823,2024-01-04 06:09:24.609950,ACC006078,ACC001071,61769.82,1,BLOCK,1.0
TXN002858303,2024-01-04 06:17:05.623840,ACC183513,ACC000089,339.88,1,BLOCK,0.0
TXN002991620,2024-01-04 06:18:47.200165,ACC002904,ACC001051,179032.59,1,BLOCK,1.0
TXN002988093,2024-01-04 06:18:59.837787,ACC018082,ACC003554,400.31,1,BLOCK,0.0
TXN002894646,2024-01-04 06:24:02.811417,ACC012690,ACC005892,308.71,1,BLOCK,0.0
TXN002893331,2024-01-04 06:25:46.749985,ACC101068,ACC000222,1167.69,1,BLOCK,0.0
TXN002997682,2024-01-04 06:27:36.215851,ACC203889,ACC001617,10050.43,1,BLOCK,0.0
TXN002843620,2024-01-04 06:28:35.371088,ACC120127,ACC003919,13220.37,1,BLOCK,0.0
TXN002848396,2024-01-04 06:31:39.959142,ACC000378,ACC183207,66370.91,0,BLOCK,1.0
TXN002938138,2024-01-04 06:34:05.711938,ACC002265,ACC170595,54109.9,1,BLOCK,1.0
TXN002992560,2024-01-04 06:34:14.378900,ACC066790,ACC003912,11518.72,1,BLOCK,0.0
TXN002831414,2024-01-04 06:35:05.961190,ACC119528,ACC001939,11856.92,1,BLOCK,0.0
TXN000657799,2024-01-04 06:35:16.274729,ACC070274,ACC006870,30209.05,0,STEP_UP,0.0
TXN002853202,2024-01-04 06:36:54.511821,ACC145369,ACC005381,1686.35,1,BLOCK,0.0
TXN002817175,2024-01-04 06:36:58.117914,ACC004961,ACC021381,22053.12,0,BLOCK,1.0
TXN002870227,2024-01-04 06:37:11.785045,ACC172285,ACC003029,1372.47,1,BLOCK,0.0
TXN002872086,2024-01-04 06:39:46.018905,ACC131830,ACC003204,1024.02,1,BLOCK,0.0
TXN002853189,2024-01-04 06:40:47.895144,ACC054853,ACC005381,1879.88,1,BLOCK,0.0
TXN002949146,2024-01-04 06:41:18.607710,ACC001010,ACC047725,7764.74,0,BLOCK,1.0
TXN002865446,2024-01-04 06:47:41.781310,ACC040346,ACC005451,389.75,1,BLOCK,0.0
TXN002897804,2024-01-04 06:49:03.225825,ACC101772,ACC000350,14689.75,1,BLOCK,0.0
TXN002839664,2024-01-04 06:50:35.000000,ACC003511,ACC049412,160.24,0,BLOCK,1.0
TXN002983760,2024-01-04 06:56:09.468576,ACC101090,ACC000985,1936.44,1,BLOCK,0.0
TXN002944246,2024-01-04 06:56:42.009357,ACC066929,ACC003932,619.68,1,BLOCK,0.0
TXN002915302,2024-01-04 06:57:37.770764,ACC000672,ACC044019,9024.46,0,BLOCK,1.0
TXN002898196,2024-01-04 06:59:19.154501,ACC002065,ACC180968,11382.96,0,STEP_UP,1.0
TXN002935608,2024-01-04 06:59:34.721655,ACC096650,ACC000810,356.25,1,BLOCK,0.0
TXN002967255,2024-01-04 06:59:55.527689,ACC190944,ACC002203,743.27,1,BLOCK,0.0
TXN002856515,2024-01-04 07:01:33.244083,ACC120640,ACC005360,1291.41,1,BLOCK,0.0
TXN002889786,2024-01-04 07:03:18.000000,ACC003281,ACC077305,499.65,0,BLOCK,1.0
TXN002826443,2024-01-04 07:06:52.000000,ACC001114,ACC133733,1855.3,0,BLOCK,1.0
TXN002877016,2024-01-04 07:08:00.976273,ACC003833,ACC165029,45341.95,1,BLOCK,1.0
TXN002824567,2024-01-04 07:08:56.543942,ACC002427,ACC026330,23313.65,0,BLOCK,1.0
TXN002921626,2024-01-04 07:08:58.597197,ACC002284,ACC189921,39603.06,0,BLOCK,1.0
TXN002966239,2024-01-04 07:09:21.000000,ACC000694,ACC070403,3444.26,0,BLOCK,1.0
TXN002910369,2024-01-04 07:10:27.645672,ACC168931,ACC003661,11693.36,1,BLOCK,0.0
TXN002846706,2024-01-04 07:12:09.000000,ACC004632,ACC010525,347.63,0,BLOCK,1.0
TXN002992772,2024-01-04 07:13:34.000000,ACC143115,ACC003335,11895.51,0,BLOCK,0.0
TXN002871377,2024-01-04 07:15:19.116384,ACC004800,ACC001352,177240.6,1,BLOCK,1.0
TXN002917891,2024-01-04 07:15:42.000000,ACC003582,ACC085398,112.85,0,BLOCK,1.0
TXN002881265,2024-01-04 07:18:34.480016,ACC003991,ACC112955,39449.57,1,BLOCK,1.0
TXN002897814,2024-01-04 07:18:43.440054,ACC123288,ACC000350,12112.64,1,BLOCK,0.0
TXN002977769,2024-01-04 07:19:56.941145,ACC004278,ACC127881,42139.89,1,BLOCK,1.0
TXN002817878,2024-01-04 07:20:38.000000,ACC001862,ACC064911,4369.94,0,BLOCK,1.0
TXN002982641,2024-01-04 07:20:44.290698,ACC002836,ACC038431,31971.1,0,BLOCK,1.0
TXN002917787,2024-01-04 07:22:05.110296,ACC116987,ACC004506,1799.4,1,BLOCK,0.0
TXN002821428,2024-01-04 07:23:33.000000,ACC004019,ACC053290,442.72,0,BLOCK,1.0
TXN002923212,2024-01-04 07:23:50.841783,ACC000078,ACC003124,37385.62,1,BLOCK,1.0
TXN002439551,2024-01-04 07:24:52.394367,ACC137102,ACC021942,26850.56,0,STEP_UP,0.0
TXN002950222,2024-01-04 07:25:11.551081,ACC026211,ACC002982,12787.11,1,BLOCK,0.0
TXN002915154,2024-01-04 07:25:50.000000,ACC001089,ACC126486,111.73,0,BLOCK,1.0
TXN002868751,2024-01-04 07:27:05.134439,ACC004406,ACC004757,92799.39,1,BLOCK,1.0
TXN002858716,2024-01-04 07:27:06.466296,ACC070510,ACC005325,229.65,1,BLOCK,0.0
TXN002845070,2024-01-04 07:27:07.091223,ACC080091,ACC002758,12962.23,1,BLOCK,0.0
TXN002917806,2024-01-04 07:27:12.185174,ACC107734,ACC004506,287.3,1,BLOCK,0.0
TXN002900932,2024-01-04 07:28:40.000000,ACC003301,ACC129737,2497.63,0,BLOCK,1.0
TXN002864020,2024-01-04 07:31:12.869758,ACC002507,ACC189804,44319.88,1,BLOCK,1.0
TXN002935605,2024-01-04 07:32:30.547458,ACC142509,ACC000810,1935.87,1,BLOCK,0.0
TXN002814443,2024-01-04 07:33:55.185019,ACC055408,ACC003449,943.32,1,BLOCK,0.0
TXN002957988,2024-01-04 07:34:06.045479,ACC141234,ACC003464,11635.78,1,BLOCK,0.0
TXN002817503,2024-01-04 07:35:16.000000,ACC005525,ACC045785,498.38,0,BLOCK,1.0
TXN002899736,2024-01-04 07:35:26.000000,ACC143029,ACC004244,15141.81,0,BLOCK,0.0
TXN002863621,2024-01-04 07:35:51.000000,ACC003884,ACC198236,3017.04,0,BLOCK,1.0
TXN002894647,2024-01-04 07:39:22.324298,ACC009224,ACC005892,1402.77,1,BLOCK,0.0
TXN002929706,2024-01-04 07:39:42.000000,ACC005863,ACC082060,815.72,0,BLOCK,1.0
TXN002228414,2024-01-04 07:39:49.100319,ACC183371,ACC182776,35158.0,0,STEP_UP,0.0
TXN002818963,2024-01-04 07:40:59.000000,ACC003518,ACC060387,764.4,0,BLOCK,1.0
TXN002899307,2024-01-04 07:41:37.743892,ACC003701,ACC001715,89391.36,1,BLOCK,1.0
TXN002872066,2024-01-04 07:41:52.027946,ACC178506,ACC003204,1718.13,1,BLOCK,0.0
TXN002905588,2024-01-04 07:42:05.266194,ACC105772,ACC001693,11482.49,1,BLOCK,0.0
TXN002856365,2024-01-04 07:42:15.000000,ACC002690,ACC112656,2329.09,0,BLOCK,1.0
TXN002439549,2024-01-04 07:43:44.303663,ACC137102,ACC126994,31094.29,0,STEP_UP,0.0
TXN002997007,2024-01-04 07:46:13.000000,ACC004155,ACC204047,651.42,0,BLOCK,1.0
TXN002828200,2024-01-04 07:46:23.011438,ACC112489,ACC005563,1380.17,1,BLOCK,0.0
TXN002907148,2024-01-04 07:47:22.415508,ACC126384,ACC002714,1669.72,1,BLOCK,0.0
TXN002826575,2024-01-04 07:48:37.000000,ACC001764,ACC181789,246.28,0,BLOCK,1.0
TXN002953428,2024-01-04 07:49:01.000000,ACC000015,ACC076713,943.46,0,BLOCK,1.0
TXN002933152,2024-01-04 07:49:03.616789,ACC001219,ACC129356,46637.65,1,BLOCK,1.0
TXN002885915,2024-01-04 07:49:09.000000,ACC001319,ACC084467,7362.73,0,BLOCK,1.0
TXN002825300,2024-01-04 07:49:54.524790,ACC049508,ACC005857,886.39,1,BLOCK,0.0
TXN002857015,2024-01-04 07:52:00.493760,ACC001180,ACC063646,20720.21,1,BLOCK,1.0
TXN002982859,2024-01-04 07:52:16.000000,ACC000502,ACC175134,6305.09,0,BLOCK,1.0
TXN002935612,2024-01-04 07:53:15.891186,ACC112888,ACC000810,1580.7,1,BLOCK,0.0
TXN002885290,2024-01-04 07:56:31.212877,ACC000327,ACC001698,52486.0,1,BLOCK,1.0
TXN002964158,2024-01-04 07:57:41.000000,ACC000145,ACC143114,735.84,0,BLOCK,1.0
TXN002819720,2024-01-04 08:00:00.000000,ACC001784,ACC069611,154877.08,1,BLOCK,1.0
TXN002962787,2024-01-04 08:00:00.000000,ACC000552,ACC021840,169050.2,1,BLOCK,1.0
TXN002912106,2024-01-04 08:00:00.000000,ACC004773,ACC006248,147238.0,1,BLOCK,1.0
TXN002975172,2024-01-04 08:00:00.000000,ACC007438,ACC003664,73860.53,0,BLOCK,0.0
TXN000422811,2024-01-04 08:00:00.000000,ACC099095,ACC138073,92058.76,0,STEP_UP,0.0
TXN002945191,2024-01-04 08:00:00.000000,ACC197734,ACC005885,141041.95,0,BLOCK,0.0
TXN002873310,2024-01-04 08:00:00.000000,ACC000006,ACC121384,191580.52,1,BLOCK,1.0
TXN002855860,2024-01-04 08:00:00.000000,ACC000699,ACC033907,146422.61,1,BLOCK,1.0
TXN000177230,2024-01-04 08:00:00.000000,ACC145450,ACC165624,125685.98,0,STEP_UP,0.0
TXN002904127,2024-01-04 08:00:00.000000,ACC006096,ACC064331,151523.23,1,BLOCK,1.0
TXN002942423,2024-01-04 08:00:00.000000,ACC024670,ACC003225,149247.37,0,BLOCK,0.0
TXN002508391,2024-01-04 08:00:00.000000,ACC185916,ACC050798,36983.66,0,STEP_UP,0.0
TXN002955689,2024-01-04 08:00:00.000000,ACC200227,ACC000777,115223.84,0,BLOCK,0.0
TXN002861445,2024-01-04 08:00:00.000000,ACC001889,ACC143097,183532.2,1,BLOCK,1.0
TXN001436578,2024-01-04 08:00:00.000000,ACC140384,ACC180750,96879.16,0,STEP_UP,0.0
TXN002938596,2024-01-04 08:00:00.000000,ACC002449,ACC133251,128018.84,1,BLOCK,1.0
TXN002898271,2024-01-04 08:00:00.000000,ACC004689,ACC104572,138773.43,1,BLOCK,1.0
TXN002833709,2024-01-04 08:00:00.000000,ACC003282,ACC186963,161831.4,1,BLOCK,1.0
TXN002922335,2024-01-04 08:00:00.000000,ACC002211,ACC036525,170874.54,1,BLOCK,1.0
TXN002826755,2024-01-04 08:00:00.000000,ACC000965,ACC136659,152461.04,1,BLOCK,1.0
TXN002917356,2024-01-04 08:00:00.000000,ACC001910,ACC173756,120068.62,1,BLOCK,1.0
TXN002925768,2024-01-04 08:00:00.000000,ACC003975,ACC166658,184293.17,1,BLOCK,1.0
TXN002888044,2024-01-04 08:00:00.000000,ACC003611,ACC063166,139396.48,1,BLOCK,1.0
TXN002889133,2024-01-04 08:03:15.422192,ACC171030,ACC005810,11540.8,1,BLOCK,0.0
TXN002913287,2024-01-04 08:06:17.729755,ACC104726,ACC003765,14209.46,1,BLOCK,0.0
TXN002935540,2024-01-04 08:06:32.340991,ACC048126,ACC002624,13384.86,1,BLOCK,0.0
TXN002961635,2024-01-04 08:08:15.000000,ACC003964,ACC200825,895.54,0,BLOCK,1.0
TXN002877055,2024-01-04 08:09:35.000000,ACC001454,ACC107800,379.86,0,BLOCK,1.0
TXN002885539,2024-01-04 08:09:36.000000,ACC000633,ACC158428,525.75,0,BLOCK,1.0
TXN002956241,2024-01-04 08:10:17.000000,ACC102913,ACC005984,14653.76,0,BLOCK,0.0
TXN002815431,2024-01-04 08:11:29.000000,ACC006147,ACC077394,624.66,0,BLOCK,1.0
TXN002928779,2024-01-04 08:11:39.573839,ACC002141,ACC182341,47226.58,0,BLOCK,1.0
TXN002815016,2024-01-04 08:11:47.000000,ACC005945,ACC044960,142.32,0,BLOCK,1.0
TXN002959083,2024-01-04 08:12:48.952286,ACC100030,ACC001391,577.45,1,BLOCK,0.0
TXN002864021,2024-01-04 08:13:46.083379,ACC002507,ACC144681,44100.56,1,BLOCK,1.0
TXN002975501,2024-01-04 08:14:51.212699,ACC038959,ACC003842,13172.3,1,BLOCK,0.0
TXN002868752,2024-01-04 08:16:12.920238,ACC004757,ACC195131,88410.97,1,BLOCK,1.0
TXN002845885,2024-01-04 08:16:30.000000,ACC000476,ACC030464,3536.48,0,BLOCK,1.0
TXN002995270,2024-01-04 08:16:34.000000,ACC005141,ACC083287,406.94,0,BLOCK,1.0
TXN000294133,2024-01-04 08:16:46.607611,ACC180030,ACC073208,25963.54,0,STEP_UP,0.0
TXN002840085,2024-01-04 08:17:36.217248,ACC052504,ACC006109,1266.15,1,BLOCK,0.0
TXN002944635,2024-01-04 08:19:21.438082,ACC160007,ACC000537,1869.65,1,BLOCK,0.0
TXN002814439,2024-01-04 08:19:31.099994,ACC133845,ACC003449,570.11,1,BLOCK,0.0
TXN002996070,2024-01-04 08:20:51.757810,ACC072017,ACC004583,270.43,1,BLOCK,0.0
TXN002932274,2024-01-04 08:22:05.560491,ACC172960,ACC005341,13868.0,1,BLOCK,0.0
TXN002944100,2024-01-04 08:24:48.056765,ACC093176,ACC002686,340.06,1,BLOCK,0.0
TXN002987803,2024-01-04 08:25:20.000000,ACC004902,ACC171181,583.31,0,BLOCK,1.0
TXN002971062,2024-01-04 08:30:25.000000,ACC003619,ACC136506,13182.42,0,BLOCK,1.0
TXN002814942,2024-01-04 08:31:13.847661,ACC000648,ACC182785,17818.31,1,BLOCK,1.0
TXN002837555,2024-01-04 08:32:10.000000,ACC002433,ACC121805,724.05,0,BLOCK,1.0
TXN002924282,2024-01-04 08:33:22.460717,ACC004308,ACC163788,9014.63,0,BLOCK,1.0
TXN002917774,2024-01-04 08:34:28.000000,ACC004506,ACC048219,362.69,0,BLOCK,1.0
TXN002930340,2024-01-04 08:35:13.000000,ACC000398,ACC190898,1120.66,0,BLOCK,1.0
TXN002917011,2024-01-04 08:37:51.622354,ACC024355,ACC002847,920.87,1,BLOCK,0.0
TXN002887745,2024-01-04 08:38:31.000000,ACC002997,ACC073644,519.7,0,BLOCK,1.0
TXN002865016,2024-01-04 08:38:47.000000,ACC001097,ACC066295,3268.17,0,BLOCK,1.0
TXN002911902,2024-01-04 08:39:50.040918,ACC002527,ACC005179,70168.21,1,BLOCK,1.0
TXN002854733,2024-01-04 08:40:21.000000,ACC002174,ACC171598,2278.33,0,BLOCK,1.0
TXN002853195,2024-01-04 08:40:54.888866,ACC074514,ACC005381,437.51,1,BLOCK,0.0
TXN002917008,2024-01-04 08:44:36.805345,ACC125614,ACC002847,1545.24,1,BLOCK,0.0
TXN002946674,2024-01-04 08:46:22.000000,ACC001442,ACC072046,63.53,0,BLOCK,1.0
TXN002825301,2024-01-04 08:47:31.409992,ACC151135,ACC005857,912.86,1,BLOCK,0.0
TXN002894654,2024-01-04 08:48:02.783179,ACC202882,ACC005892,1417.66,1,BLOCK,0.0
TXN002944639,2024-01-04 08:49:01.427579,ACC116414,ACC000537,1096.36,1,BLOCK,0.0
TXN002994912,2024-01-04 08:49:23.896252,ACC000123,ACC146279,89802.66,1,BLOCK,1.0
TXN002990833,2024-01-04 08:49:44.000000,ACC001233,ACC142640,456.48,0,BLOCK,1.0
TXN002988086,2024-01-04 08:49:52.006433,ACC030823,ACC003554,1653.24,1,BLOCK,0.0
TXN002983776,2024-01-04 08:53:07.410686,ACC041018,ACC000985,414.58,1,BLOCK,0.0
TXN002826933,2024-01-04 08:54:14.173309,ACC002477,ACC015858,48268.22,0,BLOCK,1.0
TXN002816581,2024-01-04 08:54:57.851413,ACC002283,ACC001262,100000.0,1,BLOCK,1.0
TXN002832509,2024-01-04 08:55:38.402977,ACC140906,ACC004122,11319.36,1,BLOCK,0.0
TXN002908866,2024-01-04 08:56:07.000000,ACC001152,ACC087747,95.46,0,BLOCK,1.0
TXN002828030,2024-01-04 08:56:25.503444,ACC082291,ACC002071,14142.25,1,BLOCK,0.0
TXN002790907,2024-01-04 09:00:00.000000,ACC188844,ACC059918,32164.17,0,STEP_UP,0.0
TXN002910049,2024-01-04 09:00:00.000000,ACC007794,ACC003934,23315.59,0,BLOCK,0.0
TXN002965543,2024-01-04 09:00:00.000000,ACC050948,ACC003872,133210.37,0,BLOCK,0.0
TXN002943114,2024-01-04 09:00:00.000000,ACC156624,ACC005910,79450.69,0,BLOCK,0.0
TXN002857241,2024-01-04 09:00:00.000000,ACC154252,ACC005834,68943.5,0,BLOCK,0.0
TXN002959485,2024-01-04 09:00:00.000000,ACC104286,ACC005197,88471.03,0,BLOCK,0.0
TXN002968629,2024-01-04 09:00:00.000000,ACC062125,ACC005010,30015.78,0,BLOCK,0.0
TXN002969085,2024-01-04 09:00:00.000000,ACC100305,ACC000466,52730.98,0,BLOCK,0.0
TXN002883462,2024-01-04 09:00:00.000000,ACC142235,ACC003046,82464.32,0,BLOCK,0.0
TXN000712725,2024-01-04 09:00:00.000000,ACC138511,ACC152465,36572.25,0,STEP_UP,0.0
TXN002888681,2024-01-04 09:00:00.000000,ACC071218,ACC005928,105740.52,0,BLOCK,0.0
TXN002917754,2024-01-04 09:00:00.000000,ACC128336,ACC000883,138014.13,0,BLOCK,0.0
TXN002882044,2024-01-04 09:00:18.000000,ACC004668,ACC057873,5465.77,0,BLOCK,1.0
TXN002874128,2024-01-04 09:00:41.000000,ACC004497,ACC138985,445.53,0,BLOCK,1.0
TXN002946135,2024-01-04 09:03:35.497221,ACC180296,ACC002266,1513.86,1,BLOCK,0.0
TXN002938564,2024-01-04 09:03:50.000000,ACC002449,ACC044959,235.64,0,BLOCK,1.0
TXN002895669,2024-01-04 09:03:56.216036,ACC135756,ACC003723,14679.41,1,BLOCK,0.0
TXN002870079,2024-01-04 09:04:17.000000,ACC006018,ACC112488,2001.3,0,BLOCK,1.0
TXN002998758,2024-01-04 09:05:21.605603,ACC005370,ACC155678,45336.71,1,BLOCK,1.0
TXN002946120,2024-01-04 09:08:01.745431,ACC039075,ACC002266,534.19,1,BLOCK,0.0
TXN002878206,2024-01-04 09:08:20.000000,ACC002132,ACC155896,21.37,0,BLOCK,1.0
TXN002865706,2024-01-04 09:08:57.630575,ACC185898,ACC004011,11175.46,1,BLOCK,0.0
TXN002834481,2024-01-04 09:09:07.000000,ACC004424,ACC027752,3235.97,0,BLOCK,1.0
TXN001031513,2024-01-04 09:10:47.937027,ACC023579,ACC091354,52314.05,0,STEP_UP,0.0
TXN002998756,2024-01-04 09:11:33.346902,ACC005370,ACC140912,45237.92,1,BLOCK,1.0
TXN002948272,2024-01-04 09:11:43.000000,ACC003831,ACC178995,228.91,0,BLOCK,1.0
TXN002945194,2024-01-04 09:12:18.614261,ACC005885,ACC111856,62880.54,0,BLOCK,1.0
TXN002854034,2024-01-04 09:12:49.660452,ACC036009,ACC002077,1874.47,1,BLOCK,0.0
TXN002861607,2024-01-04 09:15:09.829261,ACC172600,ACC002295,11197.86,1,BLOCK,0.0
TXN002978239,2024-01-04 09:15:36.000000,ACC001692,ACC109126,5881.78,0,BLOCK,1.0
TXN002828219,2024-01-04 09:16:19.078509,ACC153476,ACC005563,525.8,1,BLOCK,0.0
TXN002996252,2024-01-04 09:16:22.321010,ACC009908,ACC003652,301.54,1,BLOCK,0.0
TXN002870229,2024-01-04 09:16:27.027469,ACC135400,ACC003029,568.31,1,BLOCK,0.0
TXN002825298,2024-01-04 09:19:49.252449,ACC051422,ACC005857,1702.64,1,BLOCK,0.0
TXN002857812,2024-01-04 09:22:19.000000,ACC003455,ACC197302,732.87,0,BLOCK,1.0
TXN002995331,2024-01-04 09:23:11.000000,ACC003767,ACC168360,939.27,0,BLOCK,1.0
TXN002916532,2024-01-04 09:24:59.000000,ACC002637,ACC144475,1383.26,0,BLOCK,1.0
TXN002963629,2024-01-04 09:27:04.000000,ACC003757,ACC020785,5248.58,0,BLOCK,1.0
TXN002905580,2024-01-04 09:27:49.185962,ACC137802,ACC001693,13834.78,1,BLOCK,0.0
TXN002850883,2024-01-04 09:27:50.641116,ACC117828,ACC000559,14032.85,1,BLOCK,0.0
TXN002879666,2024-01-04 09:30:04.185605,ACC003896,ACC196874,84921.12,1,BLOCK,1.0
TXN001713518,2024-01-04 09:30:16.590415,ACC042120,ACC036517,39028.6,0,STEP_UP,0.0
TXN002952051,2024-01-04 09:30:19.000000,ACC002128,ACC165368,2422.03,0,BLOCK,1.0
TXN002968631,2024-01-04 09:30:39.979766,ACC005010,ACC147171,12848.24,0,BLOCK,1.0
TXN002817952,2024-01-04 09:34:03.000000,ACC002431,ACC064671,103.61,0,BLOCK,1.0
TXN002926855,2024-01-04 09:35:13.766677,ACC003611,ACC001790,100000.0,1,BLOCK,1.0
TXN002931480,2024-01-04 09:35:36.696006,ACC067519,ACC003541,12640.95,1,BLOCK,0.0
TXN002881266,2024-01-04 09:35:45.239694,ACC003991,ACC057370,39263.91,1,BLOCK,1.0
TXN002905574,2024-01-04 09:41:50.534904,ACC166491,ACC001693,10256.66,1,BLOCK,0.0
TXN002996248,2024-01-04 09:41:51.269778,ACC200987,ACC003652,1270.11,1,BLOCK,0.0
TXN002959300,2024-01-04 09:44:34.000000,ACC145477,ACC005694,10235.83,0,BLOCK,0.0
TXN002899594,2024-01-04 09:45:21.000000,ACC000588,ACC170418,140.8,0,BLOCK,1.0
TXN002906820,2024-01-04 09:45:52.000000,ACC004224,ACC041118,113.16,0,BLOCK,1.0
TXN002938209,2024-01-04 09:47:57.000000,ACC003361,ACC092893,149.41,0,BLOCK,1.0
TXN002942641,2024-01-04 09:48:10.057381,ACC059496,ACC006144,356.29,1,BLOCK,0.0
TXN002951878,2024-01-04 09:50:02.000000,ACC002676,ACC079681,679.13,0,BLOCK,1.0
TXN002827049,2024-01-04 09:50:48.000000,ACC003835,ACC195832,1195.25,0,BLOCK,1.0
TXN002866026,2024-01-04 09:52:19.000000,ACC002578,ACC117873,7461.69,0,BLOCK,1.0
TXN002977726,2024-01-04 09:53:49.924393,ACC060529,ACC001041,1200.35,1,BLOCK,0.0
TXN002828031,2024-01-04 09:54:05.248265,ACC082291,ACC002071,13126.98,1,BLOCK,0.0
TXN002831418,2024-01-04 09:55:03.582536,ACC175936,ACC001939,12974.44,1,BLOCK,0.0
TXN002907169,2024-01-04 09:56:11.680590,ACC185332,ACC002714,1192.53,1,BLOCK,0.0
TXN001930329,2024-01-04 09:56:50.416550,ACC136266,ACC059620,38294.98,0,STEP_UP,0.0
TXN002821026,2024-01-04 09:57:19.000000,ACC003070,ACC037868,1062.99,0,BLOCK,1.0
TXN002916622,2024-01-04 09:57:22.769045,ACC044512,ACC001181,1016.68,1,BLOCK,0.0
TXN002989621,2024-01-04 09:58:16.322325,ACC004663,ACC191704,57689.48,0,BLOCK,1.0
TXN002848743,2024-01-04 10:00:00.000000,ACC049297,ACC005647,99941.22,0,BLOCK,0.0
TXN002948174,2024-01-04 10:00:00.000000,ACC113087,ACC005084,21236.91,0,BLOCK,0.0
TXN002822583,2024-01-04 10:00:00.000000,ACC141148,ACC006131,24469.6,0,BLOCK,0.0
TXN001358611,2024-01-04 10:00:00.000000,ACC068243,ACC058886,82857.12,0,STEP_UP,0.0
TXN002961278,2024-01-04 10:00:00.000000,ACC094606,ACC000492,101774.19,0,BLOCK,0.0
TXN002853892,2024-01-04 10:00:00.000000,ACC143593,ACC005826,25381.11,0,BLOCK,0.0
TXN002639456,2024-01-04 10:00:00.000000,ACC165980,ACC194174,41092.18,0,STEP_UP,0.0
TXN002999061,2024-01-04 10:00:00.000000,ACC204274,ACC004047,85959.09,0,BLOCK,0.0
TXN001631682,2024-01-04 10:00:00.000000,ACC170318,ACC096409,52234.63,0,STEP_UP,0.0
TXN002935996,2024-01-04 10:00:00.000000,ACC056348,ACC005143,122598.34,0,BLOCK,0.0
TXN001261681,2024-01-04 10:00:00.000000,ACC141119,ACC017208,48431.25,0,STEP_UP,0.0
TXN002980995,2024-01-04 10:00:26.000000,ACC003084,ACC006728,791.8,0,BLOCK,1.0
TXN002872657,2024-01-04 10:00:34.000000,ACC002969,ACC024265,1131.66,0,BLOCK,1.0
TXN002829494,2024-01-04 10:00:50.608963,ACC000784,ACC003578,100000.0,1,BLOCK,1.0
TXN002907810,2024-01-04 10:03:19.219649,ACC167710,ACC002742,1697.43,1,BLOCK,0.0
TXN002875660,2024-01-04 10:04:58.892364,ACC189136,ACC001104,1518.74,1,BLOCK,0.0
TXN002977766,2024-01-04 10:06:15.259047,ACC004278,ACC134823,42125.74,1,BLOCK,1.0
TXN002905547,2024-01-04 10:06:41.781283,ACC106246,ACC005039,14882.94,1,BLOCK,0.0
TXN002960912,2024-01-04 10:06:52.000000,ACC000998,ACC203364,1285.47,0,BLOCK,1.0
TXN002814441,2024-01-04 10:07:09.424867,ACC045032,ACC003449,1724.88,1,BLOCK,0.0
TXN002988021,2024-01-04 10:07:34.000000,ACC002763,ACC054239,144.77,0,BLOCK,1.0
TXN002816744,2024-01-04 10:07:42.000000,ACC004471,ACC140411,428.77,0,BLOCK,1.0
TXN002865195,2024-01-04 10:08:30.000000,ACC003978,ACC200051,2129.53,0,BLOCK,1.0
TXN002832168,2024-01-04 10:10:18.000000,ACC005223,ACC106784,3965.32,0,BLOCK,1.0
TXN002925370,2024-01-04 10:10:51.124451,ACC058907,ACC004038,14317.8,1,BLOCK,0.0
TXN002881385,2024-01-04 10:11:35.240887,ACC123042,ACC001034,586.82,1,BLOCK,0.0
TXN002954517,2024-01-04 10:11:38.982498,ACC005954,ACC176609,40815.07,1,BLOCK,1.0
TXN002904282,2024-01-04 10:11:56.000000,ACC002542,ACC090141,241.38,0,BLOCK,1.0
TXN002820688,2024-01-04 10:13:32.000000,ACC001147,ACC161246,22.12,0,BLOCK,1.0
TXN002883465,2024-01-04 10:14:04.914210,ACC003046,ACC133982,33652.72,0,BLOCK,1.0
TXN002962738,2024-01-04 10:15:17.000000,ACC004299,ACC199512,1289.41,0,BLOCK,1.0
TXN002858299,2024-01-04 10:16:07.186779,ACC025494,ACC000089,404.26,1,BLOCK,0.0
TXN002894651,2024-01-04 10:16:29.927800,ACC133066,ACC005892,1806.55,1,BLOCK,0.0
TXN002943670,2024-01-04 10:17:06.364866,ACC093914,ACC000397,1730.78,1,BLOCK,0.0
TXN002976512,2024-01-04 10:18:00.000000,ACC006014,ACC053261,5960.38,0,BLOCK,1.0
TXN002897626,2024-01-04 10:18:36.000000,ACC005299,ACC147490,2369.15,0,BLOCK,1.0
TXN002919386,2024-01-04 10:20:34.444354,ACC004648,ACC161284,143852.51,1,BLOCK,1.0
TXN002854023,2024-01-04 10:21:05.722455,ACC117563,ACC002077,1950.47,1,BLOCK,0.0
TXN002892701,2024-01-04 10:21:18.615925,ACC003854,ACC048687,73401.91,1,BLOCK,1.0
TXN002942464,2024-01-04 10:21:31.000000,ACC003329,ACC140739,4534.68,0,BLOCK,1.0
TXN002930829,2024-01-04 10:22:44.000000,ACC006086,ACC089768,9011.84,0,BLOCK,1.0
TXN002872057,2024-01-04 10:23:45.074478,ACC066717,ACC003204,1204.63,1,BLOCK,0.0
TXN002877544,2024-01-04 10:24:48.920734,ACC175501,ACC003933,11947.39,1,BLOCK,0.0
TXN002921323,2024-01-04 10:25:24.000000,ACC001059,ACC086518,2402.76,0,BLOCK,1.0
TXN002925838,2024-01-04 10:25:25.000000,ACC005808,ACC125680,711.88,0,BLOCK,1.0
TXN002908701,2024-01-04 10:25:53.159263,ACC136818,ACC000237,12538.24,1,BLOCK,0.0
TXN002878874,2024-01-04 10:26:15.000000,ACC001989,ACC088540,156.8,0,BLOCK,1.0
TXN002998762,2024-01-04 10:26:19.694596,ACC005370,ACC190849,44993.14,1,BLOCK,1.0
TXN002964474,2024-01-04 10:27:12.033943,ACC049935,ACC000496,13768.96,1,BLOCK,0.0
TXN002946139,2024-01-04 10:28:33.236358,ACC125643,ACC002266,1285.39,1,BLOCK,0.0
TXN002905572,2024-01-04 10:29:19.890128,ACC057011,ACC001693,12445.26,1,BLOCK,0.0
TXN002870238,2024-01-04 10:30:40.822527,ACC011765,ACC003029,845.16,1,BLOCK,0.0
TXN002935616,2024-01-04 10:30:57.567235,ACC185185,ACC000810,671.64,1,BLOCK,0.0
TXN002933150,2024-01-04 10:32:52.026779,ACC001219,ACC089219,46757.17,1,BLOCK,1.0
TXN002875229,2024-01-04 10:32:59.404468,ACC003938,ACC056891,51365.36,0,BLOCK,1.0
TXN002933153,2024-01-04 10:36:09.612399,ACC001219,ACC093709,46878.41,1,BLOCK,1.0
TXN001915486,2024-01-04 10:36:25.062906,ACC021779,ACC183028,50700.4,0,STEP_UP,0.0
TXN002939293,2024-01-04 10:37:19.381311,ACC017356,ACC002000,1931.97,1,BLOCK,0.0
TXN002893324,2024-01-04 10:38:43.607529,ACC134812,ACC000222,1040.37,1,BLOCK,0.0
TXN002905558,2024-01-04 10:38:45.858344,ACC080887,ACC005039,10537.62,1,BLOCK,0.0
TXN002878019,2024-01-04 10:39:35.000000,ACC005151,ACC065665,943.09,0,BLOCK,1.0
TXN002907171,2024-01-04 10:39:49.026175,ACC149148,ACC002714,402.96,1,BLOCK,0.0
TXN002954974,2024-01-04 10:40:19.000000,ACC002922,ACC032321,918.03,0,BLOCK,1.0
TXN002942646,2024-01-04 10:42:15.851525,ACC016399,ACC006144,1550.29,1,BLOCK,0.0
TXN002988110,2024-01-04 10:42:28.174056,ACC169724,ACC003554,777.6,1,BLOCK,0.0
TXN002898859,2024-01-04 10:42:44.000000,ACC003010,ACC182214,109.18,0,BLOCK,1.0
TXN002996533,2024-01-04 10:44:44.052776,ACC146741,ACC000754,1423.96,1,BLOCK,0.0
TXN002959486,2024-01-04 10:45:34.168188,ACC005197,ACC106744,45895.52,0,BLOCK,1.0
TXN002982996,2024-01-04 10:46:24.747228,ACC145439,ACC001874,1176.6,1,BLOCK,0.0
TXN002827074,2024-01-04 10:46:25.022321,ACC043340,ACC001133,11588.25,1,BLOCK,0.0
TXN002825617,2024-01-04 10:48:42.000000,ACC005880,ACC169384,4636.9,0,BLOCK,1.0
TXN002939278,2024-01-04 10:50:06.637731,ACC162271,ACC002000,452.83,1,BLOCK,0.0
TXN002905323,2024-01-04 10:51:17.000000,ACC005658,ACC106420,34225.97,0,BLOCK,1.0
TXN002860153,2024-01-04 10:51:26.673369,ACC004946,ACC172682,28249.53,1,BLOCK,1.0
TXN002825340,2024-01-04 10:54:59.000000,ACC005405,ACC152657,1287.3,0,BLOCK,1.0
TXN002869679,2024-01-04 10:55:16.000000,ACC006054,ACC103887,216.61,0,BLOCK,1.0
TXN002854373,2024-01-04 10:57:44.000000,ACC000934,ACC150602,1016.07,0,BLOCK,1.0
TXN002943666,2024-01-04 10:58:34.540966,ACC195851,ACC000397,1524.24,1,BLOCK,0.0
TXN002919632,2024-01-04 11:00:00.000000,ACC149730,ACC001917,25542.08,0,BLOCK,0.0
TXN002319404,2024-01-04 11:00:00.000000,ACC122398,ACC174138,120158.82,0,STEP_UP,0.0
TXN002844538,2024-01-04 11:00:00.000000,ACC048392,ACC001289,69108.25,0,BLOCK,0.0
TXN002852973,2024-01-04 11:00:00.000000,ACC133305,ACC003647,41472.76,0,BLOCK,0.0
TXN002914537,2024-01-04 11:00:00.000000,ACC014222,ACC006138,142344.34,0,BLOCK,0.0
TXN002829883,2024-01-04 11:00:00.000000,ACC166574,ACC000923,129427.03,0,BLOCK,0.0
TXN002942472,2024-01-04 11:00:00.000000,ACC180042,ACC003329,73679.24,0,BLOCK,0.0
TXN002444765,2024-01-04 11:00:00.000000,ACC091641,ACC017457,142516.3,0,STEP_UP,0.0
TXN002307299,2024-01-04 11:00:00.000000,ACC177691,ACC179762,122956.91,0,STEP_UP,0.0
TXN000840811,2024-01-04 11:00:00.000000,ACC084721,ACC170111,61987.25,0,STEP_UP,0.0
TXN002991949,2024-01-04 11:01:42.000000,ACC001706,ACC089259,3690.99,0,BLOCK,1.0
TXN002878089,2024-01-04 11:02:20.000000,ACC005650,ACC107950,50.82,0,BLOCK,1.0
TXN002828021,2024-01-04 11:02:52.786400,ACC067404,ACC002071,10537.24,1,BLOCK,0.0
TXN002921327,2024-01-04 11:03:34.000000,ACC001059,ACC193149,10980.6,0,BLOCK,1.0
TXN002992631,2024-01-04 11:03:41.000000,ACC005227,ACC065617,191.41,0,BLOCK,1.0
TXN002969837,2024-01-04 11:04:13.195502,ACC050120,ACC001280,13823.53,1,BLOCK,0.0
TXN002921707,2024-01-04 11:05:37.000000,ACC003328,ACC167170,579.59,0,BLOCK,1.0
TXN002830258,2024-01-04 11:08:35.000000,ACC002810,ACC158607,283.2,0,BLOCK,1.0
TXN002815777,2024-01-04 11:09:04.931467,ACC002083,ACC193520,43485.32,1,BLOCK,1.0
TXN002951554,2024-01-04 11:10:15.148330,ACC100049,ACC001406,10589.7,1,BLOCK,0.0
TXN002907813,2024-01-04 11:10:36.039984,ACC057901,ACC002742,626.47,1,BLOCK,0.0
TXN002951222,2024-01-04 11:11:17.196917,ACC002237,ACC031614,33014.68,1,BLOCK,1.0
TXN002917798,2024-01-04 11:12:59.385505,ACC135032,ACC004506,430.23,1,BLOCK,0.0
TXN002977720,2024-01-04 11:13:02.050404,ACC187220,ACC001041,1221.12,1,BLOCK,0.0
TXN002840104,2024-01-04 11:14:42.700308,ACC110040,ACC006109,466.05,1,BLOCK,0.0
TXN002982351,2024-01-04 11:17:33.000000,ACC003240,ACC111570,317.08,0,BLOCK,1.0
TXN002842341,2024-01-04 11:17:51.000000,ACC003758,ACC086959,31.41,0,BLOCK,1.0
TXN002943131,2024-01-04 11:19:26.000000,ACC004729,ACC194952,414.47,0,BLOCK,1.0
TXN002877252,2024-01-04 11:20:10.000000,ACC002959,ACC031838,123.21,0,BLOCK,1.0
TXN002919154,2024-01-04 11:24:05.713372,ACC005566,ACC085900,44001.05,1,BLOCK,1.0
TXN002961911,2024-01-04 11:25:11.547775,ACC004627,ACC001966,100000.0,1,BLOCK,1.0
TXN002892795,2024-01-04 11:25:22.000000,ACC000840,ACC088196,535.56,0,BLOCK,1.0
TXN002886968,2024-01-04 11:26:48.000000,ACC003638,ACC108929,2323.86,0,BLOCK,1.0
TXN002946147,2024-01-04 11:26:49.176726,ACC167125,ACC002266,1500.44,1,BLOCK,0.0
TXN002937946,2024-01-04 11:26:52.000000,ACC003116,ACC178296,5101.27,0,BLOCK,1.0
TXN002954519,2024-01-04 11:27:31.322449,ACC005954,ACC176609,95286.09,1,BLOCK,1.0
TXN002905581,2024-01-04 11:27:32.280908,ACC062577,ACC001693,11198.14,1,BLOCK,0.0
TXN002937818,2024-01-04 11:28:33.000000,ACC003862,ACC184137,3106.19,0,BLOCK,1.0
TXN002874344,2024-01-04 11:31:17.000000,ACC002187,ACC186336,1049.34,0,BLOCK,1.0
TXN002868099,2024-01-04 11:32:10.000000,ACC005936,ACC153589,184.64,0,BLOCK,1.0
TXN002999091,2024-01-04 11:32:47.000000,ACC005908,ACC158830,3945.57,0,BLOCK,1.0
TXN002864910,2024-01-04 11:35:52.456378,ACC005287,ACC203655,31846.85,0,BLOCK,1.0
TXN001633431,2024-01-04 11:36:44.013019,ACC092170,ACC131811,53827.56,0,STEP_UP,0.0
TXN002902400,2024-01-04 11:37:17.000000,ACC003717,ACC112707,2444.78,0,BLOCK,1.0
TXN002985380,2024-01-04 11:42:34.000000,ACC003224,ACC050315,74.7,0,BLOCK,1.0
TXN002996244,2024-01-04 11:43:23.210142,ACC194204,ACC003652,845.63,1,BLOCK,0.0
TXN002834651,2024-01-04 11:43:28.111383,ACC155422,ACC002483,1706.2,1,BLOCK,0.0
TXN002862073,2024-01-04 11:44:33.000000,ACC001746,ACC038775,2620.62,0,BLOCK,1.0
TXN002883170,2024-01-04 11:48:50.000000,ACC005319,ACC139640,2998.49,0,BLOCK,1.0
TXN002864911,2024-01-04 11:49:13.188441,ACC005287,ACC070790,27596.36,0,BLOCK,1.0
TXN002925805,2024-01-04 11:50:13.000000,ACC004101,ACC107936,3426.17,0,BLOCK,1.0
TXN002919263,2024-01-04 11:51:10.000000,ACC001381,ACC194007,361.21,0,BLOCK,1.0
TXN002989605,2024-01-04 11:51:29.000000,ACC004663,ACC040225,105.92,0,BLOCK,1.0
TXN002913281,2024-01-04 11:51:39.390609,ACC129863,ACC003765,13411.26,1,BLOCK,0.0
TXN002835809,2024-01-04 11:51:56.000000,ACC004465,ACC179397,1368.86,0,BLOCK,1.0
TXN002886526,2024-01-04 11:52:49.590871,ACC000572,ACC200350,33603.23,0,BLOCK,1.0
TXN002830857,2024-01-04 11:53:16.000000,ACC003902,ACC110343,10153.7,0,BLOCK,1.0
TXN002937107,2024-01-04 11:54:07.224533,ACC023152,ACC000474,1142.46,1,BLOCK,0.0
TXN002878460,2024-01-04 11:54:09.000000,ACC003825,ACC100252,15625.53,0,BLOCK,1.0
TXN002825403,2024-01-04 11:55:11.000000,ACC004352,ACC137208,1066.46,0,BLOCK,1.0
TXN002816373,2024-01-04 11:55:51.000000,ACC001231,ACC154350,686.35,0,BLOCK,1.0
TXN002944248,2024-01-04 11:56:09.753941,ACC022768,ACC003932,499.01,1,BLOCK,0.0
TXN002863459,2024-01-04 11:56:38.256155,ACC123792,ACC003806,856.26,1,BLOCK,0.0
TXN002881267,2024-01-04 11:56:46.170502,ACC003991,ACC021856,39296.85,1,BLOCK,1.0
TXN002956145,2024-01-04 11:58:13.000000,ACC001560,ACC162579,885.78,0,BLOCK,1.0
TXN002864017,2024-01-04 11:58:25.000723,ACC002507,ACC131032,44197.13,1,BLOCK,1.0
TXN002851492,2024-01-04 11:58:40.000000,ACC001555,ACC067144,5965.37,0,BLOCK,1.0
TXN000769111,2024-01-04 12:00:00.000000,ACC019119,ACC146626,120862.07,0,STEP_UP,0.0
TXN002494751,2024-01-04 12:00:00.000000,ACC128066,ACC198897,101735.23,0,STEP_UP,0.0
TXN002737775,2024-01-04 12:00:00.000000,ACC143163,ACC078110,87256.85,0,STEP_UP,0.0
TXN000228301,2024-01-04 12:00:00.000000,ACC078837,ACC052916,100502.99,0,STEP_UP,0.0
TXN002214532,2024-01-04 12:00:00.000000,ACC070274,ACC162707,126033.37,0,STEP_UP,0.0
TXN002617814,2024-01-04 12:00:00.000000,ACC174229,ACC192664,54677.02,0,STEP_UP,0.0
TXN002918310,2024-01-04 12:00:00.000000,ACC128349,ACC002755,117439.93,0,BLOCK,0.0
TXN002909129,2024-01-04 12:00:53.000000,ACC000203,ACC040096,826.67,0,BLOCK,1.0
TXN002881368,2024-01-04 12:00:56.512144,ACC178301,ACC001034,421.28,1,BLOCK,0.0
TXN002954890,2024-01-04 12:02:13.000000,ACC003278,ACC075876,2903.76,0,BLOCK,1.0
TXN002981268,2024-01-04 12:03:38.716019,ACC034448,ACC005970,13808.77,1,BLOCK,0.0
TXN002895773,2024-01-04 12:04:38.000000,ACC000649,ACC158357,134.38,0,BLOCK,1.0
TXN002831412,2024-01-04 12:05:17.861904,ACC073803,ACC001939,12091.47,1,BLOCK,0.0
TXN002965544,2024-01-04 12:06:00.221636,ACC003872,ACC069023,69005.18,0,BLOCK,1.0
TXN002968630,2024-01-04 12:06:03.874379,ACC005010,ACC041291,17577.15,0,BLOCK,1.0
TXN002986022,2024-01-04 12:06:33.000000,ACC024475,ACC005329,52027.18,0,BLOCK,0.0
TXN002822448,2024-01-04 12:10:09.000000,ACC005819,ACC110626,1588.72,0,BLOCK,1.0
TXN002947706,2024-01-04 12:11:30.000000,ACC001490,ACC100025,397.6,0,BLOCK,1.0
TXN002927165,2024-01-04 12:12:17.000000,ACC003974,ACC196690,1018.63,0,BLOCK,1.0
TXN002901036,2024-01-04 12:12:38.000000,ACC003188,ACC147511,1681.55,0,BLOCK,1.0
TXN002917812,2024-01-04 12:13:04.312205,ACC051729,ACC004506,1060.73,1,BLOCK,0.0
TXN002910853,2024-01-04 12:13:26.000000,ACC000513,ACC129406,993.0,0,BLOCK,1.0
TXN002996529,2024-01-04 12:13:54.473030,ACC156742,ACC000754,1954.79,1,BLOCK,0.0
TXN002831334,2024-01-04 12:14:09.000000,ACC002029,ACC013718,832.07,0,BLOCK,1.0
TXN002828331,2024-01-04 12:14:52.000000,ACC004721,ACC165906,34176.19,0,BLOCK,1.0
TXN002872103,2024-01-04 12:16:12.000000,ACC002113,ACC125164,1698.75,0,BLOCK,1.0
TXN002759397,2024-01-04 12:16:16.361968,ACC059360,ACC202062,31527.2,0,STEP_UP,0.0
TXN002910370,2024-01-04 12:18:34.923314,ACC003661,ACC013936,101049.5,1,BLOCK,1.0
TXN002828824,2024-01-04 12:18:49.219899,ACC001071,ACC001399,59916.73,1,BLOCK,1.0
TXN002961281,2024-01-04 12:19:17.659518,ACC000492,ACC123539,61201.94,0,BLOCK,1.0
TXN002834642,2024-01-04 12:19:23.557824,ACC153041,ACC002483,1356.15,1,BLOCK,0.0
TXN002948175,2024-01-04 12:21:17.181342,ACC005084,ACC041516,12655.27,0,BLOCK,1.0
TXN002860611,2024-01-04 12:22:56.000000,ACC002148,ACC194737,435.84,0,BLOCK,1.0
TXN002858701,2024-01-04 12:25:52.000000,ACC005325,ACC167780,44.43,0,BLOCK,1.0
TXN002828038,2024-01-04 12:27:19.000000,ACC001591,ACC006598,1868.82,0,BLOCK,1.0
TXN002825990,2024-01-04 12:27:55.000000,ACC005733,ACC204277,926.34,0,BLOCK,1.0
TXN002897673,2024-01-04 12:28:11.480548,ACC005618,ACC030790,12002.11,1,STEP_UP,1.0
TXN002821583,2024-01-04 12:29:32.000000,ACC001222,ACC018865,5619.64,0,BLOCK,1.0
TXN002983755,2024-01-04 12:30:22.860634,ACC040703,ACC000985,689.06,1,BLOCK,0.0
TXN002916990,2024-01-04 12:30:42.307836,ACC151172,ACC002847,1544.56,1,BLOCK,0.0
TXN002969854,2024-01-04 12:31:55.168494,ACC116533,ACC001280,10434.31,1,BLOCK,0.0
TXN002824293,2024-01-04 12:35:04.000000,ACC000334,ACC015689,1712.12,0,BLOCK,1.0
TXN002944116,2024-01-04 12:36:17.437254,ACC191244,ACC002686,1006.38,1,BLOCK,0.0
TXN002888243,2024-01-04 12:36:20.000000,ACC005903,ACC160669,813.51,0,BLOCK,1.0
TXN002910392,2024-01-04 12:36:36.000000,ACC003291,ACC085860,1426.47,0,BLOCK,1.0
TXN002998765,2024-01-04 12:37:14.850640,ACC005370,ACC122068,45175.98,1,BLOCK,1.0
TXN002991621,2024-01-04 12:37:34.400329,ACC001051,ACC003359,173661.62,1,BLOCK,1.0
TXN002932266,2024-01-04 12:37:46.456231,ACC161705,ACC005341,10417.75,1,BLOCK,0.0
TXN002823540,2024-01-04 12:37:52.000000,ACC006048,ACC099658,4088.39,0,BLOCK,1.0
TXN002944102,2024-01-04 12:39:11.535070,ACC009926,ACC002686,537.95,1,BLOCK,0.0
TXN002891048,2024-01-04 12:39:30.000000,ACC012118,ACC005017,12366.04,0,BLOCK,0.0
TXN002853894,2024-01-04 12:39:48.834517,ACC005826,ACC114452,11180.5,0,BLOCK,1.0
TXN002861826,2024-01-04 12:40:22.486351,ACC003996,ACC180204,72487.5,0,BLOCK,1.0
TXN002917810,2024-01-04 12:41:44.982118,ACC116987,ACC004506,1642.86,1,BLOCK,0.0
TXN002955690,2024-01-04 12:41:51.223611,ACC000777,ACC200227,36535.31,0,BLOCK,1.0
TXN002982149,2024-01-04 12:42:31.000000,ACC005840,ACC036567,382.28,0,BLOCK,1.0
TXN002901369,2024-01-04 12:44:29.000000,ACC001734,ACC070615,484.17,0,BLOCK,1.0
TXN002924103,2024-01-04 12:44:55.000000,ACC001947,ACC054234,740.63,0,BLOCK,1.0
TXN002996247,2024-01-04 12:45:31.283355,ACC070727,ACC003652,1676.6,1,BLOCK,0.0
TXN002981339,2024-01-04 12:45:38.140953,ACC005922,ACC001936,36284.68,1,BLOCK,1.0
TXN002937101,2024-01-04 12:45:59.934820,ACC023152,ACC000474,1117.73,1,BLOCK,0.0
TXN002928554,2024-01-04 12:46:03.000000,ACC024671,ACC003707,18536.6,0,BLOCK,0.0
TXN002867891,2024-01-04 12:46:53.000000,ACC001541,ACC153437,478.34,0,BLOCK,1.0
TXN002940774,2024-01-04 12:47:13.000000,ACC000239,ACC008825,5160.55,0,BLOCK,1.0
TXN002997892,2024-01-04 12:47:47.000000,ACC003056,ACC102818,3074.77,0,BLOCK,1.0
TXN002926954,2024-01-04 12:48:01.000000,ACC004550,ACC166366,362.94,0,BLOCK,1.0
TXN003000657,2024-01-04 12:48:21.000000,ACC001046,ACC020569,15025.53,0,BLOCK,1.0
TXN002826259,2024-01-04 12:48:27.000000,ACC005168,ACC015606,1363.36,0,BLOCK,1.0
TXN002973403,2024-01-04 12:50:51.592370,ACC081740,ACC000327,308.6,1,BLOCK,0.0
TXN002950230,2024-01-04 12:52:36.609645,ACC002982,ACC074184,87164.26,1,BLOCK,1.0
TXN002977723,2024-01-04 12:53:29.354288,ACC170257,ACC001041,1456.62,1,BLOCK,0.0
TXN002836634,2024-01-04 12:54:03.000000,ACC005670,ACC064194,631.68,0,BLOCK,1.0
TXN002883464,2024-01-04 12:58:17.742444,ACC003046,ACC129850,38988.95,0,BLOCK,1.0
TXN002985385,2024-01-04 12:58:18.000000,ACC118478,ACC003224,27466.12,0,BLOCK,0.0
TXN002973402,2024-01-04 12:58:29.060204,ACC130766,ACC000327,342.76,1,BLOCK,0.0
TXN002886828,2024-01-04 12:58:31.747561,ACC004170,ACC005492,72207.6,1,BLOCK,1.0
TXN002863454,2024-01-04 12:58:59.349630,ACC143883,ACC003806,1486.2,1,BLOCK,0.0
TXN002982597,2024-01-04 13:00:00.000000,ACC053226,ACC002678,48861.25,0,BLOCK,0.0
TXN002853529,2024-01-04 13:00:00.000000,ACC097260,ACC003644,123645.17,0,BLOCK,0.0
TXN002905604,2024-01-04 13:00:00.000000,ACC124008,ACC004468,94314.89,0,BLOCK,0.0
TXN002976972,2024-01-04 13:00:00.000000,ACC106559,ACC004407,45631.47,0,BLOCK,0.0
TXN002833901,2024-01-04 13:00:00.000000,ACC023275,ACC002881,137570.75,0,BLOCK,0.0
TXN002863457,2024-01-04 13:01:06.269416,ACC155381,ACC003806,668.85,1,BLOCK,0.0
TXN002962222,2024-01-04 13:04:31.000000,ACC000869,ACC105265,293.21,0,BLOCK,1.0
TXN002865945,2024-01-04 13:04:43.000000,ACC004284,ACC009215,7525.36,0,BLOCK,1.0
TXN000165732,2024-01-04 13:06:08.628029,ACC128240,ACC164954,68191.76,0,STEP_UP,0.0
TXN002837568,2024-01-04 13:06:17.662751,ACC002433,ACC098206,12907.01,1,STEP_UP,1.0
TXN002917582,2024-01-04 13:06:30.000000,ACC005317,ACC172691,405.96,0,BLOCK,1.0
TXN002904350,2024-01-04 13:06:59.000000,ACC005312,ACC047033,833.65,0,BLOCK,1.0
TXN002822079,2024-01-04 13:07:57.000000,ACC004037,ACC199148,164.11,0,BLOCK,1.0
TXN002939989,2024-01-04 13:08:53.276434,ACC001289,ACC005681,43111.26,1,BLOCK,1.0
TXN002942216,2024-01-04 13:10:40.000000,ACC005406,ACC119437,1940.05,0,BLOCK,1.0
TXN002999062,2024-01-04 13:11:23.968776,ACC004047,ACC123428,55913.72,0,BLOCK,1.0
TXN002889124,2024-01-04 13:11:39.000000,ACC005810,ACC026588,637.92,0,BLOCK,1.0
TXN002913277,2024-01-04 13:12:46.478184,ACC079628,ACC003765,14878.8,1,BLOCK,0.0
TXN002848746,2024-01-04 13:13:32.953181,ACC005647,ACC067356,40547.06,0,BLOCK,1.0
TXN002844888,2024-01-04 13:13:40.000000,ACC003880,ACC084510,221.25,0,BLOCK,1.0
TXN002923460,2024-01-04 13:13:46.967580,ACC045410,ACC004052,11850.84,1,BLOCK,0.0
TXN002983756,2024-01-04 13:15:16.082599,ACC018539,ACC000985,685.45,1,BLOCK,0.0
TXN002975702,2024-01-04 13:15:34.000000,ACC004429,ACC105023,717.97,0,BLOCK,1.0
TXN002849422,2024-01-04 13:17:11.000000,ACC002585,ACC204345,720.21,0,BLOCK,1.0
TXN002988360,2024-01-04 13:18:05.000000,ACC002048,ACC203012,2390.6,0,BLOCK,1.0
TXN002982983,2024-01-04 13:19:12.843643,ACC101590,ACC001874,1111.69,1,BLOCK,0.0
TXN002863437,2024-01-04 13:19:22.169443,ACC197484,ACC003806,959.43,1,BLOCK,0.0
TXN002955958,2024-01-04 13:19:53.000000,ACC002238,ACC010247,384.91,0,BLOCK,1.0
TXN002993374,2024-01-04 13:24:29.000000,ACC003052,ACC009685,177.28,0,BLOCK,1.0
TXN002983010,2024-01-04 13:26:26.777747,ACC082090,ACC001874,1020.34,1,BLOCK,0.0
TXN002869479,2024-01-04 13:28:03.000000,ACC005856,ACC182669,6947.68,0,BLOCK,1.0
TXN002834640,2024-01-04 13:28:16.463626,ACC160031,ACC002483,394.04,1,BLOCK,0.0
TXN002924265,2024-01-04 13:31:07.000000,ACC004308,ACC203125,252.2,0,BLOCK,1.0
TXN002923441,2024-01-04 13:31:41.600637,ACC078972,ACC004052,11885.98,1,BLOCK,0.0
TXN002951816,2024-01-04 13:33:55.000000,ACC000103,ACC057225,599.36,0,BLOCK,1.0
TXN002899745,2024-01-04 13:38:13.000000,ACC004244,ACC014790,80.78,0,BLOCK,1.0
TXN002935600,2024-01-04 13:38:41.791811,ACC013191,ACC000810,1095.3,1,BLOCK,0.0
TXN002898962,2024-01-04 13:38:52.000000,ACC003067,ACC199869,77.62,0,BLOCK,1.0
TXN002971716,2024-01-04 13:40:36.000000,ACC002952,ACC199738,29384.99,0,BLOCK,1.0
TXN002869125,2024-01-04 13:41:49.000000,ACC003738,ACC173045,2040.86,0,BLOCK,1.0
TXN002943116,2024-01-04 13:42:30.336297,ACC005910,ACC137512,31322.25,0,BLOCK,1.0
TXN002984037,2024-01-04 13:44:13.000000,ACC002571,ACC029711,202.51,0,BLOCK,1.0
TXN002944133,2024-01-04 13:48:39.460578,ACC058363,ACC002686,979.76,1,BLOCK,0.0
TXN000868111,2024-01-04 13:50:14.692606,ACC077959,ACC016727,70614.24,0,STEP_UP,0.0
TXN002839904,2024-01-04 13:51:01.000000,ACC005233,ACC066074,2133.16,0,BLOCK,1.0
TXN002825717,2024-01-04 13:51:24.000000,ACC001858,ACC098134,345.56,0,BLOCK,1.0
TXN002825296,2024-01-04 13:51:29.526343,ACC037183,ACC005857,1192.19,1,BLOCK,0.0
TXN002944173,2024-01-04 13:53:59.836152,ACC001544,ACC081018,85179.78,1,BLOCK,1.0
TXN002937123,2024-01-04 13:54:37.523731,ACC123928,ACC000474,692.98,1,BLOCK,0.0
TXN002876843,2024-01-04 13:56:47.000000,ACC002545,ACC172758,2005.46,0,BLOCK,1.0
TXN002876028,2024-01-04 13:57:32.000000,ACC002727,ACC011542,978.34,0,BLOCK,1.0
TXN002966850,2024-01-04 13:57:45.000000,ACC002091,ACC187242,5390.11,0,BLOCK,1.0
TXN002822617,2024-01-04 13:58:30.000000,ACC000234,ACC141097,92.33,0,BLOCK,1.0
TXN002909409,2024-01-04 13:59:20.000000,ACC001599,ACC068029,2763.59,0,BLOCK,1.0
TXN002939188,2024-01-04 13:59:54.430711,ACC174941,ACC000587,10878.67,1,BLOCK,0.0
TXN002907627,2024-01-04 14:00:00.000000,ACC054416,ACC005316,20658.39,0,BLOCK,0.0
TXN002844735,2024-01-04 14:00:00.000000,ACC165627,ACC003748,74565.86,0,BLOCK,0.0
TXN002353451,2024-01-04 14:00:00.000000,ACC194541,ACC039158,104181.54,0,STEP_UP,0.0
TXN002856038,2024-01-04 14:00:00.000000,ACC138056,ACC005738,120954.16,0,BLOCK,0.0
TXN002839093,2024-01-04 14:00:00.000000,ACC008629,ACC004829,107711.42,0,BLOCK,0.0
TXN000925992,2024-01-04 14:00:00.000000,ACC095360,ACC186288,102696.76,0,STEP_UP,0.0
TXN001050050,2024-01-04 14:00:00.000000,ACC196054,ACC023424,86731.24,0,STEP_UP,0.0
TXN002827184,2024-01-04 14:00:00.000000,ACC074047,ACC004852,25365.94,0,BLOCK,0.0
TXN002328419,2024-01-04 14:00:00.000000,ACC041040,ACC184537,114141.9,0,STEP_UP,0.0
TXN001358422,2024-01-04 14:00:00.000000,ACC144349,ACC055233,121996.63,0,STEP_UP,0.0
TXN000440615,2024-01-04 14:00:00.000000,ACC117489,ACC179890,70770.32,0,STEP_UP,0.0
TXN000542019,2024-01-04 14:00:00.000000,ACC008403,ACC201708,115535.4,0,STEP_UP,0.0
TXN002909839,2024-01-04 14:00:00.000000,ACC169426,ACC000711,63551.08,0,BLOCK,0.0
TXN002963016,2024-01-04 14:00:00.000000,ACC039845,ACC000670,52598.81,0,BLOCK,0.0
TXN000460529,2024-01-04 14:00:00.000000,ACC131315,ACC036669,125163.3,0,STEP_UP,0.0
TXN002914540,2024-01-04 14:00:00.000000,ACC153549,ACC006138,33767.35,0,BLOCK,0.0
TXN002043894,2024-01-04 14:00:00.000000,ACC120723,ACC175131,60538.94,0,STEP_UP,0.0
TXN002853071,2024-01-04 14:00:00.000000,ACC033997,ACC000610,98400.64,0,BLOCK,0.0
TXN001595167,2024-01-04 14:00:00.000000,ACC023362,ACC176364,143842.81,0,STEP_UP,0.0
TXN002931012,2024-01-04 14:01:45.000000,ACC004079,ACC122642,293.19,0,BLOCK,1.0
TXN002956065,2024-01-04 14:01:52.000000,ACC003375,ACC011804,382.86,0,BLOCK,1.0
TXN002998763,2024-01-04 14:05:58.645409,ACC005370,ACC047435,45254.68,1,BLOCK,1.0
TXN002826084,2024-01-04 14:06:06.000000,ACC000453,ACC171406,625.87,0,BLOCK,1.0
TXN002977828,2024-01-04 14:06:59.000000,ACC003256,ACC055189,11146.22,0,BLOCK,1.0
TXN002865707,2024-01-04 14:07:04.153140,ACC071097,ACC004011,13867.19,1,BLOCK,0.0
TXN002907162,2024-01-04 14:07:23.992517,ACC117891,ACC002714,1093.23,1,BLOCK,0.0
TXN002861960,2024-01-04 14:09:28.000000,ACC002892,ACC067274,623.6,0,BLOCK,1.0
TXN002848744,2024-01-04 14:10:26.733289,ACC005647,ACC063475,37877.9,0,BLOCK,1.0
TXN002833376,2024-01-04 14:11:25.908340,ACC111371,ACC004968,1449.2,1,BLOCK,0.0
TXN002963346,2024-01-04 14:11:43.000000,ACC003976,ACC036260,2786.66,0,BLOCK,1.0
TXN002903316,2024-01-04 14:12:35.000000,ACC004100,ACC091240,614.22,0,BLOCK,1.0
TXN002850878,2024-01-04 14:12:49.454026,ACC142397,ACC000559,13369.06,1,BLOCK,0.0
TXN002881372,2024-01-04 14:13:34.409759,ACC048218,ACC001034,672.54,1,BLOCK,0.0
TXN002852974,2024-01-04 14:14:12.201279,ACC003647,ACC187408,19701.82,0,BLOCK,1.0
TXN002829885,2024-01-04 14:15:53.380249,ACC000923,ACC184297,52404.13,0,BLOCK,1.0
TXN002986537,2024-01-04 14:16:01.000000,ACC005561,ACC124183,1481.21,0,BLOCK,1.0
TXN002856512,2024-01-04 14:16:08.637573,ACC176909,ACC005360,1600.96,1,BLOCK,0.0
TXN003000571,2024-01-04 14:17:07.000000,ACC002178,ACC020441,8375.81,0,BLOCK,1.0
TXN002903177,2024-01-04 14:17:42.000000,ACC001676,ACC134301,2505.04,0,BLOCK,1.0
TXN002834637,2024-01-04 14:17:52.265579,ACC078726,ACC002483,985.18,1,BLOCK,0.0
TXN002878088,2024-01-04 14:17:53.000000,ACC005650,ACC158038,11298.06,0,BLOCK,1.0
TXN002850895,2024-01-04 14:20:10.000000,ACC002971,ACC147174,421.56,0,BLOCK,1.0
TXN002872918,2024-01-04 14:20:53.000000,ACC003526,ACC076959,2673.83,0,BLOCK,1.0
TXN002857243,2024-01-04 14:21:05.350471,ACC005834,ACC090803,22958.91,0,BLOCK,1.0
TXN002871403,2024-01-04 14:21:14.000000,ACC000988,ACC161267,2885.42,0,BLOCK,1.0
TXN002910051,2024-01-04 14:21:17.431129,ACC003934,ACC135475,8561.0,0,BLOCK,1.0
TXN002999179,2024-01-04 14:21:37.000000,ACC003927,ACC089386,377.24,0,BLOCK,1.0
TXN002955556,2024-01-04 14:21:37.000000,ACC000757,ACC032151,9807.65,0,BLOCK,1.0
TXN002856523,2024-01-04 14:22:19.651910,ACC107528,ACC005360,1697.53,1,BLOCK,0.0
TXN002845063,2024-01-04 14:22:32.011223,ACC021828,ACC002758,12208.39,1,BLOCK,0.0
TXN002882045,2024-01-04 14:23:07.000000,ACC004668,ACC120514,1844.85,0,BLOCK,1.0
TXN002921816,2024-01-04 14:24:08.000000,ACC000567,ACC114192,188.45,0,BLOCK,1.0
TXN002863770,2024-01-04 14:25:37.000000,ACC005437,ACC025383,184.09,0,BLOCK,1.0
TXN002929540,2024-01-04 14:25:42.000000,ACC004120,ACC019145,1856.35,0,BLOCK,1.0
TXN002983848,2024-01-04 14:26:43.000000,ACC001135,ACC046079,153.57,0,BLOCK,1.0
TXN002964822,2024-01-04 14:27:38.000000,ACC004329,ACC068390,316.69,0,BLOCK,1.0
TXN002872083,2024-01-04 14:28:37.629302,ACC053158,ACC003204,1026.16,1,BLOCK,0.0
TXN002884210,2024-01-04 14:28:41.000000,ACC002800,ACC101697,1723.66,0,BLOCK,1.0
TXN002871050,2024-01-04 14:29:59.000000,ACC003692,ACC131473,405.72,0,BLOCK,1.0
TXN002871378,2024-01-04 14:30:38.232768,ACC001352,ACC001425,171923.39,1,BLOCK,1.0
TXN002877585,2024-01-04 14:32:21.000000,ACC001714,ACC105039,1058.87,0,BLOCK,1.0
TXN002941804,2024-01-04 14:32:28.000000,ACC003990,ACC063987,779.19,0,BLOCK,1.0
TXN002988105,2024-01-04 14:32:45.026106,ACC072918,ACC003554,1975.8,1,BLOCK,0.0
TXN002983775,2024-01-04 14:33:02.163817,ACC041018,ACC000985,1553.84,1,BLOCK,0.0
TXN002990779,2024-01-04 14:34:44.163020,ACC004256,ACC136530,57055.42,1,BLOCK,1.0
TXN002933151,2024-01-04 14:34:58.261533,ACC001219,ACC129356,46643.08,1,BLOCK,1.0
TXN002934444,2024-01-04 14:39:02.700761,ACC004211,ACC159812,68347.59,1,BLOCK,1.0
TXN002935545,2024-01-04 14:39:26.331073,ACC077073,ACC002624,13772.85,1,BLOCK,0.0
TXN002847752,2024-01-04 14:39:37.000000,ACC000159,ACC018102,354.61,0,BLOCK,1.0
TXN002982599,2024-01-04 14:39:47.670218,ACC002678,ACC028411,31334.54,0,BLOCK,1.0
TXN002997667,2024-01-04 14:43:19.648165,ACC131402,ACC001617,14905.58,1,BLOCK,0.0
TXN002998761,2024-01-04 14:44:00.480798,ACC005370,ACC088097,45093.27,1,BLOCK,1.0
TXN002856534,2024-01-04 14:44:44.535572,ACC058157,ACC005360,799.14,1,BLOCK,0.0
TXN002977713,2024-01-04 14:45:35.838882,ACC112034,ACC001041,1852.51,1,BLOCK,0.0
TXN002996898,2024-01-04 14:46:15.000000,ACC005263,ACC024654,626.69,0,BLOCK,1.0
TXN002852703,2024-01-04 14:46:39.000000,ACC003585,ACC042382,198.3,0,BLOCK,1.0
TXN002854037,2024-01-04 14:46:49.888052,ACC204949,ACC002077,326.42,1,BLOCK,0.0
TXN002923213,2024-01-04 14:47:41.683566,ACC003124,ACC004887,36264.05,1,BLOCK,1.0
TXN002962792,2024-01-04 14:48:58.000000,ACC002446,ACC027332,16267.24,0,BLOCK,1.0
TXN002914539,2024-01-04 14:49:17.419965,ACC006138,ACC044536,57227.37,0,BLOCK,1.0
TXN002955803,2024-01-04 14:49:44.383768,ACC107619,ACC004416,12264.58,1,BLOCK,0.0
TXN002940552,2024-01-04 14:52:42.000000,ACC000336,ACC121245,887.32,0,BLOCK,1.0
TXN002992554,2024-01-04 14:54:30.565419,ACC082233,ACC003912,11180.18,1,BLOCK,0.0
TXN002942628,2024-01-04 14:58:15.199074,ACC094711,ACC006144,563.87,1,BLOCK,0.0
TXN002865447,2024-01-04 14:59:09.763539,ACC042964,ACC005451,586.56,1,BLOCK,0.0
TXN002939987,2024-01-04 14:59:42.637967,ACC001289,ACC005681,20998.65,1,BLOCK,1.0
TXN000014283,2024-01-04 15:00:00.000000,ACC138511,ACC063810,28124.41,0,STEP_UP,0.0
TXN002995277,2024-01-04 15:00:00.000000,ACC014632,ACC005141,148140.57,0,BLOCK,0.0
TXN002869209,2024-01-04 15:00:00.000000,ACC027150,ACC004446,73867.79,0,BLOCK,0.0
TXN002881613,2024-01-04 15:00:00.000000,ACC146108,ACC001745,83632.05,0,BLOCK,0.0
TXN002858818,2024-01-04 15:00:00.000000,ACC110627,ACC003641,100274.54,0,BLOCK,0.0
TXN000745957,2024-01-04 15:00:00.000000,ACC020139,ACC057362,143290.16,0,STEP_UP,0.0
TXN000554429,2024-01-04 15:00:00.000000,ACC175168,ACC162791,144381.68,0,STEP_UP,0.0
TXN001297678,2024-01-04 15:00:00.000000,ACC120903,ACC013292,132679.22,0,STEP_UP,0.0
TXN002895005,2024-01-04 15:00:14.000000,ACC000088,ACC026147,246.58,0,BLOCK,1.0
TXN002829495,2024-01-04 15:01:15.913445,ACC003578,ACC003705,115654.37,1,BLOCK,1.0
TXN002939290,2024-01-04 15:01:45.680555,ACC064297,ACC002000,290.22,1,BLOCK,0.0
TXN002973400,2024-01-04 15:02:05.465014,ACC167829,ACC000327,1107.55,1,BLOCK,0.0
TXN002828015,2024-01-04 15:03:57.139219,ACC198042,ACC002071,12871.66,1,BLOCK,0.0
TXN002988084,2024-01-04 15:04:54.304031,ACC162925,ACC003554,1039.27,1,BLOCK,0.0
TXN002891307,2024-01-04 15:08:31.000000,ACC002786,ACC067237,1829.38,0,BLOCK,1.0
TXN002854523,2024-01-04 15:10:54.000000,ACC002253,ACC042622,2792.02,0,BLOCK,1.0
TXN002838826,2024-01-04 15:11:55.000000,ACC001052,ACC170307,1069.24,0,BLOCK,1.0
TXN002977736,2024-01-04 15:12:10.226412,ACC148251,ACC001041,1212.4,1,BLOCK,0.0
TXN002965044,2024-01-04 15:13:14.000000,ACC006107,ACC173274,986.06,0,BLOCK,1.0
TXN002863973,2024-01-04 15:14:00.000000,ACC005488,ACC086408,38032.07,0,BLOCK,1.0
TXN002853211,2024-01-04 15:14:19.749644,ACC166881,ACC005381,256.28,1,BLOCK,0.0
TXN002969790,2024-01-04 15:14:28.000000,ACC070053,ACC000127,18402.29,0,BLOCK,0.0
TXN002836611,2024-01-04 15:16:43.000000,ACC001632,ACC034399,160.61,0,BLOCK,1.0
TXN002873877,2024-01-04 15:17:48.000000,ACC004800,ACC079385,302.37,0,BLOCK,1.0
TXN002862740,2024-01-04 15:18:28.000000,ACC001009,ACC073343,16.91,0,BLOCK,1.0
TXN002996391,2024-01-04 15:20:57.000000,ACC003892,ACC184769,292.06,0,BLOCK,1.0
TXN002934603,2024-01-04 15:23:05.000000,ACC013267,ACC005257,24281.44,0,BLOCK,0.0
TXN002899308,2024-01-04 15:23:15.487784,ACC001715,ACC006142,86709.62,1,BLOCK,1.0
TXN002996530,2024-01-04 15:24:41.177218,ACC119440,ACC000754,1411.21,1,BLOCK,0.0
TXN002911550,2024-01-04 15:28:31.000000,ACC004887,ACC117674,161.71,0,BLOCK,1.0
TXN002827078,2024-01-04 15:32:43.967297,ACC133716,ACC001133,12818.67,1,BLOCK,0.0
TXN002907486,2024-01-04 15:32:58.000000,ACC001684,ACC083197,1841.28,0,BLOCK,1.0
TXN002946132,2024-01-04 15:33:26.975032,ACC125643,ACC002266,367.79,1,BLOCK,0.0
TXN002882565,2024-01-04 15:33:50.000000,ACC002003,ACC118242,758.87,0,BLOCK,1.0
TXN002963913,2024-01-04 15:34:12.000000,ACC003401,ACC024877,4112.65,0,BLOCK,1.0
TXN002905606,2024-01-04 15:35:32.232347,ACC004468,ACC071755,36423.56,0,BLOCK,1.0
TXN002888682,2024-01-04 15:35:47.052399,ACC005928,ACC029555,61160.56,0,BLOCK,1.0
TXN002999128,2024-01-04 15:36:22.000000,ACC000380,ACC130497,8904.93,0,BLOCK,1.0
TXN002865439,2024-01-04 15:36:58.295307,ACC056379,ACC005451,1466.18,1,BLOCK,0.0
TXN002854019,2024-01-04 15:37:34.242901,ACC072647,ACC002077,1957.4,1,BLOCK,0.0
TXN002966074,2024-01-04 15:38:57.000000,ACC002218,ACC169648,607.36,0,BLOCK,1.0
TXN002857244,2024-01-04 15:39:15.834350,ACC005834,ACC072421,40910.1,0,BLOCK,1.0
TXN002939289,2024-01-04 15:39:32.145618,ACC075699,ACC002000,1111.26,1,BLOCK,0.0
TXN002936747,2024-01-04 15:40:37.690428,ACC004221,ACC166520,159371.98,1,BLOCK,1.0
TXN002924837,2024-01-04 15:40:38.616354,ACC073072,ACC002981,10958.39,1,BLOCK,0.0
TXN002984288,2024-01-04 15:40:48.000000,ACC005170,ACC032347,72.96,0,BLOCK,1.0
TXN002967248,2024-01-04 15:44:45.779712,ACC027778,ACC002203,880.34,1,BLOCK,0.0
TXN002905555,2024-01-04 15:45:22.846689,ACC114055,ACC005039,13296.27,1,BLOCK,0.0
TXN000165730,2024-01-04 15:45:41.382046,ACC128240,ACC093146,56900.52,0,STEP_UP,0.0
TXN002969868,2024-01-04 15:46:27.104561,ACC004925,ACC095169,70737.42,1,BLOCK,1.0
TXN002866223,2024-01-04 15:46:47.000000,ACC000152,ACC097916,71.6,0,BLOCK,1.0
TXN002957299,2024-01-04 15:50:10.000000,ACC002461,ACC013345,420.13,0,BLOCK,1.0
TXN000868110,2024-01-04 15:51:44.297902,ACC077959,ACC066605,90426.24,0,STEP_UP,0.0
TXN002995199,2024-01-04 15:52:25.626014,ACC010248,ACC001007,12964.54,1,BLOCK,0.0
TXN002827687,2024-01-04 15:53:37.000000,ACC003438,ACC154980,12582.8,0,BLOCK,1.0
TXN002988108,2024-01-04 15:55:02.218097,ACC100788,ACC003554,1571.69,1,BLOCK,0.0
TXN002855081,2024-01-04 15:56:52.001872,ACC005921,ACC004428,46384.42,1,BLOCK,1.0
TXN002853207,2024-01-04 15:57:52.160730,ACC201662,ACC005381,1417.17,1,BLOCK,0.0
TXN002881012,2024-01-04 15:59:46.000000,ACC001356,ACC185644,7078.83,0,BLOCK,1.0
TXN001092641,2024-01-04 16:00:00.000000,ACC204116,ACC201345,113067.46,0,STEP_UP,0.0
TXN002862047,2024-01-04 16:00:00.000000,ACC021914,ACC004736,51437.14,0,BLOCK,0.0
TXN001109933,2024-01-04 16:00:00.000000,ACC066695,ACC087449,78344.43,0,STEP_UP,0.0
TXN002849702,2024-01-04 16:00:00.000000,ACC154726,ACC000139,99199.72,0,BLOCK,0.0
TXN001051778,2024-01-04 16:00:00.000000,ACC011984,ACC081531,76964.9,0,STEP_UP,0.0
TXN002855070,2024-01-04 16:00:00.000000,ACC023374,ACC004428,54332.82,0,BLOCK,0.0
TXN000773583,2024-01-04 16:00:00.000000,ACC050845,ACC130393,48118.45,0,STEP_UP,0.0
TXN001235315,2024-01-04 16:00:00.000000,ACC178112,ACC140433,71661.91,0,STEP_UP,0.0
TXN002838713,2024-01-04 16:00:00.000000,ACC006158,ACC002316,143212.17,0,BLOCK,0.0
TXN002946682,2024-01-04 16:00:10.000000,ACC001442,ACC082966,269.24,0,BLOCK,1.0
TXN002945294,2024-01-04 16:00:32.000000,ACC000765,ACC147058,1270.47,0,BLOCK,1.0
TXN002840079,2024-01-04 16:00:35.782482,ACC160495,ACC006109,1896.97,1,BLOCK,0.0
TXN002865441,2024-01-04 16:00:59.221863,ACC158635,ACC005451,1465.89,1,BLOCK,0.0
TXN002890461,2024-01-04 16:01:47.000000,ACC003875,ACC190851,4237.16,0,BLOCK,1.0
TXN002989469,2024-01-04 16:03:33.000000,ACC002115,ACC036899,188.61,0,BLOCK,1.0
TXN000005038,2024-01-04 16:05:20.478574,ACC027016,ACC061789,51101.01,0,STEP_UP,0.0
TXN002935188,2024-01-04 16:05:37.000000,ACC004733,ACC042717,361.9,0,BLOCK,1.0
TXN002894657,2024-01-04 16:06:10.817491,ACC133066,ACC005892,554.84,1,BLOCK,0.0
TXN002893323,2024-01-04 16:06:28.194963,ACC077894,ACC000222,1422.18,1,BLOCK,0.0
TXN002833902,2024-01-04 16:07:46.159462,ACC002881,ACC178182,86351.45,0,BLOCK,1.0
TXN002833373,2024-01-04 16:11:54.746456,ACC172094,ACC004968,587.32,1,BLOCK,0.0
TXN002856535,2024-01-04 16:12:17.707417,ACC181660,ACC005360,1039.85,1,BLOCK,0.0
TXN002911276,2024-01-04 16:18:11.000000,ACC003066,ACC178383,1623.58,0,BLOCK,1.0
TXN002826921,2024-01-04 16:18:36.000000,ACC002477,ACC166203,5915.75,0,BLOCK,1.0
TXN002983013,2024-01-04 16:20:56.269451,ACC135748,ACC001874,1416.35,1,BLOCK,0.0
TXN002954778,2024-01-04 16:22:15.000000,ACC004048,ACC176286,1565.68,0,BLOCK,1.0
TXN002943873,2024-01-04 16:24:48.000000,ACC005373,ACC088838,1187.56,0,BLOCK,1.0
TXN002937122,2024-01-04 16:25:07.929983,ACC136794,ACC000474,1415.57,1,BLOCK,0.0
TXN002864019,2024-01-04 16:27:07.945377,ACC002507,ACC083150,44070.97,1,BLOCK,1.0
TXN002877228,2024-01-04 16:27:34.000000,ACC000105,ACC158732,6781.76,0,BLOCK,1.0
TXN002966237,2024-01-04 16:28:16.000000,ACC000694,ACC090771,451.63,0,BLOCK,1.0
TXN002996072,2024-01-04 16:29:37.626580,ACC193789,ACC004583,1072.09,1,BLOCK,0.0
TXN002865886,2024-01-04 16:29:43.000000,ACC002646,ACC086260,2369.19,0,BLOCK,1.0
TXN002964770,2024-01-04 16:31:39.000000,ACC002651,ACC064428,1040.78,0,BLOCK,1.0
TXN002579313,2024-01-04 16:34:58.966202,ACC129540,ACC068278,78177.04,0,STEP_UP,0.0
TXN002982508,2024-01-04 16:35:20.000000,ACC002325,ACC101909,4005.03,0,BLOCK,1.0
TXN002901906,2024-01-04 16:35:21.000000,ACC005487,ACC071463,1292.63,0,BLOCK,1.0
TXN002916619,2024-01-04 16:38:08.561378,ACC080338,ACC001181,265.63,1,BLOCK,0.0
TXN002864931,2024-01-04 16:38:23.000000,ACC004690,ACC031642,4709.95,0,BLOCK,1.0
TXN002845062,2024-01-04 16:38:36.972572,ACC198776,ACC002758,14319.56,1,BLOCK,0.0
TXN002942424,2024-01-04 16:38:53.050125,ACC003225,ACC057602,57622.36,0,BLOCK,1.0
TXN002858719,2024-01-04 16:38:57.313005,ACC123957,ACC005325,1356.29,1,BLOCK,0.0
TXN002340316,2024-01-04 16:39:21.704353,ACC137088,ACC051927,26937.83,0,STEP_UP,0.0
TXN002914757,2024-01-04 16:39:31.000000,ACC003012,ACC118543,141.94,0,BLOCK,1.0
TXN002861599,2024-01-04 16:39:45.029071,ACC113472,ACC002295,13643.88,1,BLOCK,0.0
TXN001854693,2024-01-04 16:43:47.187659,ACC090751,ACC073816,49070.01,0,STEP_UP,0.0
TXN002858079,2024-01-04 16:43:51.363880,ACC000865,ACC070648,74177.55,1,BLOCK,1.0
TXN002741254,2024-01-04 16:46:05.689882,ACC154581,ACC149778,48732.1,0,STEP_UP,0.0
TXN002907156,2024-01-04 16:46:38.072106,ACC185332,ACC002714,1606.58,1,BLOCK,0.0
TXN002828209,2024-01-04 16:49:04.248164,ACC140453,ACC005563,1757.92,1,BLOCK,0.0
TXN002835956,2024-01-04 16:50:07.000000,ACC000806,ACC109313,313.13,0,BLOCK,1.0
TXN002981254,2024-01-04 16:50:13.754144,ACC083587,ACC005970,14730.41,1,BLOCK,0.0
TXN002959099,2024-01-04 16:50:31.641994,ACC158950,ACC001391,1646.19,1,BLOCK,0.0
TXN002996534,2024-01-04 16:50:47.519012,ACC119440,ACC000754,1017.9,1,BLOCK,0.0
TXN002847256,2024-01-04 16:50:49.481785,ACC004568,ACC005933,87927.26,1,BLOCK,1.0
TXN002997666,2024-01-04 16:51:57.640407,ACC135051,ACC001617,12444.86,1,BLOCK,0.0
TXN002967165,2024-01-04 16:52:24.000000,ACC005191,ACC108870,1474.55,0,BLOCK,1.0
TXN000005039,2024-01-04 16:53:48.926096,ACC027016,ACC056911,53745.36,0,STEP_UP,0.0
TXN002991776,2024-01-04 16:54:53.000000,ACC002614,ACC128404,978.46,0,BLOCK,1.0
TXN002843401,2024-01-04 16:56:06.000000,ACC003035,ACC107769,5822.02,0,BLOCK,1.0
TXN002982465,2024-01-04 16:57:45.000000,ACC005115,ACC173961,689.41,0,BLOCK,1.0
TXN002055507,2024-01-04 17:00:00.000000,ACC069415,ACC143264,120384.92,0,STEP_UP,0.0
TXN001404430,2024-01-04 17:00:00.000000,ACC139068,ACC111779,105406.57,0,STEP_UP,0.0
TXN001450676,2024-01-04 17:00:00.000000,ACC115517,ACC077541,116565.69,0,STEP_UP,0.0
TXN002991425,2024-01-04 17:00:00.000000,ACC134630,ACC002513,117078.53,0,BLOCK,0.0
TXN002908980,2024-01-04 17:00:00.000000,ACC100564,ACC005149,49211.37,0,BLOCK,0.0
TXN001282638,2024-01-04 17:00:00.000000,ACC106804,ACC010947,140916.0,0,STEP_UP,0.0
TXN002865031,2024-01-04 17:00:00.000000,ACC101579,ACC001097,93366.85,0,BLOCK,0.0
TXN001243290,2024-01-04 17:00:00.000000,ACC126029,ACC085751,116591.43,0,STEP_UP,0.0
TXN001073701,2024-01-04 17:00:00.000000,ACC032451,ACC129419,59219.56,0,STEP_UP,0.0
TXN001159872,2024-01-04 17:00:00.000000,ACC039823,ACC012821,97966.93,0,STEP_UP,0.0
TXN002961525,2024-01-04 17:00:11.000000,ACC001666,ACC140820,651.91,0,BLOCK,1.0
TXN000167517,2024-01-04 17:01:25.000000,ACC066261,ACC139215,34842.07,0,STEP_UP,0.0
TXN002878457,2024-01-04 17:02:37.000000,ACC003825,ACC116470,660.27,0,BLOCK,1.0
TXN002959080,2024-01-04 17:03:32.872667,ACC189082,ACC001391,1276.37,1,BLOCK,0.0
TXN002973391,2024-01-04 17:03:37.054453,ACC081740,ACC000327,1850.75,1,BLOCK,0.0
TXN002889195,2024-01-04 17:05:39.137736,ACC181925,ACC004695,363.32,1,BLOCK,0.0
TXN002704373,2024-01-04 17:05:59.337213,ACC008897,ACC114150,61977.97,0,STEP_UP,0.0
TXN002944104,2024-01-04 17:06:04.291548,ACC100810,ACC002686,434.08,1,BLOCK,0.0
TXN002848589,2024-01-04 17:08:28.000000,ACC004933,ACC016841,10618.35,0,BLOCK,1.0
TXN002848187,2024-01-04 17:09:10.000000,ACC001226,ACC090229,1681.62,0,BLOCK,1.0
TXN002981263,2024-01-04 17:09:34.712924,ACC027158,ACC005970,12586.04,1,BLOCK,0.0
TXN002917755,2024-01-04 17:10:33.650823,ACC000883,ACC122154,80171.13,0,BLOCK,1.0
TXN002833109,2024-01-04 17:11:34.000000,ACC005653,ACC162751,99.25,0,BLOCK,1.0
TXN002853895,2024-01-04 17:15:32.636453,ACC005826,ACC072874,13502.36,0,BLOCK,1.0
TXN002409836,2024-01-04 17:15:46.202338,ACC165375,ACC178674,17165.07,0,BLOCK,0.0
TXN002833338,2024-01-04 17:16:15.000000,ACC004968,ACC021463,273.43,0,BLOCK,1.0
TXN002843619,2024-01-04 17:17:42.208416,ACC120127,ACC003919,12231.89,1,BLOCK,0.0
TXN002977771,2024-01-04 17:17:46.965150,ACC004278,ACC086493,42081.05,1,BLOCK,1.0
TXN002823561,2024-01-04 17:18:31.000000,ACC006060,ACC059858,657.71,0,BLOCK,1.0
TXN002862049,2024-01-04 17:18:39.543639,ACC004736,ACC080376,26440.95,0,BLOCK,1.0
TXN002863622,2024-01-04 17:18:40.000000,ACC003884,ACC023675,1614.99,0,BLOCK,1.0
TXN002911903,2024-01-04 17:19:40.081836,ACC005179,ACC003580,68063.16,1,BLOCK,1.0
TXN002828223,2024-01-04 17:20:19.195981,ACC137284,ACC005563,1360.84,1,BLOCK,0.0
TXN002999895,2024-01-04 17:22:24.000000,ACC002485,ACC203822,6901.19,0,BLOCK,1.0
TXN002889011,2024-01-04 17:23:57.000000,ACC003324,ACC175555,854.51,0,BLOCK,1.0
TXN002925064,2024-01-04 17:27:37.000000,ACC003499,ACC034348,274.05,0,BLOCK,1.0
TXN002939650,2024-01-04 17:28:09.000000,ACC003678,ACC067100,113.74,0,BLOCK,1.0
TXN002944108,2024-01-04 17:28:09.622099,ACC061212,ACC002686,519.27,1,BLOCK,0.0
TXN002876034,2024-01-04 17:28:45.000000,ACC002727,ACC143249,1158.01,0,BLOCK,1.0
TXN002054202,2024-01-04 17:29:48.803789,ACC088952,ACC065764,61834.02,0,STEP_UP,0.0
TXN002966767,2024-01-04 17:31:05.000000,ACC001265,ACC177070,241.1,0,BLOCK,1.0
TXN002924099,2024-01-04 17:35:11.000000,ACC001947,ACC033880,1123.02,0,BLOCK,1.0
TXN001915485,2024-01-04 17:36:39.591996,ACC021779,ACC083452,60419.22,0,STEP_UP,0.0
TXN002999063,2024-01-04 17:37:43.699484,ACC004047,ACC143643,47400.77,0,BLOCK,1.0
TXN002908700,2024-01-04 17:38:25.508782,ACC027217,ACC000237,14107.68,1,BLOCK,0.0
TXN002977731,2024-01-04 17:38:31.662405,ACC119748,ACC001041,1030.24,1,BLOCK,0.0
TXN000109976,2024-01-04 17:38:41.518512,ACC044646,ACC197188,46929.38,0,STEP_UP,0.0
TXN002939988,2024-01-04 17:41:22.889421,ACC005681,ACC016568,19426.22,1,STEP_UP,1.0
TXN002887323,2024-01-04 17:43:02.000000,ACC000177,ACC057167,296.02,0,BLOCK,0.8768
TXN002943115,2024-01-04 17:44:54.514490,ACC005910,ACC156624,52786.15,0,BLOCK,1.0
TXN002827093,2024-01-04 17:45:47.607740,ACC110733,ACC001133,14201.87,1,BLOCK,0.0
TXN002834652,2024-01-04 17:48:23.844209,ACC054474,ACC002483,1646.16,1,BLOCK,0.0
TXN002865438,2024-01-04 17:49:20.610546,ACC137472,ACC005451,262.17,1,BLOCK,0.0
TXN002833918,2024-01-04 17:50:01.313429,ACC002468,ACC002881,28804.96,1,BLOCK,1.0
TXN002969086,2024-01-04 17:51:11.914937,ACC000466,ACC127294,17358.25,0,BLOCK,1.0
TXN002938488,2024-01-04 17:51:17.000000,ACC005503,ACC183204,448.96,0,BLOCK,1.0
TXN002954960,2024-01-04 17:51:39.000000,ACC005462,ACC183037,231.41,0,BLOCK,1.0
TXN002871487,2024-01-04 17:52:01.000000,ACC002656,ACC146716,1250.44,0,BLOCK,1.0
TXN002822584,2024-01-04 17:52:24.031943,ACC006131,ACC195826,7760.35,0,BLOCK,1.0
TXN002862048,2024-01-04 17:53:09.940841,ACC004736,ACC127175,24757.98,0,BLOCK,1.0
TXN002996240,2024-01-04 17:55:12.774607,ACC020668,ACC003652,1998.03,1,BLOCK,0.0
TXN002865433,2024-01-04 17:55:22.572136,ACC024101,ACC005451,1367.1,1,BLOCK,0.0
TXN002980222,2024-01-04 17:55:28.000000,ACC002984,ACC029012,9412.28,0,BLOCK,1.0
TXN002814442,2024-01-04 17:56:00.731857,ACC080337,ACC003449,632.53,1,BLOCK,0.0
TXN002984187,2024-01-04 18:00:00.000000,ACC059818,ACC005080,121646.35,0,BLOCK,0.0
TXN000830306,2024-01-04 18:00:00.000000,ACC074283,ACC131271,82481.9,0,STEP_UP,0.0
TXN002871056,2024-01-04 18:00:00.000000,ACC201320,ACC003692,50297.94,0,BLOCK,0.0
TXN001939300,2024-01-04 18:00:00.000000,ACC056830,ACC047505,130346.64,0,STEP_UP,0.0
TXN001446451,2024-01-04 18:00:00.000000,ACC163411,ACC159195,135545.79,0,STEP_UP,0.0
TXN002578453,2024-01-04 18:00:00.000000,ACC125509,ACC076328,137889.81,0,STEP_UP,0.0
TXN000788904,2024-01-04 18:00:00.000000,ACC073005,ACC139895,33253.34,0,STEP_UP,0.0
TXN002955019,2024-01-04 18:00:00.000000,ACC015536,ACC000743,99481.38,0,BLOCK,0.0
TXN002222168,2024-01-04 18:00:00.000000,ACC144349,ACC063852,66548.3,0,STEP_UP,0.0
TXN002825282,2024-01-04 18:00:32.981347,ACC149463,ACC005857,251.77,1,BLOCK,0.0
TXN002857242,2024-01-04 18:00:36.629259,ACC005834,ACC069274,37615.27,0,BLOCK,1.0
TXN002917784,2024-01-04 18:00:54.451835,ACC133688,ACC004506,1201.52,1,BLOCK,0.0
TXN002983766,2024-01-04 18:03:31.419320,ACC117014,ACC000985,1786.18,1,BLOCK,0.0
TXN002977768,2024-01-04 18:04:24.878520,ACC004278,ACC127881,42177.29,1,BLOCK,1.0
TXN001087415,2024-01-04 18:04:35.084292,ACC120824,ACC103602,47773.55,0,STEP_UP,0.0
TXN001301452,2024-01-04 18:09:31.061603,ACC135515,ACC011206,61493.85,0,STEP_UP,0.0
TXN002999560,2024-01-04 18:10:59.000000,ACC003870,ACC018823,79.84,0,BLOCK,1.0
TXN002832502,2024-01-04 18:11:05.997204,ACC061661,ACC004122,11124.93,1,BLOCK,0.0
TXN002219821,2024-01-04 18:11:36.155110,ACC055830,ACC167523,42876.52,0,STEP_UP,0.0
TXN002219819,2024-01-04 18:11:42.118936,ACC055830,ACC200550,54500.44,0,STEP_UP,0.0
TXN002967261,2024-01-04 18:13:16.702104,ACC036287,ACC002203,1495.63,1,BLOCK,0.0
TXN002915054,2024-01-04 18:15:51.000000,ACC005038,ACC173155,1127.49,0,BLOCK,1.0
TXN002854271,2024-01-04 18:20:01.000000,ACC005800,ACC112347,552.37,0,BLOCK,1.0
TXN002877370,2024-01-04 18:20:27.000000,ACC001008,ACC194060,1850.91,0,BLOCK,1.0
TXN002839471,2024-01-04 18:20:38.000000,ACC000429,ACC148326,205.26,0,BLOCK,1.0
TXN002996264,2024-01-04 18:27:06.742768,ACC107727,ACC003652,1881.37,1,BLOCK,0.0
TXN002887545,2024-01-04 18:27:19.000000,ACC003471,ACC098548,2344.84,0,BLOCK,1.0
TXN002828825,2024-01-04 18:28:13.829849,ACC001399,ACC000149,58119.22,1,BLOCK,1.0
TXN002943620,2024-01-04 18:30:34.000000,ACC002066,ACC151792,292.17,0,BLOCK,1.0
TXN002840098,2024-01-04 18:31:11.157537,ACC166387,ACC006109,342.49,1,BLOCK,0.0
TXN002996953,2024-01-04 18:31:29.000000,ACC005706,ACC116875,1419.57,0,BLOCK,1.0
TXN002916603,2024-01-04 18:33:03.963956,ACC013781,ACC001181,1718.2,1,BLOCK,0.0
TXN002950926,2024-01-04 18:34:09.000000,ACC005169,ACC151211,1166.92,0,BLOCK,1.0
TXN002861157,2024-01-04 18:37:11.000000,ACC003559,ACC075177,1505.73,0,BLOCK,1.0
TXN002881210,2024-01-04 18:38:03.598528,ACC000086,ACC000508,95672.31,1,BLOCK,1.0
TXN002939299,2024-01-04 18:41:54.249000,ACC162271,ACC002000,461.39,1,BLOCK,0.0
TXN002992289,2024-01-04 18:42:02.216682,ACC079284,ACC000341,1978.4,1,BLOCK,0.0
TXN001915484,2024-01-04 18:44:28.837387,ACC021779,ACC088089,51069.17,0,STEP_UP,0.0
TXN002894665,2024-01-04 18:47:47.392420,ACC012690,ACC005892,1941.55,1,BLOCK,0.0
TXN002995278,2024-01-04 18:48:22.799037,ACC005141,ACC149223,72222.53,0,BLOCK,1.0
TXN002651911,2024-01-04 18:48:23.000000,ACC014288,ACC052385,37247.79,0,STEP_UP,0.0
TXN002863434,2024-01-04 18:48:35.019961,ACC029990,ACC003806,264.67,1,BLOCK,0.0
TXN002917782,2024-01-04 18:50:56.870481,ACC100640,ACC004506,1950.95,1,BLOCK,0.0
TXN002945314,2024-01-04 18:50:59.000000,ACC002602,ACC200022,874.42,0,BLOCK,1.0
TXN002852975,2024-01-04 18:51:00.843999,ACC003647,ACC148100,14275.04,0,BLOCK,1.0
TXN002991622,2024-01-04 18:56:21.600494,ACC003359,ACC002753,100000.0,1,BLOCK,1.0
TXN002972133,2024-01-04 18:56:35.000000,ACC005538,ACC080388,3132.09,0,BLOCK,1.0
TXN002931560,2024-01-04 18:57:13.000000,ACC002546,ACC040736,442.82,0,BLOCK,1.0
TXN002853390,2024-01-04 19:02:33.000000,ACC001517,ACC027033,153.7,0,BLOCK,1.0
TXN002940278,2024-01-04 19:04:36.000000,ACC004375,ACC189426,663.57,0,BLOCK,1.0
TXN002923012,2024-01-04 19:04:36.000000,ACC001704,ACC085024,4185.72,0,BLOCK,1.0
TXN001153195,2024-01-04 19:04:37.766084,ACC176925,ACC123023,25444.8,0,STEP_UP,0.0
TXN002833368,2024-01-04 19:06:16.462319,ACC114338,ACC004968,681.35,1,BLOCK,0.0
TXN002926856,2024-01-04 19:10:27.533355,ACC001790,ACC001299,135458.92,1,BLOCK,1.0
TXN002852383,2024-01-04 19:13:13.000000,ACC002864,ACC160521,1731.94,0,BLOCK,1.0
TXN002947561,2024-01-04 19:13:45.886814,ACC105920,ACC003002,14687.19,1,BLOCK,0.0
TXN002971418,2024-01-04 19:16:47.465225,ACC076699,ACC001643,626.45,1,BLOCK,0.0
TXN002870220,2024-01-04 19:18:58.070539,ACC045040,ACC003029,302.96,1,BLOCK,0.0
TXN002959101,2024-01-04 19:20:48.219858,ACC164078,ACC001391,1904.04,1,BLOCK,0.0
TXN002918384,2024-01-04 19:20:50.000000,ACC003603,ACC112485,7128.78,0,BLOCK,1.0
TXN002895657,2024-01-04 19:22:22.706012,ACC064251,ACC003723,11047.11,1,BLOCK,0.0
TXN002991303,2024-01-04 19:26:09.000000,ACC001211,ACC020413,272.55,0,BLOCK,1.0
TXN002872075,2024-01-04 19:30:20.205758,ACC079449,ACC003204,1640.5,1,BLOCK,0.0
TXN002893330,2024-01-04 19:30:20.414330,ACC090572,ACC000222,1932.77,1,BLOCK,0.0
TXN002914541,2024-01-04 19:30:28.144259,ACC006138,ACC060159,20099.99,0,BLOCK,1.0
TXN002943654,2024-01-04 19:30:35.142447,ACC069784,ACC000397,369.05,1,BLOCK,0.0
TXN002895664,2024-01-04 19:32:26.006472,ACC037375,ACC003723,12394.64,1,BLOCK,0.0
TXN002966519,2024-01-04 19:32:43.000000,ACC004730,ACC108439,376.91,0,BLOCK,1.0
TXN002844737,2024-01-04 19:37:31.396877,ACC003748,ACC137327,45798.37,0,BLOCK,1.0
TXN002981270,2024-01-04 19:39:24.401319,ACC034448,ACC005970,10831.31,1,BLOCK,0.0
TXN002975173,2024-01-04 19:39:57.663156,ACC003664,ACC076122,42752.2,0,BLOCK,1.0
TXN002923446,2024-01-04 19:41:50.762197,ACC033967,ACC004052,10392.03,1,BLOCK,0.0
TXN002865032,2024-01-04 19:43:20.070640,ACC001097,ACC101579,40580.85,0,BLOCK,1.0
TXN002924843,2024-01-04 19:44:15.844069,ACC069459,ACC002981,10124.93,1,BLOCK,0.0
TXN002983017,2024-01-04 19:45:31.502451,ACC082090,ACC001874,893.82,1,BLOCK,0.0
TXN002907818,2024-01-04 19:45:41.334795,ACC021288,ACC002742,1787.46,1,BLOCK,0.0
TXN002863446,2024-01-04 19:46:03.562125,ACC118344,ACC003806,444.43,1,BLOCK,0.0
TXN002977738,2024-01-04 19:46:29.501790,ACC054428,ACC001041,1398.87,1,BLOCK,0.0
TXN002996079,2024-01-04 19:46:43.852583,ACC150716,ACC004583,1694.02,1,BLOCK,0.0
TXN002895653,2024-01-04 19:47:25.732952,ACC064251,ACC003723,14304.6,1,BLOCK,0.0
TXN002997672,2024-01-04 19:50:52.482311,ACC093840,ACC001617,12258.24,1,BLOCK,0.0
TXN002907151,2024-01-04 19:51:07.681022,ACC184942,ACC002714,1073.41,1,BLOCK,0.0
TXN002923448,2024-01-04 19:57:18.605955,ACC033967,ACC004052,12097.27,1,BLOCK,0.0
TXN002937846,2024-01-04 19:57:20.000000,ACC002379,ACC192562,5201.62,0,BLOCK,1.0
TXN002996078,2024-01-04 19:57:30.631497,ACC128812,ACC004583,388.8,1,BLOCK,0.0
TXN002943668,2024-01-04 19:58:40.369385,ACC191187,ACC000397,813.39,1,BLOCK,0.0
TXN002917010,2024-01-04 19:59:02.102446,ACC076563,ACC002847,611.88,1,BLOCK,0.0
TXN002947574,2024-01-04 20:00:45.493707,ACC190064,ACC003002,13175.59,1,BLOCK,0.0
TXN002863444,2024-01-04 20:01:07.785626,ACC143883,ACC003806,1926.2,1,BLOCK,0.0
TXN002869211,2024-01-04 20:01:10.501831,ACC004446,ACC165741,21333.82,0,BLOCK,1.0
TXN002983759,2024-01-04 20:02:08.324231,ACC117014,ACC000985,1133.34,1,BLOCK,0.0
TXN002944253,2024-01-04 20:03:14.029791,ACC106816,ACC003932,1215.65,1,BLOCK,0.0
TXN002943661,2024-01-04 20:05:48.825822,ACC007012,ACC000397,1800.49,1,BLOCK,0.0
TXN002942474,2024-01-04 20:08:24.835440,ACC003329,ACC049094,44546.97,0,BLOCK,1.0
TXN002967258,2024-01-04 20:10:36.829697,ACC150306,ACC002203,1034.04,1,BLOCK,0.0
TXN002916618,2024-01-04 20:10:46.722402,ACC151362,ACC001181,1194.14,1,BLOCK,0.0
TXN002885291,2024-01-04 20:11:52.477362,ACC001698,ACC146566,49155.78,1,BLOCK,1.0
TXN002997681,2024-01-04 20:12:58.395484,ACC131402,ACC001617,12574.41,1,BLOCK,0.0
TXN002860154,2024-01-04 20:13:32.150727,ACC002113,ACC004946,26304.16,1,BLOCK,1.0
TXN002881382,2024-01-04 20:16:19.040905,ACC008948,ACC001034,1641.86,1,BLOCK,0.0
TXN002906514,2024-01-04 20:16:23.000000,ACC005032,ACC103633,1037.75,0,BLOCK,1.0
TXN002840087,2024-01-04 20:17:20.957478,ACC159508,ACC006109,220.03,1,BLOCK,0.0
TXN002944247,2024-01-04 20:18:03.963373,ACC102954,ACC003932,1391.65,1,BLOCK,0.0
TXN002935627,2024-01-04 20:24:24.991920,ACC165579,ACC000810,1766.4,1,BLOCK,0.0
TXN002888491,2024-01-04 20:25:36.000000,ACC000279,ACC172751,662.79,0,BLOCK,1.0
TXN002903969,2024-01-04 20:30:13.000000,ACC005657,ACC042405,152.84,0,BLOCK,1.0
TXN002912899,2024-01-04 20:34:08.000000,ACC000345,ACC028525,742.49,0,BLOCK,1.0
TXN002845461,2024-01-04 20:34:30.868889,ACC136275,ACC004577,14120.88,1,BLOCK,0.0
TXN002942644,2024-01-04 20:34:33.679404,ACC156852,ACC006144,1280.18,1,BLOCK,0.0
TXN002969087,2024-01-04 20:34:33.859917,ACC000466,ACC137296,24671.97,0,BLOCK,1.0
TXN000161266,2024-01-04 20:38:28.000000,ACC157917,ACC101288,29343.26,0,STEP_UP,0.0
TXN002969117,2024-01-04 20:40:56.000000,ACC005264,ACC034748,3815.02,0,BLOCK,1.0
TXN002870221,2024-01-04 20:42:03.638836,ACC077427,ACC003029,739.05,1,BLOCK,0.0
TXN002872056,2024-01-04 20:44:42.900733,ACC053158,ACC003204,1198.74,1,BLOCK,0.0
TXN002944174,2024-01-04 20:45:04.312806,ACC004749,ACC001544,14853.34,1,BLOCK,1.0
TXN002960937,2024-01-04 20:45:51.000000,ACC003053,ACC130165,4403.54,0,BLOCK,1.0
TXN002935623,2024-01-04 20:46:01.615812,ACC067056,ACC000810,1937.63,1,BLOCK,0.0
TXN000184496,2024-01-04 20:46:01.784401,ACC124471,ACC160174,42687.44,0,STEP_UP,0.0
TXN002818189,2024-01-04 20:49:46.000000,ACC004296,ACC109029,1715.58,0,BLOCK,1.0
TXN002939993,2024-01-04 20:51:54.484846,ACC001289,ACC005681,16279.74,1,BLOCK,1.0
TXN002944399,2024-01-04 20:54:02.000000,ACC002926,ACC181200,202.32,0,BLOCK,1.0
TXN002886829,2024-01-04 20:55:46.809222,ACC005492,ACC041874,68983.25,1,BLOCK,1.0
TXN002910050,2024-01-04 20:58:24.567727,ACC003934,ACC137592,8119.94,0,BLOCK,1.0
TXN002948177,2024-01-04 20:58:46.667244,ACC005084,ACC170224,12361.04,0,BLOCK,1.0
TXN002973411,2024-01-04 21:00:48.738272,ACC085219,ACC000327,595.64,1,BLOCK,0.0
TXN002939300,2024-01-04 21:06:26.739583,ACC113308,ACC002000,1206.1,1,BLOCK,0.0
TXN002996543,2024-01-04 21:07:41.037593,ACC025207,ACC000754,1637.68,1,BLOCK,0.0
TXN002924831,2024-01-04 21:09:24.256535,ACC166337,ACC002981,14511.3,1,BLOCK,0.0
TXN002905302,2024-01-04 21:12:38.894562,ACC003948,ACC003889,18598.09,1,BLOCK,1.0
TXN002741255,2024-01-04 21:14:19.484086,ACC154581,ACC079962,70388.43,0,STEP_UP,0.0
TXN002829884,2024-01-04 21:14:53.501068,ACC000923,ACC032286,73101.23,0,BLOCK,1.0
TXN002916020,2024-01-04 21:16:03.000000,ACC004349,ACC024080,331.86,0,BLOCK,1.0
TXN002982828,2024-01-04 21:17:28.000000,ACC003966,ACC015159,892.8,0,BLOCK,1.0
TXN002988097,2024-01-04 21:19:10.261482,ACC103328,ACC003554,776.98,1,BLOCK,0.0
TXN002759384,2024-01-04 21:21:01.224346,ACC059360,ACC160994,50740.35,0,STEP_UP,0.0
TXN002995280,2024-01-04 21:21:38.719066,ACC005141,ACC037034,45912.6,0,BLOCK,1.0
TXN002838813,2024-01-04 21:22:38.089991,ACC001523,ACC094118,86989.26,1,BLOCK,1.0
TXN002840077,2024-01-04 21:24:34.952197,ACC110040,ACC006109,1540.22,1,BLOCK,0.0
TXN002865033,2024-01-04 21:24:42.491087,ACC001097,ACC084135,30722.3,0,BLOCK,1.0
TXN002894640,2024-01-04 21:26:32.881027,ACC012690,ACC005892,512.4,1,BLOCK,0.0
TXN002831416,2024-01-04 21:28:25.979648,ACC106361,ACC001939,14136.4,1,BLOCK,0.0
TXN002863447,2024-01-04 21:29:46.018704,ACC197484,ACC003806,1395.73,1,BLOCK,0.0
TXN002928913,2024-01-04 21:33:02.000000,ACC000820,ACC143020,18.81,0,BLOCK,1.0
TXN002853194,2024-01-04 21:34:02.328149,ACC145369,ACC005381,1057.12,1,BLOCK,0.0
TXN002971415,2024-01-04 21:36:35.741285,ACC035426,ACC001643,1863.37,1,BLOCK,0.0
TXN000682973,2024-01-04 21:36:41.777219,ACC126204,ACC085209,54967.08,0,STEP_UP,0.0
TXN002982990,2024-01-04 21:36:45.723242,ACC151153,ACC001874,382.45,1,BLOCK,0.0
TXN002925384,2024-01-04 21:36:55.578834,ACC067220,ACC004038,11770.0,1,BLOCK,0.0
TXN002862050,2024-01-04 21:36:57.336157,ACC004736,ACC044760,32365.43,0,BLOCK,1.0
TXN002977732,2024-01-04 21:39:31.675401,ACC112034,ACC001041,1737.0,1,BLOCK,0.0
TXN002881359,2024-01-04 21:40:26.145553,ACC163025,ACC001034,736.61,1,BLOCK,0.0
TXN001930330,2024-01-04 21:41:27.039214,ACC136266,ACC081883,52980.14,0,STEP_UP,0.0
TXN002961279,2024-01-04 21:42:50.988792,ACC000492,ACC010522,54636.41,0,BLOCK,1.0
TXN002907630,2024-01-04 21:44:30.652422,ACC005316,ACC150663,12655.17,0,BLOCK,1.0
TXN002995196,2024-01-04 21:45:00.432746,ACC160641,ACC001007,11736.06,1,BLOCK,0.0
TXN002977741,2024-01-04 21:45:56.289119,ACC007511,ACC001041,1355.63,1,BLOCK,0.0
TXN002871379,2024-01-04 21:45:57.349151,ACC001425,ACC005189,166765.68,1,BLOCK,1.0
TXN002828029,2024-01-04 21:46:33.015510,ACC082291,ACC002071,13782.87,1,BLOCK,0.0
TXN002840319,2024-01-04 21:51:10.000000,ACC001527,ACC059601,549.29,0,BLOCK,1.0
TXN002871748,2024-01-04 21:51:36.479792,ACC193738,ACC000762,11528.12,1,BLOCK,0.0
TXN002853893,2024-01-04 21:52:39.593781,ACC005826,ACC107428,15040.68,0,BLOCK,1.0
TXN002889138,2024-01-04 21:57:46.029023,ACC141325,ACC005810,11130.2,1,BLOCK,0.0
TXN002833374,2024-01-04 21:58:15.702226,ACC051840,ACC004968,527.31,1,BLOCK,0.0
TXN002998760,2024-01-04 22:00:14.321446,ACC005370,ACC177867,45262.22,1,BLOCK,1.0
TXN002916601,2024-01-04 22:02:30.266896,ACC112450,ACC001181,319.51,1,BLOCK,0.0
TXN002759399,2024-01-04 22:05:17.455426,ACC059360,ACC183941,30180.59,0,STEP_UP,0.0
TXN002863450,2024-01-04 22:07:27.738031,ACC054423,ACC003806,1918.31,1,BLOCK,0.0
TXN002975486,2024-01-04 22:08:02.877274,ACC189377,ACC003842,12798.99,1,BLOCK,0.0
TXN002877554,2024-01-04 22:08:04.334957,ACC142385,ACC003933,10439.38,1,BLOCK,0.0
TXN002935631,2024-01-04 22:08:11.993517,ACC142509,ACC000810,1630.11,1,BLOCK,0.0
TXN002907629,2024-01-04 22:08:15.973121,ACC005316,ACC163604,6946.6,0,BLOCK,1.0
TXN002919633,2024-01-04 22:09:02.194263,ACC001917,ACC108345,13671.92,0,BLOCK,1.0
TXN002873691,2024-01-04 22:09:45.595945,ACC026221,ACC000293,14816.16,1,BLOCK,0.0
TXN002894630,2024-01-04 22:09:54.176185,ACC083232,ACC005892,527.55,1,BLOCK,0.0
TXN002849704,2024-01-04 22:09:55.052349,ACC000139,ACC154726,32900.85,0,BLOCK,1.0
TXN002923214,2024-01-04 22:11:32.525349,ACC004887,ACC000562,35176.13,1,BLOCK,1.0
TXN002844539,2024-01-04 22:12:44.393360,ACC001289,ACC048392,27318.48,0,BLOCK,1.0
TXN002853190,2024-01-04 22:13:34.525331,ACC054853,ACC005381,1948.54,1,BLOCK,0.0
TXN002741256,2024-01-04 22:13:37.945345,ACC154581,ACC126653,63214.28,0,STEP_UP,0.0
TXN002920522,2024-01-04 22:18:28.382450,ACC004963,ACC008701,116604.49,1,BLOCK,1.0
TXN002933148,2024-01-04 22:19:28.968992,ACC001219,ACC138411,46955.34,1,BLOCK,1.0
TXN002944122,2024-01-04 22:19:59.621960,ACC049687,ACC002686,947.86,1,BLOCK,0.0
TXN002939990,2024-01-04 22:21:45.399961,ACC005681,ACC016568,39987.08,1,BLOCK,1.0
TXN002853210,2024-01-04 22:22:29.160445,ACC197291,ACC005381,1580.91,1,BLOCK,0.0
TXN002937113,2024-01-04 22:24:58.677189,ACC136794,ACC000474,1565.95,1,BLOCK,0.0
TXN001841492,2024-01-04 22:26:20.951619,ACC051129,ACC084655,42427.87,0,STEP_UP,0.0
TXN002827918,2024-01-04 22:27:25.294410,ACC083239,ACC004703,14478.53,1,BLOCK,0.0
TXN001761837,2024-01-04 22:27:50.979237,ACC145450,ACC166667,28742.56,0,STEP_UP,0.0
TXN002917797,2024-01-04 22:44:00.267626,ACC194057,ACC004506,1722.74,1,BLOCK,0.0
TXN002854028,2024-01-04 22:45:05.988570,ACC113235,ACC002077,774.66,1,BLOCK,0.0
TXN002833363,2024-01-04 22:46:51.762468,ACC111371,ACC004968,461.48,1,BLOCK,0.0
TXN002832498,2024-01-04 22:48:38.089492,ACC087464,ACC004122,14913.07,1,BLOCK,0.0
TXN002917819,2024-01-04 22:49:27.044230,ACC158668,ACC004506,501.03,1,BLOCK,0.0
TXN002759383,2024-01-04 22:49:42.556872,ACC059360,ACC085987,49318.26,0,STEP_UP,0.0
TXN002961912,2024-01-04 22:50:23.095551,ACC001966,ACC000436,100000.0,1,BLOCK,1.0
TXN002950308,2024-01-04 22:51:49.000000,ACC004148,ACC047857,1108.26,0,BLOCK,1.0
TXN002984188,2024-01-04 22:53:51.968752,ACC005080,ACC125575,57756.54,0,BLOCK,1.0
TXN002814433,2024-01-04 22:54:04.349653,ACC104519,ACC003449,1745.16,1,BLOCK,0.0
TXN002917004,2024-01-04 22:54:18.128126,ACC014584,ACC002847,1911.0,1,BLOCK,0.0
TXN002816726,2024-01-04 22:55:11.092670,ACC005394,ACC112637,12441.65,1,BLOCK,1.0
TXN002831413,2024-01-04 22:56:24.951126,ACC175936,ACC001939,11464.49,1,BLOCK,0.0
TXN002839094,2024-01-04 22:56:41.787164,ACC004829,ACC194717,42379.81,0,BLOCK,1.0
TXN002947792,2024-01-04 22:58:30.000000,ACC001224,ACC043371,364.02,0,BLOCK,1.0
TXN002944129,2024-01-04 23:03:11.741624,ACC008087,ACC002686,1402.94,1,BLOCK,0.0
TXN002959084,2024-01-04 23:04:09.174247,ACC035565,ACC001391,1131.93,1,BLOCK,0.0
TXN002899309,2024-01-04 23:04:53.231676,ACC006142,ACC000401,84108.33,1,BLOCK,1.0
TXN002977714,2024-01-04 23:05:40.283527,ACC204219,ACC001041,732.97,1,BLOCK,0.0
TXN002989734,2024-01-04 23:06:53.000000,ACC004006,ACC059704,1491.96,0,BLOCK,1.0
TXN002935536,2024-01-04 23:08:34.402615,ACC149154,ACC002624,13025.71,1,BLOCK,0.0
TXN002907146,2024-01-04 23:09:30.311757,ACC123071,ACC002714,282.77,1,BLOCK,0.0
TXN002891621,2024-01-04 23:09:57.000000,ACC005019,ACC176078,709.87,0,BLOCK,1.0
TXN002929920,2024-01-04 23:10:14.000000,ACC002688,ACC055758,1174.86,0,BLOCK,1.0
TXN002846958,2024-01-04 23:15:24.202774,ACC001820,ACC075898,163098.84,1,BLOCK,1.0
TXN002981340,2024-01-04 23:20:45.120297,ACC001936,ACC191496,34316.14,1,BLOCK,1.0
TXN002983763,2024-01-04 23:22:03.329729,ACC201247,ACC000985,984.7,1,BLOCK,0.0
TXN002814427,2024-01-04 23:23:59.255581,ACC045032,ACC003449,472.22,1,BLOCK,0.0
TXN002944640,2024-01-04 23:25:15.937997,ACC009312,ACC000537,1690.09,1,BLOCK,0.0
TXN002844736,2024-01-04 23:28:38.715894,ACC003748,ACC033243,21317.5,0,BLOCK,1.0
TXN002893332,2024-01-04 23:28:57.105136,ACC123218,ACC000222,1649.43,1,BLOCK,0.0
TXN002943662,2024-01-04 23:29:02.481898,ACC093914,ACC000397,1673.3,1,BLOCK,0.0
TXN002948176,2024-01-04 23:30:59.987385,ACC005084,ACC107808,6251.81,0,BLOCK,1.0
TXN001297680,2024-01-04 23:36:05.878866,ACC013292,ACC177123,44071.01,0,STEP_UP,0.0
TXN000109977,2024-01-04 23:40:03.802447,ACC044646,ACC135391,50149.8,0,STEP_UP,0.0
TXN002822585,2024-01-04 23:40:06.616178,ACC006131,ACC050452,6975.17,0,BLOCK,1.0
TXN002967257,2024-01-04 23:40:39.919965,ACC164652,ACC002203,1132.62,1,BLOCK,0.0
TXN001749206,2024-01-04 23:43:12.132799,ACC084133,ACC015808,50171.91,0,STEP_UP,0.0
TXN002858290,2024-01-04 23:43:28.613291,ACC055175,ACC000089,593.24,1,BLOCK,0.0
TXN002833903,2024-01-04 23:48:45.751860,ACC002881,ACC168911,80168.36,0,BLOCK,1.0
TXN002939177,2024-01-04 23:50:30.717770,ACC028357,ACC000587,10762.92,1,BLOCK,0.0
TXN002943064,2024-01-04 23:56:54.448003,ACC024760,ACC000041,12697.92,1,BLOCK,0.0
TXN002829886,2024-01-04 23:57:07.023958,ACC000923,ACC049828,41764.29,0,BLOCK,1.0
TXN002856873,2024-01-05 00:00:00.000000,ACC002577,ACC177073,44005.15,1,BLOCK,1.0
TXN002984290,2024-01-05 00:00:00.000000,ACC000935,ACC005170,15756.61,1,BLOCK,1.0
TXN002871740,2024-01-05 00:00:00.000000,ACC003782,ACC002690,75312.18,1,BLOCK,1.0
TXN002989420,2024-01-05 00:00:00.000000,ACC001478,ACC115736,42905.72,1,BLOCK,1.0
TXN002984643,2024-01-05 00:00:00.000000,ACC003879,ACC130574,40250.83,1,BLOCK,1.0
TXN002906592,2024-01-05 00:00:00.000000,ACC002548,ACC006129,68733.74,1,BLOCK,1.0
TXN002872480,2024-01-05 00:00:00.000000,ACC000681,ACC002820,100000.0,1,BLOCK,1.0
TXN002845487,2024-01-05 00:00:00.000000,ACC003288,ACC002650,80859.99,1,BLOCK,1.0
TXN002875153,2024-01-05 00:00:00.000000,ACC001709,ACC045403,46306.28,1,BLOCK,1.0
TXN002835580,2024-01-05 00:00:00.000000,ACC002822,ACC111610,34395.88,1,BLOCK,1.0
TXN002876122,2024-01-05 00:00:00.000000,ACC004968,ACC000564,63139.84,1,BLOCK,1.0
TXN002860593,2024-01-05 00:00:00.000000,ACC001667,ACC004064,51976.98,1,BLOCK,1.0
TXN002827998,2024-01-05 00:00:00.000000,ACC004916,ACC004511,100000.0,1,BLOCK,1.0
TXN002843579,2024-01-05 00:00:00.000000,ACC002311,ACC049924,41413.92,1,BLOCK,1.0
TXN002991071,2024-01-05 00:00:00.000000,ACC004481,ACC016279,46615.7,1,BLOCK,1.0
TXN002842812,2024-01-05 00:00:00.000000,ACC001961,ACC080752,40737.62,1,BLOCK,1.0
TXN002822986,2024-01-05 00:00:00.000000,ACC004783,ACC001266,100000.0,1,BLOCK,1.0
TXN002961114,2024-01-05 00:00:00.000000,ACC004110,ACC063612,37995.22,1,BLOCK,1.0
TXN002841634,2024-01-05 00:00:00.000000,ACC002115,ACC004127,41893.46,1,BLOCK,1.0
TXN002960447,2024-01-05 00:00:00.000000,ACC004524,ACC003995,43054.62,1,BLOCK,1.0
TXN002911821,2024-01-05 00:00:00.000000,ACC000793,ACC001954,100000.0,1,BLOCK,1.0
TXN002955879,2024-01-05 00:00:00.000000,ACC004677,ACC067088,43740.36,1,BLOCK,1.0
TXN002967110,2024-01-05 00:00:00.000000,ACC001303,ACC083170,45658.5,1,BLOCK,1.0
TXN002857035,2024-01-05 00:00:00.000000,ACC000211,ACC009743,44737.68,1,BLOCK,1.0
TXN002997866,2024-01-05 00:00:00.000000,ACC005203,ACC003754,58311.5,1,BLOCK,1.0
TXN002975840,2024-01-05 00:00:00.000000,ACC005938,ACC002288,100000.0,1,BLOCK,1.0
TXN002878194,2024-01-05 00:00:00.000000,ACC002745,ACC104196,40482.73,1,BLOCK,1.0
TXN002887653,2024-01-05 00:00:00.000000,ACC003777,ACC004393,18291.65,1,BLOCK,1.0
TXN002944030,2024-01-05 00:00:00.000000,ACC000548,ACC003728,67806.35,1,BLOCK,1.0
TXN002814474,2024-01-05 00:00:00.000000,ACC003786,ACC001362,11378.68,1,BLOCK,1.0
TXN002840443,2024-01-05 00:00:00.000000,ACC005665,ACC003970,181025.38,1,BLOCK,1.0
TXN002890080,2024-01-05 00:00:00.000000,ACC002327,ACC005541,41884.97,1,BLOCK,1.0
TXN002856081,2024-01-05 00:00:00.000000,ACC004041,ACC003269,100000.0,1,BLOCK,1.0
TXN002948586,2024-01-05 00:00:00.000000,ACC005238,ACC002311,100000.0,1,BLOCK,1.0
TXN002881432,2024-01-05 00:00:00.000000,ACC002697,ACC001176,100000.0,1,BLOCK,1.0
TXN002881502,2024-01-05 00:00:00.000000,ACC003691,ACC005764,45534.51,1,BLOCK,1.0
TXN002832677,2024-01-05 00:00:00.000000,ACC004764,ACC005338,51376.97,1,BLOCK,1.0
TXN002871753,2024-01-05 00:00:39.572515,ACC131719,ACC000762,13286.4,1,BLOCK,0.0
TXN002981312,2024-01-05 00:02:20.827920,ACC084546,ACC005117,14887.37,1,BLOCK,0.0
TXN002966664,2024-01-05 00:05:20.110045,ACC028433,ACC004205,925.36,1,BLOCK,0.0
TXN002937104,2024-01-05 00:05:26.644573,ACC171987,ACC000474,1209.99,1,BLOCK,0.0
TXN002853212,2024-01-05 00:07:42.608033,ACC061137,ACC005381,706.65,1,BLOCK,0.0
TXN002817824,2024-01-05 00:09:16.876176,ACC099238,ACC001062,744.4,1,BLOCK,0.0
TXN002881362,2024-01-05 00:11:41.062093,ACC160150,ACC001034,395.61,1,BLOCK,0.0
TXN002997683,2024-01-05 00:11:43.316600,ACC073441,ACC001617,10908.05,1,BLOCK,0.0
TXN002956542,2024-01-05 00:12:57.307772,ACC173264,ACC003136,12464.52,1,BLOCK,0.0
TXN002914258,2024-01-05 00:13:24.000000,ACC005211,ACC163721,653.6,0,BLOCK,1.0
TXN002981305,2024-01-05 00:15:40.936878,ACC020781,ACC005117,11856.97,1,BLOCK,0.0
TXN002836859,2024-01-05 00:16:20.994865,ACC007980,ACC005395,1766.7,1,BLOCK,0.0
TXN002861666,2024-01-05 00:18:45.245066,ACC168627,ACC002875,975.0,1,BLOCK,0.0
TXN002992277,2024-01-05 00:19:19.608590,ACC046614,ACC000341,588.88,1,BLOCK,0.0
TXN002889144,2024-01-05 00:21:46.475390,ACC005810,ACC023548,35355.34,1,BLOCK,1.0
TXN002905605,2024-01-05 00:22:58.672749,ACC004468,ACC105111,27250.38,0,BLOCK,1.0
TXN002845073,2024-01-05 00:23:20.229706,ACC002758,ACC149337,135939.68,1,BLOCK,1.0
TXN002982985,2024-01-05 00:25:59.320357,ACC124155,ACC001874,382.49,1,BLOCK,0.0
TXN002937102,2024-01-05 00:27:37.651825,ACC068216,ACC000474,1808.38,1,BLOCK,0.0
TXN002935601,2024-01-05 00:28:42.641855,ACC040941,ACC000810,1236.57,1,BLOCK,0.0
TXN002895440,2024-01-05 00:31:43.149547,ACC053091,ACC004277,14207.41,1,BLOCK,0.0
TXN002992572,2024-01-05 00:35:07.341626,ACC044423,ACC003912,12748.46,1,BLOCK,0.0
TXN002861653,2024-01-05 00:37:52.955185,ACC082767,ACC002875,1192.14,1,BLOCK,0.0
TXN002916422,2024-01-05 00:37:54.000000,ACC005460,ACC122853,569.83,0,BLOCK,1.0
TXN002984644,2024-01-05 00:38:40.642353,ACC003879,ACC060831,40353.44,1,BLOCK,1.0
TXN002989421,2024-01-05 00:39:45.422486,ACC001478,ACC070912,42913.43,1,BLOCK,1.0
TXN002983768,2024-01-05 00:41:23.416804,ACC018539,ACC000985,1624.57,1,BLOCK,0.0
TXN002835581,2024-01-05 00:43:32.364319,ACC002822,ACC128988,34443.27,1,BLOCK,1.0
TXN002845074,2024-01-05 00:43:55.309373,ACC002758,ACC149337,73821.17,1,BLOCK,1.0
TXN002897682,2024-01-05 00:44:13.789506,ACC002657,ACC005618,79853.79,1,BLOCK,1.0
TXN002957251,2024-01-05 00:44:35.754327,ACC147775,ACC001755,923.63,1,BLOCK,0.0
TXN002938096,2024-01-05 00:45:52.027340,ACC004207,ACC182498,135673.33,1,BLOCK,1.0
TXN002967111,2024-01-05 00:47:30.253633,ACC001303,ACC046907,45789.24,1,BLOCK,1.0
TXN002825684,2024-01-05 00:48:48.247083,ACC003697,ACC004491,47078.37,1,BLOCK,1.0
TXN002839096,2024-01-05 00:49:13.042823,ACC004829,ACC194717,49599.85,0,BLOCK,1.0
TXN002836864,2024-01-05 00:49:30.703752,ACC163477,ACC005395,1890.04,1,BLOCK,0.0
TXN002928028,2024-01-05 00:52:59.142506,ACC065310,ACC005549,1919.84,1,BLOCK,0.0
TXN002945574,2024-01-05 00:56:07.532743,ACC051263,ACC001699,1700.33,1,BLOCK,0.0
TXN002916855,2024-01-05 00:58:13.200401,ACC174058,ACC001708,10785.58,1,BLOCK,0.0
TXN002965545,2024-01-05 01:01:47.573833,ACC003872,ACC057159,58342.91,0,BLOCK,1.0
TXN001854694,2024-01-05 01:04:45.840123,ACC090751,ACC199773,60171.03,0,STEP_UP,0.0
TXN002817811,2024-01-05 01:04:59.805122,ACC028872,ACC001062,1013.8,1,BLOCK,0.0
TXN002983780,2024-01-05 01:07:25.829229,ACC087561,ACC000985,1511.97,1,BLOCK,0.0
TXN002908981,2024-01-05 01:11:01.089940,ACC005149,ACC169950,19407.47,0,STEP_UP,1.0
TXN002996532,2024-01-05 01:13:56.550223,ACC203080,ACC000754,1470.08,1,BLOCK,0.0
TXN002927099,2024-01-05 01:14:52.517391,ACC105002,ACC002070,829.11,1,BLOCK,0.0
TXN002814436,2024-01-05 01:15:33.865150,ACC012574,ACC003449,1917.9,1,BLOCK,0.0
TXN001297679,2024-01-05 01:18:09.408676,ACC013292,ACC102096,74103.46,0,STEP_UP,0.0
TXN000620831,2024-01-05 01:18:32.786740,ACC019494,ACC027128,42418.28,0,STEP_UP,0.0
TXN002914538,2024-01-05 01:18:41.668459,ACC006138,ACC153549,51622.98,0,BLOCK,1.0
TXN002981294,2024-01-05 01:21:39.773321,ACC020781,ACC005117,13930.71,1,BLOCK,0.0
TXN002679075,2024-01-05 01:22:09.305477,ACC129873,ACC172335,58291.44,0,STEP_UP,0.0
TXN002883463,2024-01-05 01:22:43.040778,ACC003046,ACC063514,40444.11,0,BLOCK,1.0
TXN002961348,2024-01-05 01:24:01.271876,ACC002813,ACC001516,95085.14,1,BLOCK,1.0
TXN002869210,2024-01-05 01:24:42.105612,ACC004446,ACC203607,36946.41,0,BLOCK,1.0
TXN002894629,2024-01-05 01:25:29.606867,ACC153403,ACC005892,1856.42,1,BLOCK,0.0
TXN002878195,2024-01-05 01:25:31.950898,ACC002745,ACC023895,40489.94,1,BLOCK,1.0
TXN002881614,2024-01-05 01:25:49.239275,ACC001745,ACC173740,23577.43,0,BLOCK,1.0
TXN002928039,2024-01-05 01:26:46.443223,ACC061625,ACC005549,442.41,1,BLOCK,0.0
TXN002817825,2024-01-05 01:27:48.298841,ACC043994,ACC001062,1846.49,1,BLOCK,0.0
TXN002955882,2024-01-05 01:31:24.451743,ACC004677,ACC042325,43824.6,1,BLOCK,1.0
TXN002815555,2024-01-05 01:35:46.385323,ACC057674,ACC002526,13632.26,1,BLOCK,0.0
TXN002966660,2024-01-05 01:36:16.386871,ACC177917,ACC004205,888.98,1,BLOCK,0.0
TXN002907174,2024-01-05 01:36:26.538184,ACC111712,ACC002714,1556.78,1,BLOCK,0.0
TXN002981306,2024-01-05 01:38:17.453907,ACC169193,ACC005117,13346.22,1,BLOCK,0.0
TXN002838714,2024-01-05 01:40:45.950103,ACC002316,ACC051260,44452.29,0,BLOCK,1.0
TXN002828022,2024-01-05 01:42:42.894500,ACC067404,ACC002071,14690.07,1,BLOCK,0.0
TXN002992279,2024-01-05 01:43:23.226672,ACC203417,ACC000341,1840.54,1,BLOCK,0.0
TXN002966686,2024-01-05 01:43:47.438897,ACC133925,ACC004205,1720.04,1,BLOCK,0.0
TXN002836850,2024-01-05 01:46:21.578790,ACC064491,ACC005395,783.69,1,BLOCK,0.0
TXN002907155,2024-01-05 01:49:17.529959,ACC117891,ACC002714,1957.46,1,BLOCK,0.0
TXN002981314,2024-01-05 01:50:31.263684,ACC005117,ACC079922,167573.09,1,BLOCK,1.0
TXN002927104,2024-01-05 01:55:10.995717,ACC033810,ACC002070,1503.14,1,BLOCK,0.0
TXN002983006,2024-01-05 01:55:32.501192,ACC101590,ACC001874,1126.88,1,BLOCK,0.0
TXN002911904,2024-01-05 01:59:30.122755,ACC003580,ACC003061,66021.27,1,BLOCK,1.0
TXN002842813,2024-01-05 02:01:13.371432,ACC001961,ACC098799,40632.23,1,BLOCK,1.0
TXN002835582,2024-01-05 02:01:34.385462,ACC002822,ACC074436,34440.77,1,BLOCK,1.0
TXN002704372,2024-01-05 02:07:38.466974,ACC008897,ACC012436,65392.26,0,STEP_UP,0.0
TXN002958010,2024-01-05 02:08:02.883990,ACC189394,ACC003464,12987.38,1,BLOCK,0.0
TXN002971379,2024-01-05 02:09:11.682808,ACC099463,ACC002987,1041.77,1,BLOCK,0.0
TXN002875154,2024-01-05 02:09:41.072802,ACC001709,ACC028824,46134.62,1,BLOCK,1.0
TXN002948038,2024-01-05 02:12:36.000000,ACC001871,ACC020177,160.45,0,BLOCK,1.0
TXN002984189,2024-01-05 02:12:56.811527,ACC005080,ACC038999,67216.37,0,BLOCK,1.0
TXN002856876,2024-01-05 02:13:25.442318,ACC002577,ACC023333,43791.68,1,BLOCK,1.0
TXN002977710,2024-01-05 02:14:35.343552,ACC023193,ACC001041,411.24,1,BLOCK,0.0
TXN002895432,2024-01-05 02:15:05.255527,ACC054822,ACC004277,14956.53,1,BLOCK,0.0
TXN002942475,2024-01-05 02:15:41.644650,ACC003329,ACC043399,31581.25,0,BLOCK,1.0
TXN002961115,2024-01-05 02:19:43.716214,ACC004110,ACC057170,38001.53,1,BLOCK,1.0
TXN002843580,2024-01-05 02:20:48.273819,ACC002311,ACC036525,41502.74,1,BLOCK,1.0
TXN002971359,2024-01-05 02:22:04.658195,ACC153260,ACC002987,743.68,1,BLOCK,0.0
TXN002956548,2024-01-05 02:22:30.125730,ACC003136,ACC125231,61900.72,1,BLOCK,1.0
TXN002828990,2024-01-05 02:22:57.538600,ACC050026,ACC002435,11770.38,1,BLOCK,0.0
TXN000682972,2024-01-05 02:22:59.351791,ACC126204,ACC124897,49598.21,0,STEP_UP,0.0
TXN002956534,2024-01-05 02:24:07.817578,ACC122634,ACC003136,10889.48,1,BLOCK,0.0
TXN002894653,2024-01-05 02:28:56.203434,ACC104699,ACC005892,1511.08,1,BLOCK,0.0
TXN002896102,2024-01-05 02:32:22.592287,ACC002970,ACC005324,77187.2,1,BLOCK,1.0
TXN002954325,2024-01-05 02:32:53.304224,ACC017090,ACC001232,10969.97,1,BLOCK,0.0
TXN002946148,2024-01-05 02:38:43.386201,ACC014467,ACC002266,1689.29,1,BLOCK,0.0
TXN002828210,2024-01-05 02:41:27.428485,ACC112489,ACC005563,1538.16,1,BLOCK,0.0
TXN002942636,2024-01-05 02:41:28.077198,ACC065540,ACC006144,932.35,1,BLOCK,0.0
TXN002856874,2024-01-05 02:41:46.581367,ACC002577,ACC023333,44099.84,1,BLOCK,1.0
TXN002955880,2024-01-05 02:42:08.706754,ACC004677,ACC110288,43763.71,1,BLOCK,1.0
TXN000005040,2024-01-05 02:43:06.247577,ACC027016,ACC142438,52314.32,0,STEP_UP,0.0
TXN002945192,2024-01-05 02:43:39.071435,ACC005885,ACC093333,71938.95,0,BLOCK,1.0
TXN002937118,2024-01-05 02:44:28.639152,ACC072976,ACC000474,889.16,1,BLOCK,0.0
TXN002966677,2024-01-05 02:46:34.048123,ACC016897,ACC004205,592.19,1,BLOCK,0.0
TXN002872481,2024-01-05 02:47:15.376487,ACC002820,ACC002520,100000.0,1,BLOCK,1.0
TXN002982993,2024-01-05 02:47:21.452273,ACC056817,ACC001874,1255.23,1,BLOCK,0.0
TXN002863458,2024-01-05 02:48:57.436285,ACC079784,ACC003806,711.18,1,BLOCK,0.0
TXN002971406,2024-01-05 02:49:04.828469,ACC006867,ACC001643,1204.25,1,BLOCK,0.0
TXN002844540,2024-01-05 02:50:58.215610,ACC001289,ACC095705,21843.16,0,BLOCK,1.0
TXN002856039,2024-01-05 02:51:22.315910,ACC005738,ACC136266,34348.67,0,BLOCK,1.0
TXN002897683,2024-01-05 02:52:24.370545,ACC005618,ACC030790,74324.62,1,BLOCK,1.0
TXN002945193,2024-01-05 02:52:26.688726,ACC005885,ACC081436,44504.01,0,BLOCK,1.0
TXN002960448,2024-01-05 02:53:27.748116,ACC003995,ACC004639,41762.98,1,BLOCK,1.0
TXN002944242,2024-01-05 02:57:04.583455,ACC049773,ACC003932,1771.02,1,BLOCK,0.0
TXN002997674,2024-01-05 02:57:26.591093,ACC006892,ACC001617,11254.63,1,BLOCK,0.0
TXN002957264,2024-01-05 02:57:30.240713,ACC059203,ACC001755,755.28,1,BLOCK,0.0
TXN002991072,2024-01-05 02:58:07.916020,ACC004481,ACC016279,46564.19,1,BLOCK,1.0
TXN002955020,2024-01-05 02:58:12.755746,ACC000743,ACC144490,46201.8,0,BLOCK,1.0
TXN002869212,2024-01-05 03:00:00.920716,ACC004446,ACC156659,47779.37,0,BLOCK,1.0
TXN002937124,2024-01-05 03:00:23.448489,ACC136794,ACC000474,286.41,1,BLOCK,0.0
TXN002878196,2024-01-05 03:00:38.023918,ACC002745,ACC103767,40563.52,1,BLOCK,1.0
TXN002956543,2024-01-05 03:03:13.622643,ACC082562,ACC003136,11921.25,1,BLOCK,0.0
TXN002860594,2024-01-05 03:06:41.410759,ACC004064,ACC193595,47886.08,1,BLOCK,1.0
TXN002955884,2024-01-05 03:07:11.938749,ACC004677,ACC179208,43757.17,1,BLOCK,1.0
TXN002935617,2024-01-05 03:07:30.827492,ACC131186,ACC000810,1054.82,1,BLOCK,0.0
TXN002995279,2024-01-05 03:11:49.747274,ACC005141,ACC048389,62487.15,0,BLOCK,1.0
TXN002843581,2024-01-05 03:13:41.720804,ACC002311,ACC083991,41701.61,1,BLOCK,1.0
TXN002960886,2024-01-05 03:15:52.000000,ACC001088,ACC196221,1520.14,0,BLOCK,1.0
TXN002857036,2024-01-05 03:15:52.102235,ACC000211,ACC077913,44683.16,1,BLOCK,1.0
TXN002945587,2024-01-05 03:16:05.858255,ACC054474,ACC001699,1743.43,1,BLOCK,0.0
TXN002989426,2024-01-05 03:16:37.035689,ACC001478,ACC070912,42896.93,1,BLOCK,1.0
TXN000184497,2024-01-05 03:20:43.562210,ACC124471,ACC164863,43260.16,0,STEP_UP,0.0
TXN002935997,2024-01-05 03:24:05.603188,ACC005143,ACC015996,48121.81,0,BLOCK,1.0
TXN002942473,2024-01-05 03:25:06.115508,ACC003329,ACC087585,38328.73,0,BLOCK,1.0
TXN002907628,2024-01-05 03:26:28.832515,ACC005316,ACC116690,6552.45,0,BLOCK,1.0
TXN001761838,2024-01-05 03:26:50.124100,ACC145450,ACC051987,46857.07,0,STEP_UP,0.0
TXN002944031,2024-01-05 03:27:22.187010,ACC003728,ACC109270,61926.42,1,BLOCK,1.0
TXN002835583,2024-01-05 03:30:07.299207,ACC002822,ACC110412,34050.02,1,BLOCK,1.0
TXN002856040,2024-01-05 03:34:35.161624,ACC005738,ACC138056,71282.64,0,BLOCK,1.0
TXN002856878,2024-01-05 03:36:43.600301,ACC002577,ACC204767,43800.54,1,BLOCK,1.0
TXN002981301,2024-01-05 03:37:45.064856,ACC161857,ACC005117,12550.48,1,BLOCK,0.0
TXN002219820,2024-01-05 03:37:55.566867,ACC055830,ACC139848,49813.61,0,STEP_UP,0.0
TXN002828211,2024-01-05 03:40:42.953600,ACC149871,ACC005563,1934.41,1,BLOCK,0.0
TXN002856082,2024-01-05 03:41:16.743686,ACC003269,ACC003068,100000.0,1,BLOCK,1.0
TXN002959096,2024-01-05 03:42:26.222157,ACC126175,ACC001391,266.51,1,BLOCK,0.0
TXN002961280,2024-01-05 03:42:39.678805,ACC000492,ACC120514,40106.08,0,BLOCK,1.0
TXN002965907,2024-01-05 03:42:56.000000,ACC004522,ACC006676,1998.02,0,BLOCK,1.0
TXN002842815,2024-01-05 03:45:41.697966,ACC001961,ACC095351,40635.58,1,BLOCK,1.0
TXN002942638,2024-01-05 03:46:18.845822,ACC160867,ACC006144,1999.46,1,BLOCK,0.0
TXN002858821,2024-01-05 03:48:30.307565,ACC003641,ACC076809,37662.02,0,BLOCK,1.0
TXN002983761,2024-01-05 03:50:07.108473,ACC041821,ACC000985,275.41,1,BLOCK,0.0
TXN002907164,2024-01-05 03:50:51.131653,ACC193966,ACC002714,472.33,1,BLOCK,0.0
TXN002878197,2024-01-05 03:52:35.549653,ACC002745,ACC115045,40625.51,1,BLOCK,1.0
TXN002939192,2024-01-05 03:53:18.895579,ACC056502,ACC000587,10015.89,1,BLOCK,0.0
TXN002954331,2024-01-05 03:56:20.990108,ACC165531,ACC001232,10808.74,1,BLOCK,0.0
TXN002943675,2024-01-05 04:00:00.000000,ACC000397,ACC151437,23682.57,1,BLOCK,1.0
TXN002840106,2024-01-05 04:00:00.000000,ACC006109,ACC136896,23582.56,1,BLOCK,1.0
TXN002893335,2024-01-05 04:00:00.000000,ACC000222,ACC015575,24439.54,1,BLOCK,1.0
TXN002996269,2024-01-05 04:00:00.000000,ACC003652,ACC181313,35410.27,1,BLOCK,1.0
TXN002939301,2024-01-05 04:00:00.000000,ACC002000,ACC075699,36264.96,1,BLOCK,1.0
TXN002988111,2024-01-05 04:00:00.000000,ACC003554,ACC191498,30955.17,1,BLOCK,1.0
TXN002858306,2024-01-05 04:00:00.000000,ACC000089,ACC149127,21790.37,1,BLOCK,1.0
TXN002875672,2024-01-05 04:00:00.000000,ACC001104,ACC131629,22328.14,1,BLOCK,1.0
TXN002944134,2024-01-05 04:00:00.000000,ACC002686,ACC009926,38189.23,1,BLOCK,1.0
TXN002944651,2024-01-05 04:00:00.000000,ACC000537,ACC181434,22362.83,1,BLOCK,1.0
TXN002996080,2024-01-05 04:00:00.000000,ACC004583,ACC128812,17467.74,1,BLOCK,1.0
TXN002854039,2024-01-05 04:00:00.000000,ACC002077,ACC178515,27145.89,1,BLOCK,1.0
TXN002916629,2024-01-05 04:00:00.000000,ACC001181,ACC018626,34624.42,1,BLOCK,1.0
TXN002870240,2024-01-05 04:00:00.000000,ACC003029,ACC052363,18641.39,1,BLOCK,1.0
TXN002871057,2024-01-05 04:01:08.500260,ACC003692,ACC201320,25473.69,0,BLOCK,1.0
TXN002863455,2024-01-05 04:01:34.550906,ACC198196,ACC003806,1616.43,1,BLOCK,0.0
TXN002997664,2024-01-05 04:02:54.763682,ACC055691,ACC001617,10240.69,1,BLOCK,0.0
TXN002937128,2024-01-05 04:03:52.579408,ACC142327,ACC000474,1102.87,1,BLOCK,0.0
TXN002878199,2024-01-05 04:05:24.536445,ACC002745,ACC131540,40705.79,1,BLOCK,1.0
TXN002896103,2024-01-05 04:07:31.663224,ACC005324,ACC121828,73961.52,1,BLOCK,1.0
TXN002853072,2024-01-05 04:10:24.334130,ACC000610,ACC044740,47957.12,0,BLOCK,1.0
TXN002839095,2024-01-05 04:11:26.593471,ACC004829,ACC083546,38312.46,0,BLOCK,1.0
TXN001633432,2024-01-05 04:12:19.407366,ACC092170,ACC187178,48781.45,0,STEP_UP,0.0
TXN002946145,2024-01-05 04:12:31.847277,ACC199439,ACC002266,1443.07,1,BLOCK,0.0
TXN002831419,2024-01-05 04:12:40.948751,ACC001939,ACC197100,98798.84,1,BLOCK,1.0
TXN002976973,2024-01-05 04:16:42.880130,ACC004407,ACC163179,13777.44,0,BLOCK,1.0
TXN002971376,2024-01-05 04:17:02.119083,ACC187085,ACC002987,1825.49,1,BLOCK,0.0
TXN002827185,2024-01-05 04:19:58.504252,ACC004852,ACC091886,15271.87,0,BLOCK,1.0
TXN002881433,2024-01-05 04:22:44.898355,ACC001176,ACC004079,118580.79,1,BLOCK,1.0
TXN002865699,2024-01-05 04:24:31.544368,ACC137241,ACC004011,11891.83,1,BLOCK,0.0
TXN002914542,2024-01-05 04:28:24.617059,ACC006138,ACC065251,20085.94,0,BLOCK,1.0
TXN002989428,2024-01-05 04:28:34.681069,ACC001478,ACC143535,42717.72,1,BLOCK,1.0
TXN002975487,2024-01-05 04:28:57.629240,ACC189377,ACC003842,11850.49,1,BLOCK,0.0
TXN002759385,2024-01-05 04:29:51.472561,ACC059360,ACC033461,50284.82,0,STEP_UP,0.0
TXN002967113,2024-01-05 04:29:56.728152,ACC001303,ACC162771,45959.39,1,BLOCK,1.0
TXN002828992,2024-01-05 04:31:42.124210,ACC100206,ACC002435,10852.28,1,BLOCK,0.0
TXN002865034,2024-01-05 04:33:32.031147,ACC001097,ACC125517,42358.27,0,BLOCK,1.0
TXN002833383,2024-01-05 04:35:28.765470,ACC039287,ACC004968,718.95,1,BLOCK,0.0
TXN002813914,2024-01-05 04:38:59.611042,ACC004864,ACC001369,83071.92,1,BLOCK,1.0
TXN002967112,2024-01-05 04:40:41.730273,ACC001303,ACC111609,45784.68,1,BLOCK,1.0
TXN002887654,2024-01-05 04:41:11.725737,ACC004393,ACC061447,16750.89,1,BLOCK,1.0
TXN002945570,2024-01-05 04:42:47.144850,ACC132544,ACC001699,1196.12,1,BLOCK,0.0
TXN002952463,2024-01-05 04:44:22.000000,ACC002062,ACC143818,116.09,0,BLOCK,1.0
TXN002984930,2024-01-05 04:45:10.000000,ACC002694,ACC057845,717.77,0,BLOCK,1.0
TXN002926857,2024-01-05 04:45:41.300032,ACC001299,ACC004342,100000.0,1,BLOCK,1.0
TXN002992294,2024-01-05 04:45:55.925222,ACC013403,ACC000341,951.68,1,BLOCK,0.0
TXN002944175,2024-01-05 04:47:26.136289,ACC001544,ACC081018,13934.24,1,STEP_UP,1.0
TXN002855082,2024-01-05 04:50:55.296294,ACC004428,ACC077700,44729.76,1,BLOCK,1.0
TXN002961117,2024-01-05 04:51:42.747575,ACC004110,ACC108823,38225.06,1,BLOCK,1.0
TXN002863449,2024-01-05 04:54:09.831556,ACC198196,ACC003806,1781.7,1,BLOCK,0.0
TXN002966653,2024-01-05 04:56:32.394486,ACC110748,ACC004205,1403.69,1,BLOCK,0.0
TXN000165731,2024-01-05 04:57:07.650808,ACC128240,ACC177705,81893.6,0,STEP_UP,0.0
TXN002948587,2024-01-05 04:58:12.251234,ACC002311,ACC001338,100000.0,1,BLOCK,1.0
TXN002848745,2024-01-05 05:01:13.480917,ACC005647,ACC136626,37264.94,0,BLOCK,1.0
TXN002991073,2024-01-05 05:01:45.483010,ACC004481,ACC079441,46461.12,1,BLOCK,1.0
TXN002976974,2024-01-05 05:03:53.467869,ACC004407,ACC113743,20062.83,0,BLOCK,1.0
TXN001087416,2024-01-05 05:08:13.411166,ACC120824,ACC015001,61261.7,0,STEP_UP,0.0
TXN002971372,2024-01-05 05:08:35.896073,ACC088675,ACC002987,1615.49,1,BLOCK,0.0
TXN002878200,2024-01-05 05:08:39.020253,ACC002745,ACC123607,40637.39,1,BLOCK,1.0
TXN002895661,2024-01-05 05:10:16.372581,ACC007692,ACC003723,13681.5,1,BLOCK,0.0
TXN002917794,2024-01-05 05:10:28.214824,ACC117513,ACC004506,1976.96,1,BLOCK,0.0
TXN002997658,2024-01-05 05:11:21.475936,ACC165379,ACC001617,14216.1,1,BLOCK,0.0
TXN002995834,2024-01-05 05:12:00.037105,ACC120613,ACC004542,10551.81,1,BLOCK,0.0
TXN002938085,2024-01-05 05:14:12.492471,ACC017378,ACC004207,13829.75,1,BLOCK,0.0
TXN002828204,2024-01-05 05:14:34.391558,ACC145871,ACC005563,313.08,1,BLOCK,0.0
TXN002857037,2024-01-05 05:16:10.776434,ACC000211,ACC050110,44467.98,1,BLOCK,1.0
TXN002977724,2024-01-05 05:16:54.877975,ACC162536,ACC001041,1089.43,1,BLOCK,0.0
TXN002933107,2024-01-05 05:19:26.225662,ACC092561,ACC001462,10159.31,1,BLOCK,0.0
TXN002969873,2024-01-05 05:20:36.903185,ACC001615,ACC004925,74921.13,1,BLOCK,1.0
TXN002895439,2024-01-05 05:20:52.388957,ACC185225,ACC004277,11088.51,1,BLOCK,0.0
TXN002888719,2024-01-05 05:21:00.649722,ACC092159,ACC005928,11671.82,1,BLOCK,0.0
TXN002894292,2024-01-05 05:21:26.000000,ACC001188,ACC115229,3437.76,0,BLOCK,1.0
TXN002857016,2024-01-05 05:22:48.167135,ACC001091,ACC001180,97508.59,1,BLOCK,1.0
TXN002856883,2024-01-05 05:23:23.579726,ACC002577,ACC184945,43927.28,1,BLOCK,1.0
TXN002872072,2024-01-05 05:24:11.054070,ACC175673,ACC003204,403.23,1,BLOCK,0.0
TXN002838814,2024-01-05 05:27:04.819037,ACC002369,ACC001523,27936.26,1,BLOCK,1.0
TXN002961116,2024-01-05 05:27:06.086399,ACC004110,ACC114840,37864.77,1,BLOCK,1.0
TXN002834655,2024-01-05 05:29:00.564938,ACC155422,ACC002483,1277.23,1,BLOCK,0.0
TXN002939994,2024-01-05 05:29:57.927299,ACC005681,ACC016568,15926.49,1,STEP_UP,1.0
TXN002971385,2024-01-05 05:33:22.441482,ACC096317,ACC002987,1107.19,1,BLOCK,0.0
TXN002872482,2024-01-05 05:34:30.752974,ACC002520,ACC004479,115366.4,1,BLOCK,1.0
TXN002856531,2024-01-05 05:35:16.338330,ACC154752,ACC005360,1275.55,1,BLOCK,0.0
TXN002971405,2024-01-05 05:37:46.237844,ACC194057,ACC001643,1698.82,1,BLOCK,0.0
TXN002965359,2024-01-05 05:39:28.000000,ACC005729,ACC062907,111.58,0,BLOCK,1.0
TXN002928048,2024-01-05 05:40:21.479799,ACC125583,ACC005549,1843.21,1,BLOCK,0.0
TXN002836838,2024-01-05 05:42:21.369144,ACC064491,ACC005395,446.96,1,BLOCK,0.0
TXN002896096,2024-01-05 05:42:58.677480,ACC002970,ACC005324,49663.34,1,BLOCK,1.0
TXN002865697,2024-01-05 05:42:59.553596,ACC069291,ACC004011,14474.05,1,BLOCK,0.0
TXN002816727,2024-01-05 05:43:29.122892,ACC000260,ACC005394,64324.28,1,BLOCK,1.0
TXN002935537,2024-01-05 05:43:34.722802,ACC049723,ACC002624,14543.31,1,BLOCK,0.0
TXN002895430,2024-01-05 05:45:31.543901,ACC137434,ACC004277,12757.66,1,BLOCK,0.0
TXN002960449,2024-01-05 05:46:55.496232,ACC004639,ACC003684,40510.09,1,BLOCK,1.0
TXN002967124,2024-01-05 05:47:29.000000,ACC000799,ACC172481,987.41,0,BLOCK,1.0
TXN002840444,2024-01-05 05:47:59.188542,ACC003970,ACC002706,100000.0,1,BLOCK,1.0
TXN002905303,2024-01-05 05:49:19.050134,ACC003889,ACC041455,18345.09,1,STEP_UP,1.0
TXN002997684,2024-01-05 05:49:36.372473,ACC013142,ACC001617,11853.35,1,BLOCK,0.0
TXN002825286,2024-01-05 05:50:23.262281,ACC052370,ACC005857,1764.92,1,BLOCK,0.0
TXN002842814,2024-01-05 05:50:42.515472,ACC001961,ACC159718,40748.32,1,BLOCK,1.0
TXN002881375,2024-01-05 05:52:49.069669,ACC071142,ACC001034,1708.06,1,BLOCK,0.0
TXN002881378,2024-01-05 05:55:07.697061,ACC044897,ACC001034,1231.12,1,BLOCK,0.0
TXN002927091,2024-01-05 05:56:43.691651,ACC056509,ACC002070,1045.53,1,BLOCK,0.0
TXN002853530,2024-01-05 05:58:10.050271,ACC003644,ACC196021,72135.85,0,BLOCK,1.0
TXN002927092,2024-01-05 05:59:37.274702,ACC087508,ACC002070,433.04,1,BLOCK,0.0
TXN002956535,2024-01-05 06:00:17.905788,ACC047347,ACC003136,13595.35,1,BLOCK,0.0
TXN002875165,2024-01-05 06:05:42.005852,ACC001709,ACC106172,46134.12,1,BLOCK,1.0
TXN002955885,2024-01-05 06:07:27.573971,ACC004677,ACC116400,43553.46,1,BLOCK,1.0
TXN002907149,2024-01-05 06:08:02.978179,ACC191484,ACC002714,704.91,1,BLOCK,0.0
TXN002836612,2024-01-05 06:11:49.000000,ACC001632,ACC041808,320.57,0,BLOCK,1.0
TXN002992568,2024-01-05 06:13:25.089210,ACC054033,ACC003912,14388.85,1,BLOCK,0.0
TXN002817817,2024-01-05 06:16:13.268289,ACC069361,ACC001062,540.03,1,BLOCK,0.0
TXN002858718,2024-01-05 06:18:22.859684,ACC058409,ACC005325,1853.05,1,BLOCK,0.0
TXN002865428,2024-01-05 06:22:15.541762,ACC024101,ACC005451,503.99,1,BLOCK,0.0
TXN002864023,2024-01-05 06:24:02.745311,ACC002507,ACC012299,44084.05,1,BLOCK,1.0
TXN002838816,2024-01-05 06:25:02.995022,ACC002369,ACC001523,18765.71,1,BLOCK,1.0
TXN002963017,2024-01-05 06:25:32.227674,ACC000670,ACC130631,20078.07,0,BLOCK,1.0
TXN002966679,2024-01-05 06:26:10.371659,ACC120495,ACC004205,1017.95,1,BLOCK,0.0
TXN002937135,2024-01-05 06:26:48.327391,ACC144631,ACC000474,804.14,1,BLOCK,0.0
TXN002875155,2024-01-05 06:30:24.681077,ACC001709,ACC085112,46443.81,1,BLOCK,1.0
TXN002977770,2024-01-05 06:30:47.611267,ACC004278,ACC007669,42169.28,1,BLOCK,1.0
TXN002938088,2024-01-05 06:31:09.565124,ACC179378,ACC004207,11568.27,1,BLOCK,0.0
TXN002989422,2024-01-05 06:32:35.484295,ACC001478,ACC084277,42681.05,1,BLOCK,1.0
TXN002939184,2024-01-05 06:35:08.758593,ACC026604,ACC000587,14842.26,1,BLOCK,0.0
TXN002894639,2024-01-05 06:35:16.422678,ACC168791,ACC005892,426.63,1,BLOCK,0.0
TXN002909841,2024-01-05 06:36:39.910648,ACC000711,ACC169426,37880.28,0,BLOCK,1.0
TXN002825306,2024-01-05 06:43:25.212156,ACC008861,ACC005857,960.1,1,BLOCK,0.0
TXN002982598,2024-01-05 06:44:03.369600,ACC002678,ACC163558,30408.16,0,BLOCK,1.0
TXN002828207,2024-01-05 06:48:09.380111,ACC134913,ACC005563,1062.7,1,BLOCK,0.0
TXN002828225,2024-01-05 06:49:52.755837,ACC080313,ACC005563,703.04,1,BLOCK,0.0
TXN002954329,2024-01-05 06:54:59.057670,ACC144255,ACC001232,10645.93,1,BLOCK,0.0
TXN002935609,2024-01-05 06:55:46.296352,ACC098678,ACC000810,1427.6,1,BLOCK,0.0
TXN002908982,2024-01-05 06:56:18.597180,ACC005149,ACC100564,25617.43,0,BLOCK,1.0
TXN002860155,2024-01-05 06:56:34.938580,ACC004946,ACC172682,24040.57,1,BLOCK,1.0
TXN002855072,2024-01-05 06:58:43.872064,ACC004428,ACC134442,16245.86,0,STEP_UP,1.0
TXN002918311,2024-01-05 06:59:08.021587,ACC002755,ACC065919,63110.57,0,BLOCK,1.0
TXN002992299,2024-01-05 07:00:57.225240,ACC197676,ACC000341,1973.41,1,BLOCK,0.0
TXN002942630,2024-01-05 07:01:00.219524,ACC149203,ACC006144,1112.03,1,BLOCK,0.0
TXN002982986,2024-01-05 07:01:06.312575,ACC101590,ACC001874,718.66,1,BLOCK,0.0
TXN002872917,2024-01-05 07:03:53.000000,ACC003526,ACC085138,2449.48,0,BLOCK,1.0
TXN002579312,2024-01-05 07:07:01.762461,ACC129540,ACC177095,59131.66,0,STEP_UP,0.0
TXN002996531,2024-01-05 07:07:31.460939,ACC045675,ACC000754,1632.04,1,BLOCK,0.0
TXN002929167,2024-01-05 07:09:18.000000,ACC000994,ACC015479,833.29,0,BLOCK,1.0
TXN002989427,2024-01-05 07:11:29.525297,ACC001478,ACC166421,42787.33,1,BLOCK,1.0
TXN002986682,2024-01-05 07:11:45.000000,ACC001782,ACC203216,101.05,0,BLOCK,1.0
TXN002833425,2024-01-05 07:13:55.000000,ACC004539,ACC192546,1148.16,0,BLOCK,1.0
TXN002955881,2024-01-05 07:14:56.831392,ACC004677,ACC088938,43608.09,1,BLOCK,1.0
TXN002984645,2024-01-05 07:17:55.694680,ACC003879,ACC156544,40310.38,1,BLOCK,1.0
TXN002856875,2024-01-05 07:21:49.846663,ACC002577,ACC023333,43938.45,1,BLOCK,1.0
TXN002856083,2024-01-05 07:22:33.487373,ACC003068,ACC004895,100000.0,1,BLOCK,1.0
TXN002912270,2024-01-05 07:22:59.000000,ACC000427,ACC083171,701.74,0,BLOCK,1.0
TXN002813915,2024-01-05 07:23:55.365297,ACC001369,ACC066610,80160.99,1,BLOCK,1.0
TXN002992887,2024-01-05 07:24:22.000000,ACC002737,ACC093219,123.69,0,BLOCK,1.0
TXN002944944,2024-01-05 07:26:25.000000,ACC006134,ACC129897,2772.9,0,BLOCK,1.0
TXN002957274,2024-01-05 07:26:43.202066,ACC118180,ACC001755,224.35,1,BLOCK,0.0
TXN002990456,2024-01-05 07:26:55.000000,ACC002867,ACC036873,276.58,0,BLOCK,1.0
TXN002881615,2024-01-05 07:28:12.387346,ACC001745,ACC146108,43666.12,0,BLOCK,1.0
TXN002959075,2024-01-05 07:28:59.809975,ACC153301,ACC001391,1187.55,1,BLOCK,0.0
TXN002936274,2024-01-05 07:29:12.000000,ACC000714,ACC134173,286.38,0,BLOCK,1.0
TXN002915688,2024-01-05 07:29:58.000000,ACC001771,ACC052884,1538.87,0,BLOCK,1.0
TXN002946390,2024-01-05 07:30:16.000000,ACC005050,ACC064022,10868.57,0,BLOCK,1.0
TXN002956536,2024-01-05 07:30:31.847942,ACC094702,ACC003136,10479.44,1,BLOCK,0.0
TXN002857042,2024-01-05 07:32:50.591783,ACC000211,ACC106515,44834.58,1,BLOCK,1.0
TXN002872085,2024-01-05 07:34:47.552981,ACC180097,ACC003204,1238.88,1,BLOCK,0.0
TXN002894638,2024-01-05 07:35:42.162738,ACC153403,ACC005892,883.7,1,BLOCK,0.0
TXN002912395,2024-01-05 07:37:12.875322,ACC148239,ACC002883,10717.73,1,BLOCK,0.0
TXN002971414,2024-01-05 07:37:34.581609,ACC045419,ACC001643,1699.4,1,BLOCK,0.0
TXN002910583,2024-01-05 07:37:57.341523,ACC040053,ACC004514,14148.53,1,BLOCK,0.0
TXN002997851,2024-01-05 07:40:03.000000,ACC005203,ACC156887,195.06,0,BLOCK,1.0
TXN002954638,2024-01-05 07:40:03.000000,ACC004067,ACC108229,841.05,0,BLOCK,1.0
TXN002905607,2024-01-05 07:43:39.199081,ACC004468,ACC201476,36300.55,0,BLOCK,1.0
TXN002911745,2024-01-05 07:45:27.000000,ACC005956,ACC183274,178.53,0,BLOCK,1.0
TXN002957258,2024-01-05 07:45:54.478763,ACC052914,ACC001755,776.94,1,BLOCK,0.0
TXN002958520,2024-01-05 07:47:34.000000,ACC003635,ACC128155,394.64,0,BLOCK,1.0
TXN002836540,2024-01-05 07:48:46.000000,ACC000418,ACC168273,331.86,0,BLOCK,1.0
TXN002704371,2024-01-05 07:49:20.347004,ACC008897,ACC032492,75315.92,0,STEP_UP,0.0
TXN002833377,2024-01-05 07:54:54.334724,ACC087952,ACC004968,1837.74,1,BLOCK,0.0
TXN002903181,2024-01-05 07:55:43.000000,ACC001676,ACC029252,161.62,0,BLOCK,1.0
TXN002952939,2024-01-05 07:55:53.000000,ACC001101,ACC093166,512.95,0,BLOCK,1.0
TXN002981307,2024-01-05 07:55:59.172653,ACC143952,ACC005117,13522.5,1,BLOCK,0.0
TXN002972916,2024-01-05 07:57:01.000000,ACC002799,ACC186287,1319.73,0,BLOCK,1.0
TXN002971412,2024-01-05 07:57:25.640824,ACC058101,ACC001643,952.39,1,BLOCK,0.0
TXN002857046,2024-01-05 07:58:38.821401,ACC000211,ACC074800,44733.76,1,BLOCK,1.0
TXN002977729,2024-01-05 07:58:48.568148,ACC112034,ACC001041,1486.63,1,BLOCK,0.0
TXN002956588,2024-01-05 07:59:05.000000,ACC003321,ACC086956,1228.14,0,BLOCK,1.0
TXN002856729,2024-01-05 07:59:45.000000,ACC002244,ACC050445,775.75,0,BLOCK,1.0
TXN001826776,2024-01-05 08:00:00.000000,ACC128911,ACC094791,91677.71,0,STEP_UP,0.0
TXN002982388,2024-01-05 08:00:00.000000,ACC074895,ACC000489,20676.46,0,BLOCK,0.0
TXN002827921,2024-01-05 08:00:00.000000,ACC004703,ACC154999,107633.06,1,BLOCK,1.0
TXN002829108,2024-01-05 08:00:00.000000,ACC082868,ACC001229,97545.84,0,BLOCK,0.0
TXN002925391,2024-01-05 08:00:00.000000,ACC004038,ACC041894,171305.07,1,BLOCK,1.0
TXN002945356,2024-01-05 08:00:00.000000,ACC068917,ACC004404,111181.6,0,BLOCK,0.0
TXN002831695,2024-01-05 08:00:00.000000,ACC002246,ACC061197,138252.26,1,BLOCK,1.0
TXN002834599,2024-01-05 08:00:00.000000,ACC199631,ACC000165,118076.79,0,BLOCK,0.0
TXN002913297,2024-01-05 08:00:00.000000,ACC003765,ACC100607,167945.39,1,BLOCK,1.0
TXN002908251,2024-01-05 08:00:00.000000,ACC174217,ACC005589,80953.73,0,BLOCK,0.0
TXN002843633,2024-01-05 08:00:00.000000,ACC003919,ACC103594,114397.43,1,BLOCK,1.0
TXN002905562,2024-01-05 08:00:00.000000,ACC005039,ACC026620,160894.31,1,BLOCK,1.0
TXN002905589,2024-01-05 08:00:00.000000,ACC001693,ACC155538,162769.23,1,BLOCK,1.0
TXN002951557,2024-01-05 08:00:00.000000,ACC001406,ACC028526,156381.99,1,BLOCK,1.0
TXN002095861,2024-01-05 08:00:00.000000,ACC078091,ACC077166,45463.81,0,STEP_UP,0.0
TXN001530393,2024-01-05 08:00:00.000000,ACC007682,ACC092097,148193.72,0,STEP_UP,0.0
TXN002950672,2024-01-05 08:00:00.000000,ACC189512,ACC004744,143890.58,0,BLOCK,0.0
TXN002981272,2024-01-05 08:00:00.000000,ACC005970,ACC068737,231242.13,1,BLOCK,1.0
TXN002877558,2024-01-05 08:00:00.000000,ACC003933,ACC107895,192473.27,1,BLOCK,1.0
TXN002967812,2024-01-05 08:00:00.000000,ACC179177,ACC001214,27466.43,0,BLOCK,0.0
TXN002997220,2024-01-05 08:00:00.000000,ACC155082,ACC000688,55744.98,0,BLOCK,0.0
TXN002969858,2024-01-05 08:00:00.000000,ACC001280,ACC016373,204334.0,1,BLOCK,1.0
TXN002909840,2024-01-05 08:00:22.110867,ACC000711,ACC117591,17224.12,0,BLOCK,1.0
TXN002891659,2024-01-05 08:01:13.000000,ACC003612,ACC116119,102.13,0,BLOCK,1.0
TXN002922063,2024-01-05 08:01:47.000000,ACC001071,ACC082338,902.39,0,BLOCK,1.0
TXN002858635,2024-01-05 08:03:20.000000,ACC001639,ACC123984,1001.52,0,BLOCK,1.0
TXN002897052,2024-01-05 08:03:50.000000,ACC002738,ACC056707,1185.05,0,BLOCK,1.0
TXN002836840,2024-01-05 08:03:55.914010,ACC180769,ACC005395,785.59,1,BLOCK,0.0
TXN002991074,2024-01-05 08:04:12.367194,ACC004481,ACC152381,46782.72,1,BLOCK,1.0
TXN002957353,2024-01-05 08:06:07.000000,ACC004115,ACC032339,6792.77,0,BLOCK,1.0
TXN002857038,2024-01-05 08:06:08.666149,ACC000211,ACC195724,44476.92,1,BLOCK,1.0
TXN002967249,2024-01-05 08:10:22.345248,ACC087914,ACC002203,1102.61,1,BLOCK,0.0
TXN002834635,2024-01-05 08:12:02.061854,ACC195539,ACC002483,492.8,1,BLOCK,0.0
TXN002914149,2024-01-05 08:18:41.000000,ACC003349,ACC052279,255.53,0,BLOCK,1.0
TXN002872483,2024-01-05 08:21:46.129460,ACC004479,ACC000681,100000.0,1,BLOCK,1.0
TXN002814763,2024-01-05 08:22:39.000000,ACC001792,ACC077267,592.0,0,BLOCK,1.0
TXN002054201,2024-01-05 08:23:00.261643,ACC088952,ACC065764,75654.61,0,STEP_UP,0.0
TXN002822987,2024-01-05 08:24:15.193106,ACC001266,ACC001817,100000.0,1,BLOCK,1.0
TXN002823989,2024-01-05 08:24:54.000000,ACC000876,ACC024948,1748.58,0,BLOCK,1.0
TXN002946146,2024-01-05 08:25:50.394948,ACC066724,ACC002266,1862.22,1,BLOCK,0.0
TXN002912410,2024-01-05 08:26:03.202592,ACC190361,ACC002883,12216.87,1,BLOCK,0.0
TXN002858819,2024-01-05 08:26:20.898757,ACC003641,ACC156378,27215.65,0,BLOCK,1.0
TXN002966671,2024-01-05 08:26:58.973141,ACC134438,ACC004205,457.3,1,BLOCK,0.0
TXN002935606,2024-01-05 08:27:11.631543,ACC131186,ACC000810,441.24,1,BLOCK,0.0
TXN002919796,2024-01-05 08:30:30.000000,ACC002820,ACC186431,2513.63,0,BLOCK,1.0
TXN002938087,2024-01-05 08:32:44.866616,ACC150887,ACC004207,11631.01,1,BLOCK,0.0
TXN002946125,2024-01-05 08:33:41.601230,ACC174667,ACC002266,1566.96,1,BLOCK,0.0
TXN002984116,2024-01-05 08:35:08.115391,ACC196828,ACC004717,12896.92,1,BLOCK,0.0
TXN002858080,2024-01-05 08:36:04.009894,ACC002504,ACC000865,95733.08,1,BLOCK,1.0
TXN002814430,2024-01-05 08:37:43.801920,ACC080337,ACC003449,1132.23,1,BLOCK,0.0
TXN002915555,2024-01-05 08:39:00.000000,ACC032066,ACC004996,11018.33,0,BLOCK,0.0
TXN002836073,2024-01-05 08:40:09.000000,ACC003359,ACC107468,345.5,0,BLOCK,1.0
TXN002960450,2024-01-05 08:40:23.244349,ACC003684,ACC004524,39294.79,1,BLOCK,1.0
TXN002818285,2024-01-05 08:41:50.000000,ACC002412,ACC050435,110.99,0,BLOCK,1.0
TXN002833910,2024-01-05 08:42:02.822263,ACC002468,ACC002881,47918.41,1,BLOCK,1.0
TXN002922341,2024-01-05 08:44:18.000000,ACC001557,ACC051498,1214.49,0,BLOCK,1.0
TXN002946149,2024-01-05 08:45:09.905408,ACC163941,ACC002266,999.49,1,BLOCK,0.0
TXN002881434,2024-01-05 08:45:29.796710,ACC004079,ACC005917,100000.0,1,BLOCK,1.0
TXN002977734,2024-01-05 08:45:30.094586,ACC187220,ACC001041,1636.56,1,BLOCK,0.0
TXN001392026,2024-01-05 08:46:35.000000,ACC121608,ACC115533,54032.95,0,STEP_UP,0.0
